
*** Running vivado
    with args -log bse_smartconnect_0_0.vds -m64 -product Vivado -mode batch -messageDb vivado.pb -notrace -source bse_smartconnect_0_0.tcl


****** Vivado v2018.3 (64-bit)
  **** SW Build 2405991 on Thu Dec  6 23:38:27 MST 2018
  **** IP Build 2404404 on Fri Dec  7 01:43:56 MST 2018
    ** Copyright 1986-2018 Xilinx, Inc. All Rights Reserved.

source bse_smartconnect_0_0.tcl -notrace
INFO: [IP_Flow 19-234] Refreshing IP repositories
INFO: [IP_Flow 19-1700] Loaded user IP repository 'c:/Users/mcrye/AppData/Roaming/Xilinx/Vivado/byte_statistics_engine/solution1/impl/ip'.
INFO: [IP_Flow 19-2313] Loaded Vivado IP repository 'C:/Xilinx/Vivado/2018.3/data/ip'.
Command: synth_design -top bse_smartconnect_0_0 -part xczu7ev-ffvc1156-2-e -mode out_of_context
Starting synth_design
Attempting to get a license for feature 'Synthesis' and/or device 'xczu7ev'
INFO: [Common 17-349] Got license for feature 'Synthesis' and/or device 'xczu7ev'
INFO: Launching helper process for spawning children vivado processes
INFO: Helper process launched with PID 21100 
---------------------------------------------------------------------------------
Starting RTL Elaboration : Time (s): cpu = 00:00:05 ; elapsed = 00:00:06 . Memory (MB): peak = 406.977 ; gain = 114.559
---------------------------------------------------------------------------------
INFO: [Synth 8-6157] synthesizing module 'bse_smartconnect_0_0' [c:/Users/mcrye/Downloads/bladei_bse_zcu104/bladei_bse_zcu104.srcs/sources_1/bd/bse/ip/bse_smartconnect_0_0/synth/bse_smartconnect_0_0.v:57]
INFO: [Synth 8-6157] synthesizing module 'bd_c34f' [c:/Users/mcrye/Downloads/bladei_bse_zcu104/bladei_bse_zcu104.srcs/sources_1/bd/bse/ip/bse_smartconnect_0_0/bd_0/synth/bd_c34f.v:10]
INFO: [Synth 8-6157] synthesizing module 'clk_map_imp_GMXRYC' [c:/Users/mcrye/Downloads/bladei_bse_zcu104/bladei_bse_zcu104.srcs/sources_1/bd/bse/ip/bse_smartconnect_0_0/bd_0/synth/bd_c34f.v:949]
INFO: [Synth 8-6157] synthesizing module 'bd_c34f_one_0' [c:/Users/mcrye/Downloads/bladei_bse_zcu104/bladei_bse_zcu104.srcs/sources_1/bd/bse/ip/bse_smartconnect_0_0/bd_0/ip/ip_0/synth/bd_c34f_one_0.v:57]
INFO: [Synth 8-6157] synthesizing module 'xlconstant_v1_1_5_xlconstant' [c:/Users/mcrye/Downloads/bladei_bse_zcu104/bladei_bse_zcu104.srcs/sources_1/bd/bse/ipshared/4649/hdl/xlconstant_v1_1_vl_rfs.v:23]
	Parameter CONST_VAL bound to: 1 - type: integer 
	Parameter CONST_WIDTH bound to: 1 - type: integer 
INFO: [Synth 8-6155] done synthesizing module 'xlconstant_v1_1_5_xlconstant' (1#1) [c:/Users/mcrye/Downloads/bladei_bse_zcu104/bladei_bse_zcu104.srcs/sources_1/bd/bse/ipshared/4649/hdl/xlconstant_v1_1_vl_rfs.v:23]
INFO: [Synth 8-6155] done synthesizing module 'bd_c34f_one_0' (2#1) [c:/Users/mcrye/Downloads/bladei_bse_zcu104/bladei_bse_zcu104.srcs/sources_1/bd/bse/ip/bse_smartconnect_0_0/bd_0/ip/ip_0/synth/bd_c34f_one_0.v:57]
INFO: [Synth 8-638] synthesizing module 'bd_c34f_psr_aclk_0' [c:/Users/mcrye/Downloads/bladei_bse_zcu104/bladei_bse_zcu104.srcs/sources_1/bd/bse/ip/bse_smartconnect_0_0/bd_0/ip/ip_1/synth/bd_c34f_psr_aclk_0.vhd:74]
	Parameter C_FAMILY bound to: zynquplus - type: string 
	Parameter C_EXT_RST_WIDTH bound to: 4 - type: integer 
	Parameter C_AUX_RST_WIDTH bound to: 1 - type: integer 
	Parameter C_EXT_RESET_HIGH bound to: 1'b0 
	Parameter C_AUX_RESET_HIGH bound to: 1'b0 
	Parameter C_NUM_BUS_RST bound to: 1 - type: integer 
	Parameter C_NUM_PERP_RST bound to: 1 - type: integer 
	Parameter C_NUM_INTERCONNECT_ARESETN bound to: 1 - type: integer 
	Parameter C_NUM_PERP_ARESETN bound to: 1 - type: integer 
INFO: [Synth 8-3491] module 'proc_sys_reset' declared at 'c:/Users/mcrye/Downloads/bladei_bse_zcu104/bladei_bse_zcu104.srcs/sources_1/bd/bse/ipshared/8842/hdl/proc_sys_reset_v5_0_vh_rfs.vhd:1264' bound to instance 'U0' of component 'proc_sys_reset' [c:/Users/mcrye/Downloads/bladei_bse_zcu104/bladei_bse_zcu104.srcs/sources_1/bd/bse/ip/bse_smartconnect_0_0/bd_0/ip/ip_1/synth/bd_c34f_psr_aclk_0.vhd:129]
INFO: [Synth 8-638] synthesizing module 'proc_sys_reset' [c:/Users/mcrye/Downloads/bladei_bse_zcu104/bladei_bse_zcu104.srcs/sources_1/bd/bse/ipshared/8842/hdl/proc_sys_reset_v5_0_vh_rfs.vhd:1323]
	Parameter C_FAMILY bound to: zynquplus - type: string 
	Parameter C_EXT_RST_WIDTH bound to: 4 - type: integer 
	Parameter C_AUX_RST_WIDTH bound to: 1 - type: integer 
	Parameter C_EXT_RESET_HIGH bound to: 1'b0 
	Parameter C_AUX_RESET_HIGH bound to: 1'b0 
	Parameter C_NUM_BUS_RST bound to: 1 - type: integer 
	Parameter C_NUM_PERP_RST bound to: 1 - type: integer 
	Parameter C_NUM_INTERCONNECT_ARESETN bound to: 1 - type: integer 
	Parameter C_NUM_PERP_ARESETN bound to: 1 - type: integer 
	Parameter INIT bound to: 1'b1 
	Parameter IS_C_INVERTED bound to: 1'b0 
	Parameter IS_D_INVERTED bound to: 1'b0 
	Parameter IS_R_INVERTED bound to: 1'b0 
INFO: [Synth 8-113] binding component instance 'FDRE_inst' to cell 'FDRE' [c:/Users/mcrye/Downloads/bladei_bse_zcu104/bladei_bse_zcu104.srcs/sources_1/bd/bse/ipshared/8842/hdl/proc_sys_reset_v5_0_vh_rfs.vhd:1392]
	Parameter INIT bound to: 1'b1 
	Parameter IS_C_INVERTED bound to: 1'b0 
	Parameter IS_D_INVERTED bound to: 1'b0 
	Parameter IS_R_INVERTED bound to: 1'b0 
INFO: [Synth 8-113] binding component instance 'FDRE_BSR' to cell 'FDRE' [c:/Users/mcrye/Downloads/bladei_bse_zcu104/bladei_bse_zcu104.srcs/sources_1/bd/bse/ipshared/8842/hdl/proc_sys_reset_v5_0_vh_rfs.vhd:1408]
	Parameter INIT bound to: 1'b0 
	Parameter IS_C_INVERTED bound to: 1'b0 
	Parameter IS_D_INVERTED bound to: 1'b0 
	Parameter IS_R_INVERTED bound to: 1'b0 
INFO: [Synth 8-113] binding component instance 'FDRE_BSR_N' to cell 'FDRE' [c:/Users/mcrye/Downloads/bladei_bse_zcu104/bladei_bse_zcu104.srcs/sources_1/bd/bse/ipshared/8842/hdl/proc_sys_reset_v5_0_vh_rfs.vhd:1434]
	Parameter INIT bound to: 1'b1 
	Parameter IS_C_INVERTED bound to: 1'b0 
	Parameter IS_D_INVERTED bound to: 1'b0 
	Parameter IS_R_INVERTED bound to: 1'b0 
INFO: [Synth 8-113] binding component instance 'FDRE_PER' to cell 'FDRE' [c:/Users/mcrye/Downloads/bladei_bse_zcu104/bladei_bse_zcu104.srcs/sources_1/bd/bse/ipshared/8842/hdl/proc_sys_reset_v5_0_vh_rfs.vhd:1457]
	Parameter INIT bound to: 1'b0 
	Parameter IS_C_INVERTED bound to: 1'b0 
	Parameter IS_D_INVERTED bound to: 1'b0 
	Parameter IS_R_INVERTED bound to: 1'b0 
INFO: [Synth 8-113] binding component instance 'FDRE_PER_N' to cell 'FDRE' [c:/Users/mcrye/Downloads/bladei_bse_zcu104/bladei_bse_zcu104.srcs/sources_1/bd/bse/ipshared/8842/hdl/proc_sys_reset_v5_0_vh_rfs.vhd:1481]
INFO: [Synth 8-638] synthesizing module 'lpf' [c:/Users/mcrye/Downloads/bladei_bse_zcu104/bladei_bse_zcu104.srcs/sources_1/bd/bse/ipshared/8842/hdl/proc_sys_reset_v5_0_vh_rfs.vhd:816]
	Parameter C_EXT_RST_WIDTH bound to: 4 - type: integer 
	Parameter C_AUX_RST_WIDTH bound to: 1 - type: integer 
	Parameter C_EXT_RESET_HIGH bound to: 1'b0 
	Parameter C_AUX_RESET_HIGH bound to: 1'b0 
INFO: [Synth 8-3491] module 'SRL16' declared at 'C:/Xilinx/Vivado/2018.3/scripts/rt/data/unisim_comp.v:51683' bound to instance 'POR_SRL_I' of component 'SRL16' [c:/Users/mcrye/Downloads/bladei_bse_zcu104/bladei_bse_zcu104.srcs/sources_1/bd/bse/ipshared/8842/hdl/proc_sys_reset_v5_0_vh_rfs.vhd:868]
INFO: [Synth 8-6157] synthesizing module 'SRL16' [C:/Xilinx/Vivado/2018.3/scripts/rt/data/unisim_comp.v:51683]
	Parameter INIT bound to: 16'b0000000000000000 
INFO: [Synth 8-6155] done synthesizing module 'SRL16' (3#1) [C:/Xilinx/Vivado/2018.3/scripts/rt/data/unisim_comp.v:51683]
INFO: [Synth 8-638] synthesizing module 'cdc_sync' [c:/Users/mcrye/Downloads/bladei_bse_zcu104/bladei_bse_zcu104.srcs/sources_1/bd/bse/ipshared/ef1e/hdl/lib_cdc_v1_0_rfs.vhd:106]
	Parameter C_CDC_TYPE bound to: 1 - type: integer 
	Parameter C_RESET_STATE bound to: 0 - type: integer 
	Parameter C_SINGLE_BIT bound to: 1 - type: integer 
	Parameter C_FLOP_INPUT bound to: 0 - type: integer 
	Parameter C_VECTOR_WIDTH bound to: 2 - type: integer 
	Parameter C_MTBF_STAGES bound to: 4 - type: integer 
	Parameter INIT bound to: 1'b0 
INFO: [Synth 8-113] binding component instance 'CROSS_PLEVEL_IN2SCNDRY_IN_cdc_to' to cell 'FDR' [c:/Users/mcrye/Downloads/bladei_bse_zcu104/bladei_bse_zcu104.srcs/sources_1/bd/bse/ipshared/ef1e/hdl/lib_cdc_v1_0_rfs.vhd:514]
	Parameter INIT bound to: 1'b0 
INFO: [Synth 8-113] binding component instance 'CROSS_PLEVEL_IN2SCNDRY_s_level_out_d2' to cell 'FDR' [c:/Users/mcrye/Downloads/bladei_bse_zcu104/bladei_bse_zcu104.srcs/sources_1/bd/bse/ipshared/ef1e/hdl/lib_cdc_v1_0_rfs.vhd:545]
	Parameter INIT bound to: 1'b0 
INFO: [Synth 8-113] binding component instance 'CROSS_PLEVEL_IN2SCNDRY_s_level_out_d3' to cell 'FDR' [c:/Users/mcrye/Downloads/bladei_bse_zcu104/bladei_bse_zcu104.srcs/sources_1/bd/bse/ipshared/ef1e/hdl/lib_cdc_v1_0_rfs.vhd:554]
	Parameter INIT bound to: 1'b0 
INFO: [Synth 8-113] binding component instance 'CROSS_PLEVEL_IN2SCNDRY_s_level_out_d4' to cell 'FDR' [c:/Users/mcrye/Downloads/bladei_bse_zcu104/bladei_bse_zcu104.srcs/sources_1/bd/bse/ipshared/ef1e/hdl/lib_cdc_v1_0_rfs.vhd:564]
	Parameter INIT bound to: 1'b0 
INFO: [Synth 8-113] binding component instance 'CROSS_PLEVEL_IN2SCNDRY_s_level_out_d5' to cell 'FDR' [c:/Users/mcrye/Downloads/bladei_bse_zcu104/bladei_bse_zcu104.srcs/sources_1/bd/bse/ipshared/ef1e/hdl/lib_cdc_v1_0_rfs.vhd:574]
	Parameter INIT bound to: 1'b0 
INFO: [Synth 8-113] binding component instance 'CROSS_PLEVEL_IN2SCNDRY_s_level_out_d6' to cell 'FDR' [c:/Users/mcrye/Downloads/bladei_bse_zcu104/bladei_bse_zcu104.srcs/sources_1/bd/bse/ipshared/ef1e/hdl/lib_cdc_v1_0_rfs.vhd:584]
INFO: [Synth 8-256] done synthesizing module 'cdc_sync' (4#1) [c:/Users/mcrye/Downloads/bladei_bse_zcu104/bladei_bse_zcu104.srcs/sources_1/bd/bse/ipshared/ef1e/hdl/lib_cdc_v1_0_rfs.vhd:106]
INFO: [Synth 8-256] done synthesizing module 'lpf' (5#1) [c:/Users/mcrye/Downloads/bladei_bse_zcu104/bladei_bse_zcu104.srcs/sources_1/bd/bse/ipshared/8842/hdl/proc_sys_reset_v5_0_vh_rfs.vhd:816]
INFO: [Synth 8-638] synthesizing module 'sequence_psr' [c:/Users/mcrye/Downloads/bladei_bse_zcu104/bladei_bse_zcu104.srcs/sources_1/bd/bse/ipshared/8842/hdl/proc_sys_reset_v5_0_vh_rfs.vhd:301]
INFO: [Synth 8-638] synthesizing module 'upcnt_n' [c:/Users/mcrye/Downloads/bladei_bse_zcu104/bladei_bse_zcu104.srcs/sources_1/bd/bse/ipshared/8842/hdl/proc_sys_reset_v5_0_vh_rfs.vhd:125]
	Parameter C_SIZE bound to: 6 - type: integer 
INFO: [Synth 8-256] done synthesizing module 'upcnt_n' (6#1) [c:/Users/mcrye/Downloads/bladei_bse_zcu104/bladei_bse_zcu104.srcs/sources_1/bd/bse/ipshared/8842/hdl/proc_sys_reset_v5_0_vh_rfs.vhd:125]
INFO: [Synth 8-256] done synthesizing module 'sequence_psr' (7#1) [c:/Users/mcrye/Downloads/bladei_bse_zcu104/bladei_bse_zcu104.srcs/sources_1/bd/bse/ipshared/8842/hdl/proc_sys_reset_v5_0_vh_rfs.vhd:301]
INFO: [Synth 8-256] done synthesizing module 'proc_sys_reset' (8#1) [c:/Users/mcrye/Downloads/bladei_bse_zcu104/bladei_bse_zcu104.srcs/sources_1/bd/bse/ipshared/8842/hdl/proc_sys_reset_v5_0_vh_rfs.vhd:1323]
INFO: [Synth 8-256] done synthesizing module 'bd_c34f_psr_aclk_0' (9#1) [c:/Users/mcrye/Downloads/bladei_bse_zcu104/bladei_bse_zcu104.srcs/sources_1/bd/bse/ip/bse_smartconnect_0_0/bd_0/ip/ip_1/synth/bd_c34f_psr_aclk_0.vhd:74]
WARNING: [Synth 8-350] instance 'psr_aclk' of module 'bd_c34f_psr_aclk_0' requires 10 connections, but only 6 given [c:/Users/mcrye/Downloads/bladei_bse_zcu104/bladei_bse_zcu104.srcs/sources_1/bd/bse/ip/bse_smartconnect_0_0/bd_0/synth/bd_c34f.v:990]
WARNING: [Synth 8-3848] Net aresetn_out in module/entity clk_map_imp_GMXRYC does not have driver. [c:/Users/mcrye/Downloads/bladei_bse_zcu104/bladei_bse_zcu104.srcs/sources_1/bd/bse/ip/bse_smartconnect_0_0/bd_0/synth/bd_c34f.v:969]
INFO: [Synth 8-6155] done synthesizing module 'clk_map_imp_GMXRYC' (10#1) [c:/Users/mcrye/Downloads/bladei_bse_zcu104/bladei_bse_zcu104.srcs/sources_1/bd/bse/ip/bse_smartconnect_0_0/bd_0/synth/bd_c34f.v:949]
INFO: [Synth 8-6157] synthesizing module 'm00_exit_pipeline_imp_1I79W67' [c:/Users/mcrye/Downloads/bladei_bse_zcu104/bladei_bse_zcu104.srcs/sources_1/bd/bse/ip/bse_smartconnect_0_0/bd_0/synth/bd_c34f.v:999]
INFO: [Synth 8-6157] synthesizing module 'bd_c34f_m00e_0' [c:/Users/mcrye/Downloads/bladei_bse_zcu104/bladei_bse_zcu104.srcs/sources_1/bd/bse/ip/bse_smartconnect_0_0/bd_0/ip/ip_26/synth/bd_c34f_m00e_0.sv:58]
INFO: [Synth 8-6155] done synthesizing module 'bd_c34f_m00e_0' (19#1) [c:/Users/mcrye/Downloads/bladei_bse_zcu104/bladei_bse_zcu104.srcs/sources_1/bd/bse/ip/bse_smartconnect_0_0/bd_0/ip/ip_26/synth/bd_c34f_m00e_0.sv:58]
INFO: [Synth 8-6155] done synthesizing module 'm00_exit_pipeline_imp_1I79W67' (20#1) [c:/Users/mcrye/Downloads/bladei_bse_zcu104/bladei_bse_zcu104.srcs/sources_1/bd/bse/ip/bse_smartconnect_0_0/bd_0/synth/bd_c34f.v:999]
INFO: [Synth 8-6157] synthesizing module 'm00_nodes_imp_14WKMK3' [c:/Users/mcrye/Downloads/bladei_bse_zcu104/bladei_bse_zcu104.srcs/sources_1/bd/bse/ip/bse_smartconnect_0_0/bd_0/synth/bd_c34f.v:1370]
INFO: [Synth 8-6157] synthesizing module 'bd_c34f_m00arn_0' [c:/Users/mcrye/Downloads/bladei_bse_zcu104/bladei_bse_zcu104.srcs/sources_1/bd/bse/ip/bse_smartconnect_0_0/bd_0/ip/ip_21/synth/bd_c34f_m00arn_0.sv:58]
INFO: [Synth 8-6157] synthesizing module 'xpm_memory_sdpram' [C:/Xilinx/Vivado/2018.3/data/ip/xpm/xpm_memory/hdl/xpm_memory.sv:8368]
INFO: [Synth 8-6157] synthesizing module 'xpm_memory_base' [C:/Xilinx/Vivado/2018.3/data/ip/xpm/xpm_memory/hdl/xpm_memory.sv:57]
	Parameter MEMORY_TYPE bound to: 1 - type: integer 
	Parameter MEMORY_SIZE bound to: 32 - type: integer 
	Parameter MEMORY_PRIMITIVE bound to: 1 - type: integer 
	Parameter CLOCKING_MODE bound to: 0 - type: integer 
	Parameter ECC_MODE bound to: 0 - type: integer 
	Parameter MEMORY_INIT_FILE bound to: none - type: string 
	Parameter MEMORY_INIT_PARAM bound to: (null) - type: string 
	Parameter USE_MEM_INIT bound to: 0 - type: integer 
	Parameter MEMORY_OPTIMIZATION bound to: true - type: string 
	Parameter WAKEUP_TIME bound to: 0 - type: integer 
	Parameter AUTO_SLEEP_TIME bound to: 0 - type: integer 
	Parameter MESSAGE_CONTROL bound to: 0 - type: integer 
	Parameter VERSION bound to: 0 - type: integer 
	Parameter USE_EMBEDDED_CONSTRAINT bound to: 0 - type: integer 
	Parameter WRITE_DATA_WIDTH_A bound to: 1 - type: integer 
	Parameter READ_DATA_WIDTH_A bound to: 1 - type: integer 
	Parameter BYTE_WRITE_WIDTH_A bound to: 1 - type: integer 
	Parameter ADDR_WIDTH_A bound to: 5 - type: integer 
	Parameter READ_RESET_VALUE_A bound to: 0 - type: string 
	Parameter READ_LATENCY_A bound to: 2 - type: integer 
	Parameter WRITE_MODE_A bound to: 1 - type: integer 
	Parameter RST_MODE_A bound to: SYNC - type: string 
	Parameter WRITE_DATA_WIDTH_B bound to: 1 - type: integer 
	Parameter READ_DATA_WIDTH_B bound to: 1 - type: integer 
	Parameter BYTE_WRITE_WIDTH_B bound to: 1 - type: integer 
	Parameter ADDR_WIDTH_B bound to: 5 - type: integer 
	Parameter READ_RESET_VALUE_B bound to: 0 - type: string 
	Parameter READ_LATENCY_B bound to: 1 - type: integer 
	Parameter WRITE_MODE_B bound to: 1 - type: integer 
	Parameter RST_MODE_B bound to: SYNC - type: string 
	Parameter P_MEMORY_PRIMITIVE bound to: distributed - type: string 
	Parameter P_MIN_WIDTH_DATA_A bound to: 1 - type: integer 
	Parameter P_MIN_WIDTH_DATA_B bound to: 1 - type: integer 
	Parameter P_MIN_WIDTH_DATA bound to: 1 - type: integer 
	Parameter P_MIN_WIDTH_DATA_ECC bound to: 1 - type: integer 
	Parameter P_MAX_DEPTH_DATA bound to: 32 - type: integer 
	Parameter P_ECC_MODE bound to: no_ecc - type: string 
	Parameter P_MEMORY_OPT bound to: yes - type: string 
	Parameter P_WIDTH_COL_WRITE_A bound to: 1 - type: integer 
	Parameter P_WIDTH_COL_WRITE_B bound to: 1 - type: integer 
	Parameter P_NUM_COLS_WRITE_A bound to: 1 - type: integer 
	Parameter P_NUM_COLS_WRITE_B bound to: 1 - type: integer 
	Parameter P_NUM_ROWS_WRITE_A bound to: 1 - type: integer 
	Parameter P_NUM_ROWS_WRITE_B bound to: 1 - type: integer 
	Parameter P_NUM_ROWS_READ_A bound to: 1 - type: integer 
	Parameter P_NUM_ROWS_READ_B bound to: 1 - type: integer 
	Parameter P_WIDTH_ADDR_WRITE_A bound to: 5 - type: integer 
	Parameter P_WIDTH_ADDR_WRITE_B bound to: 5 - type: integer 
	Parameter P_WIDTH_ADDR_READ_A bound to: 5 - type: integer 
	Parameter P_WIDTH_ADDR_READ_B bound to: 5 - type: integer 
	Parameter P_WIDTH_ADDR_LSB_WRITE_A bound to: 0 - type: integer 
	Parameter P_WIDTH_ADDR_LSB_WRITE_B bound to: 0 - type: integer 
	Parameter P_WIDTH_ADDR_LSB_READ_A bound to: 0 - type: integer 
	Parameter P_WIDTH_ADDR_LSB_READ_B bound to: 0 - type: integer 
	Parameter P_ENABLE_BYTE_WRITE_A bound to: 0 - type: integer 
	Parameter P_ENABLE_BYTE_WRITE_B bound to: 0 - type: integer 
	Parameter P_SDP_WRITE_MODE bound to: yes - type: string 
	Parameter NUM_CHAR_LOC bound to: 0 - type: integer 
	Parameter MAX_NUM_CHAR bound to: 0 - type: integer 
	Parameter P_MIN_WIDTH_DATA_SHFT bound to: 5 - type: integer 
	Parameter P_MIN_WIDTH_DATA_LDW bound to: 1 - type: integer 
INFO: [Synth 8-5772] Detected attribute (* ram_ecc = "no_ecc" *) on RAM gen_wr_a.gen_word_narrow.mem_reg 
INFO: [Synth 8-6155] done synthesizing module 'xpm_memory_base' (26#1) [C:/Xilinx/Vivado/2018.3/data/ip/xpm/xpm_memory/hdl/xpm_memory.sv:57]
INFO: [Synth 8-6155] done synthesizing module 'xpm_memory_sdpram' (27#1) [C:/Xilinx/Vivado/2018.3/data/ip/xpm/xpm_memory/hdl/xpm_memory.sv:8368]
INFO: [Synth 8-5772] Detected attribute (* rw_addr_collision = "yes" *) on RAM gen_wr_a.gen_word_narrow.mem_reg 
INFO: [Synth 8-5772] Detected attribute (* rw_addr_collision = "yes" *) on RAM gen_wr_a.gen_word_narrow.mem_reg 
INFO: [Synth 8-6157] synthesizing module 'xpm_memory_sdpram__parameterized0' [C:/Xilinx/Vivado/2018.3/data/ip/xpm/xpm_memory/hdl/xpm_memory.sv:8368]
INFO: [Synth 8-6157] synthesizing module 'xpm_memory_base__parameterized0' [C:/Xilinx/Vivado/2018.3/data/ip/xpm/xpm_memory/hdl/xpm_memory.sv:57]
	Parameter MEMORY_TYPE bound to: 1 - type: integer 
	Parameter MEMORY_SIZE bound to: 4992 - type: integer 
	Parameter MEMORY_PRIMITIVE bound to: 1 - type: integer 
	Parameter CLOCKING_MODE bound to: 0 - type: integer 
	Parameter ECC_MODE bound to: 0 - type: integer 
	Parameter MEMORY_INIT_FILE bound to: none - type: string 
	Parameter MEMORY_INIT_PARAM bound to: (null) - type: string 
	Parameter USE_MEM_INIT bound to: 0 - type: integer 
	Parameter MEMORY_OPTIMIZATION bound to: true - type: string 
	Parameter WAKEUP_TIME bound to: 0 - type: integer 
	Parameter AUTO_SLEEP_TIME bound to: 0 - type: integer 
	Parameter MESSAGE_CONTROL bound to: 0 - type: integer 
	Parameter VERSION bound to: 0 - type: integer 
	Parameter USE_EMBEDDED_CONSTRAINT bound to: 0 - type: integer 
	Parameter WRITE_DATA_WIDTH_A bound to: 156 - type: integer 
	Parameter READ_DATA_WIDTH_A bound to: 156 - type: integer 
	Parameter BYTE_WRITE_WIDTH_A bound to: 156 - type: integer 
	Parameter ADDR_WIDTH_A bound to: 5 - type: integer 
	Parameter READ_RESET_VALUE_A bound to: 0 - type: string 
	Parameter READ_LATENCY_A bound to: 2 - type: integer 
	Parameter WRITE_MODE_A bound to: 1 - type: integer 
	Parameter RST_MODE_A bound to: SYNC - type: string 
	Parameter WRITE_DATA_WIDTH_B bound to: 156 - type: integer 
	Parameter READ_DATA_WIDTH_B bound to: 156 - type: integer 
	Parameter BYTE_WRITE_WIDTH_B bound to: 156 - type: integer 
	Parameter ADDR_WIDTH_B bound to: 5 - type: integer 
	Parameter READ_RESET_VALUE_B bound to: 0 - type: string 
	Parameter READ_LATENCY_B bound to: 1 - type: integer 
	Parameter WRITE_MODE_B bound to: 1 - type: integer 
	Parameter RST_MODE_B bound to: SYNC - type: string 
	Parameter P_MEMORY_PRIMITIVE bound to: distributed - type: string 
	Parameter P_MIN_WIDTH_DATA_A bound to: 156 - type: integer 
	Parameter P_MIN_WIDTH_DATA_B bound to: 156 - type: integer 
	Parameter P_MIN_WIDTH_DATA bound to: 156 - type: integer 
	Parameter P_MIN_WIDTH_DATA_ECC bound to: 156 - type: integer 
	Parameter P_MAX_DEPTH_DATA bound to: 32 - type: integer 
	Parameter P_ECC_MODE bound to: no_ecc - type: string 
	Parameter P_MEMORY_OPT bound to: yes - type: string 
	Parameter P_WIDTH_COL_WRITE_A bound to: 156 - type: integer 
	Parameter P_WIDTH_COL_WRITE_B bound to: 156 - type: integer 
	Parameter P_NUM_COLS_WRITE_A bound to: 1 - type: integer 
	Parameter P_NUM_COLS_WRITE_B bound to: 1 - type: integer 
	Parameter P_NUM_ROWS_WRITE_A bound to: 1 - type: integer 
	Parameter P_NUM_ROWS_WRITE_B bound to: 1 - type: integer 
	Parameter P_NUM_ROWS_READ_A bound to: 1 - type: integer 
	Parameter P_NUM_ROWS_READ_B bound to: 1 - type: integer 
	Parameter P_WIDTH_ADDR_WRITE_A bound to: 5 - type: integer 
	Parameter P_WIDTH_ADDR_WRITE_B bound to: 5 - type: integer 
	Parameter P_WIDTH_ADDR_READ_A bound to: 5 - type: integer 
	Parameter P_WIDTH_ADDR_READ_B bound to: 5 - type: integer 
	Parameter P_WIDTH_ADDR_LSB_WRITE_A bound to: 0 - type: integer 
	Parameter P_WIDTH_ADDR_LSB_WRITE_B bound to: 0 - type: integer 
	Parameter P_WIDTH_ADDR_LSB_READ_A bound to: 0 - type: integer 
	Parameter P_WIDTH_ADDR_LSB_READ_B bound to: 0 - type: integer 
	Parameter P_ENABLE_BYTE_WRITE_A bound to: 0 - type: integer 
	Parameter P_ENABLE_BYTE_WRITE_B bound to: 0 - type: integer 
	Parameter P_SDP_WRITE_MODE bound to: yes - type: string 
	Parameter NUM_CHAR_LOC bound to: 0 - type: integer 
	Parameter MAX_NUM_CHAR bound to: 0 - type: integer 
	Parameter P_MIN_WIDTH_DATA_SHFT bound to: 156 - type: integer 
	Parameter P_MIN_WIDTH_DATA_LDW bound to: 4 - type: integer 
INFO: [Synth 8-5772] Detected attribute (* ram_ecc = "no_ecc" *) on RAM gen_wr_a.gen_word_narrow.mem_reg 
INFO: [Synth 8-6155] done synthesizing module 'xpm_memory_base__parameterized0' (30#1) [C:/Xilinx/Vivado/2018.3/data/ip/xpm/xpm_memory/hdl/xpm_memory.sv:57]
INFO: [Synth 8-6155] done synthesizing module 'xpm_memory_sdpram__parameterized0' (30#1) [C:/Xilinx/Vivado/2018.3/data/ip/xpm/xpm_memory/hdl/xpm_memory.sv:8368]
INFO: [Synth 8-5772] Detected attribute (* rw_addr_collision = "yes" *) on RAM gen_wr_a.gen_word_narrow.mem_reg 
INFO: [Synth 8-5772] Detected attribute (* rw_addr_collision = "yes" *) on RAM gen_wr_a.gen_word_narrow.mem_reg 
INFO: [Synth 8-5772] Detected attribute (* rw_addr_collision = "yes" *) on RAM gen_wr_a.gen_word_narrow.mem_reg 
INFO: [Synth 8-5772] Detected attribute (* rw_addr_collision = "yes" *) on RAM gen_wr_a.gen_word_narrow.mem_reg 
INFO: [Synth 8-5772] Detected attribute (* rw_addr_collision = "yes" *) on RAM gen_wr_a.gen_word_narrow.mem_reg 
INFO: [Synth 8-5772] Detected attribute (* rw_addr_collision = "yes" *) on RAM gen_wr_a.gen_word_narrow.mem_reg 
INFO: [Synth 8-5772] Detected attribute (* rw_addr_collision = "yes" *) on RAM gen_wr_a.gen_word_narrow.mem_reg 
INFO: [Synth 8-5772] Detected attribute (* rw_addr_collision = "yes" *) on RAM gen_wr_a.gen_word_narrow.mem_reg 
INFO: [Synth 8-6155] done synthesizing module 'bd_c34f_m00arn_0' (36#1) [c:/Users/mcrye/Downloads/bladei_bse_zcu104/bladei_bse_zcu104.srcs/sources_1/bd/bse/ip/bse_smartconnect_0_0/bd_0/ip/ip_21/synth/bd_c34f_m00arn_0.sv:58]
INFO: [Synth 8-6157] synthesizing module 'bd_c34f_m00awn_0' [c:/Users/mcrye/Downloads/bladei_bse_zcu104/bladei_bse_zcu104.srcs/sources_1/bd/bse/ip/bse_smartconnect_0_0/bd_0/ip/ip_23/synth/bd_c34f_m00awn_0.sv:58]
INFO: [Synth 8-5772] Detected attribute (* rw_addr_collision = "yes" *) on RAM gen_wr_a.gen_word_narrow.mem_reg 
INFO: [Synth 8-5772] Detected attribute (* rw_addr_collision = "yes" *) on RAM gen_wr_a.gen_word_narrow.mem_reg 
INFO: [Synth 8-5772] Detected attribute (* rw_addr_collision = "yes" *) on RAM gen_wr_a.gen_word_narrow.mem_reg 
INFO: [Synth 8-5772] Detected attribute (* rw_addr_collision = "yes" *) on RAM gen_wr_a.gen_word_narrow.mem_reg 
INFO: [Synth 8-5772] Detected attribute (* rw_addr_collision = "yes" *) on RAM gen_wr_a.gen_word_narrow.mem_reg 
INFO: [Synth 8-5772] Detected attribute (* rw_addr_collision = "yes" *) on RAM gen_wr_a.gen_word_narrow.mem_reg 
INFO: [Synth 8-6155] done synthesizing module 'bd_c34f_m00awn_0' (37#1) [c:/Users/mcrye/Downloads/bladei_bse_zcu104/bladei_bse_zcu104.srcs/sources_1/bd/bse/ip/bse_smartconnect_0_0/bd_0/ip/ip_23/synth/bd_c34f_m00awn_0.sv:58]
INFO: [Synth 8-6157] synthesizing module 'bd_c34f_m00bn_0' [c:/Users/mcrye/Downloads/bladei_bse_zcu104/bladei_bse_zcu104.srcs/sources_1/bd/bse/ip/bse_smartconnect_0_0/bd_0/ip/ip_25/synth/bd_c34f_m00bn_0.sv:58]
INFO: [Synth 8-6157] synthesizing module 'xpm_memory_sdpram__parameterized1' [C:/Xilinx/Vivado/2018.3/data/ip/xpm/xpm_memory/hdl/xpm_memory.sv:8368]
INFO: [Synth 8-6157] synthesizing module 'xpm_memory_base__parameterized1' [C:/Xilinx/Vivado/2018.3/data/ip/xpm/xpm_memory/hdl/xpm_memory.sv:57]
	Parameter MEMORY_TYPE bound to: 1 - type: integer 
	Parameter MEMORY_SIZE bound to: 608 - type: integer 
	Parameter MEMORY_PRIMITIVE bound to: 1 - type: integer 
	Parameter CLOCKING_MODE bound to: 0 - type: integer 
	Parameter ECC_MODE bound to: 0 - type: integer 
	Parameter MEMORY_INIT_FILE bound to: none - type: string 
	Parameter MEMORY_INIT_PARAM bound to: (null) - type: string 
	Parameter USE_MEM_INIT bound to: 0 - type: integer 
	Parameter MEMORY_OPTIMIZATION bound to: true - type: string 
	Parameter WAKEUP_TIME bound to: 0 - type: integer 
	Parameter AUTO_SLEEP_TIME bound to: 0 - type: integer 
	Parameter MESSAGE_CONTROL bound to: 0 - type: integer 
	Parameter VERSION bound to: 0 - type: integer 
	Parameter USE_EMBEDDED_CONSTRAINT bound to: 0 - type: integer 
	Parameter WRITE_DATA_WIDTH_A bound to: 19 - type: integer 
	Parameter READ_DATA_WIDTH_A bound to: 19 - type: integer 
	Parameter BYTE_WRITE_WIDTH_A bound to: 19 - type: integer 
	Parameter ADDR_WIDTH_A bound to: 5 - type: integer 
	Parameter READ_RESET_VALUE_A bound to: 0 - type: string 
	Parameter READ_LATENCY_A bound to: 2 - type: integer 
	Parameter WRITE_MODE_A bound to: 1 - type: integer 
	Parameter RST_MODE_A bound to: SYNC - type: string 
	Parameter WRITE_DATA_WIDTH_B bound to: 19 - type: integer 
	Parameter READ_DATA_WIDTH_B bound to: 19 - type: integer 
	Parameter BYTE_WRITE_WIDTH_B bound to: 19 - type: integer 
	Parameter ADDR_WIDTH_B bound to: 5 - type: integer 
	Parameter READ_RESET_VALUE_B bound to: 0 - type: string 
	Parameter READ_LATENCY_B bound to: 1 - type: integer 
	Parameter WRITE_MODE_B bound to: 1 - type: integer 
	Parameter RST_MODE_B bound to: SYNC - type: string 
	Parameter P_MEMORY_PRIMITIVE bound to: distributed - type: string 
	Parameter P_MIN_WIDTH_DATA_A bound to: 19 - type: integer 
	Parameter P_MIN_WIDTH_DATA_B bound to: 19 - type: integer 
	Parameter P_MIN_WIDTH_DATA bound to: 19 - type: integer 
	Parameter P_MIN_WIDTH_DATA_ECC bound to: 19 - type: integer 
	Parameter P_MAX_DEPTH_DATA bound to: 32 - type: integer 
	Parameter P_ECC_MODE bound to: no_ecc - type: string 
	Parameter P_MEMORY_OPT bound to: yes - type: string 
	Parameter P_WIDTH_COL_WRITE_A bound to: 19 - type: integer 
	Parameter P_WIDTH_COL_WRITE_B bound to: 19 - type: integer 
	Parameter P_NUM_COLS_WRITE_A bound to: 1 - type: integer 
	Parameter P_NUM_COLS_WRITE_B bound to: 1 - type: integer 
	Parameter P_NUM_ROWS_WRITE_A bound to: 1 - type: integer 
	Parameter P_NUM_ROWS_WRITE_B bound to: 1 - type: integer 
	Parameter P_NUM_ROWS_READ_A bound to: 1 - type: integer 
	Parameter P_NUM_ROWS_READ_B bound to: 1 - type: integer 
	Parameter P_WIDTH_ADDR_WRITE_A bound to: 5 - type: integer 
	Parameter P_WIDTH_ADDR_WRITE_B bound to: 5 - type: integer 
	Parameter P_WIDTH_ADDR_READ_A bound to: 5 - type: integer 
	Parameter P_WIDTH_ADDR_READ_B bound to: 5 - type: integer 
	Parameter P_WIDTH_ADDR_LSB_WRITE_A bound to: 0 - type: integer 
	Parameter P_WIDTH_ADDR_LSB_WRITE_B bound to: 0 - type: integer 
	Parameter P_WIDTH_ADDR_LSB_READ_A bound to: 0 - type: integer 
	Parameter P_WIDTH_ADDR_LSB_READ_B bound to: 0 - type: integer 
	Parameter P_ENABLE_BYTE_WRITE_A bound to: 0 - type: integer 
	Parameter P_ENABLE_BYTE_WRITE_B bound to: 0 - type: integer 
	Parameter P_SDP_WRITE_MODE bound to: yes - type: string 
	Parameter NUM_CHAR_LOC bound to: 0 - type: integer 
	Parameter MAX_NUM_CHAR bound to: 0 - type: integer 
	Parameter P_MIN_WIDTH_DATA_SHFT bound to: 19 - type: integer 
	Parameter P_MIN_WIDTH_DATA_LDW bound to: 4 - type: integer 
INFO: [Synth 8-5772] Detected attribute (* ram_ecc = "no_ecc" *) on RAM gen_wr_a.gen_word_narrow.mem_reg 
INFO: [Synth 8-6155] done synthesizing module 'xpm_memory_base__parameterized1' (37#1) [C:/Xilinx/Vivado/2018.3/data/ip/xpm/xpm_memory/hdl/xpm_memory.sv:57]
INFO: [Synth 8-6155] done synthesizing module 'xpm_memory_sdpram__parameterized1' (37#1) [C:/Xilinx/Vivado/2018.3/data/ip/xpm/xpm_memory/hdl/xpm_memory.sv:8368]
INFO: [Synth 8-5772] Detected attribute (* rw_addr_collision = "yes" *) on RAM gen_wr_a.gen_word_narrow.mem_reg 
INFO: [Synth 8-5772] Detected attribute (* rw_addr_collision = "yes" *) on RAM gen_wr_a.gen_word_narrow.mem_reg 
INFO: [Synth 8-6157] synthesizing module 'xpm_memory_sdpram__parameterized2' [C:/Xilinx/Vivado/2018.3/data/ip/xpm/xpm_memory/hdl/xpm_memory.sv:8368]
INFO: [Synth 8-6157] synthesizing module 'xpm_memory_base__parameterized2' [C:/Xilinx/Vivado/2018.3/data/ip/xpm/xpm_memory/hdl/xpm_memory.sv:57]
	Parameter MEMORY_TYPE bound to: 1 - type: integer 
	Parameter MEMORY_SIZE bound to: 192 - type: integer 
	Parameter MEMORY_PRIMITIVE bound to: 1 - type: integer 
	Parameter CLOCKING_MODE bound to: 0 - type: integer 
	Parameter ECC_MODE bound to: 0 - type: integer 
	Parameter MEMORY_INIT_FILE bound to: none - type: string 
	Parameter MEMORY_INIT_PARAM bound to: (null) - type: string 
	Parameter USE_MEM_INIT bound to: 0 - type: integer 
	Parameter MEMORY_OPTIMIZATION bound to: true - type: string 
	Parameter WAKEUP_TIME bound to: 0 - type: integer 
	Parameter AUTO_SLEEP_TIME bound to: 0 - type: integer 
	Parameter MESSAGE_CONTROL bound to: 0 - type: integer 
	Parameter VERSION bound to: 0 - type: integer 
	Parameter USE_EMBEDDED_CONSTRAINT bound to: 0 - type: integer 
	Parameter WRITE_DATA_WIDTH_A bound to: 6 - type: integer 
	Parameter READ_DATA_WIDTH_A bound to: 6 - type: integer 
	Parameter BYTE_WRITE_WIDTH_A bound to: 6 - type: integer 
	Parameter ADDR_WIDTH_A bound to: 5 - type: integer 
	Parameter READ_RESET_VALUE_A bound to: 0 - type: string 
	Parameter READ_LATENCY_A bound to: 2 - type: integer 
	Parameter WRITE_MODE_A bound to: 1 - type: integer 
	Parameter RST_MODE_A bound to: SYNC - type: string 
	Parameter WRITE_DATA_WIDTH_B bound to: 6 - type: integer 
	Parameter READ_DATA_WIDTH_B bound to: 6 - type: integer 
	Parameter BYTE_WRITE_WIDTH_B bound to: 6 - type: integer 
	Parameter ADDR_WIDTH_B bound to: 5 - type: integer 
	Parameter READ_RESET_VALUE_B bound to: 0 - type: string 
	Parameter READ_LATENCY_B bound to: 1 - type: integer 
	Parameter WRITE_MODE_B bound to: 1 - type: integer 
	Parameter RST_MODE_B bound to: SYNC - type: string 
	Parameter P_MEMORY_PRIMITIVE bound to: distributed - type: string 
	Parameter P_MIN_WIDTH_DATA_A bound to: 6 - type: integer 
	Parameter P_MIN_WIDTH_DATA_B bound to: 6 - type: integer 
	Parameter P_MIN_WIDTH_DATA bound to: 6 - type: integer 
	Parameter P_MIN_WIDTH_DATA_ECC bound to: 6 - type: integer 
	Parameter P_MAX_DEPTH_DATA bound to: 32 - type: integer 
	Parameter P_ECC_MODE bound to: no_ecc - type: string 
	Parameter P_MEMORY_OPT bound to: yes - type: string 
	Parameter P_WIDTH_COL_WRITE_A bound to: 6 - type: integer 
	Parameter P_WIDTH_COL_WRITE_B bound to: 6 - type: integer 
	Parameter P_NUM_COLS_WRITE_A bound to: 1 - type: integer 
	Parameter P_NUM_COLS_WRITE_B bound to: 1 - type: integer 
	Parameter P_NUM_ROWS_WRITE_A bound to: 1 - type: integer 
	Parameter P_NUM_ROWS_WRITE_B bound to: 1 - type: integer 
	Parameter P_NUM_ROWS_READ_A bound to: 1 - type: integer 
	Parameter P_NUM_ROWS_READ_B bound to: 1 - type: integer 
	Parameter P_WIDTH_ADDR_WRITE_A bound to: 5 - type: integer 
	Parameter P_WIDTH_ADDR_WRITE_B bound to: 5 - type: integer 
	Parameter P_WIDTH_ADDR_READ_A bound to: 5 - type: integer 
	Parameter P_WIDTH_ADDR_READ_B bound to: 5 - type: integer 
	Parameter P_WIDTH_ADDR_LSB_WRITE_A bound to: 0 - type: integer 
	Parameter P_WIDTH_ADDR_LSB_WRITE_B bound to: 0 - type: integer 
	Parameter P_WIDTH_ADDR_LSB_READ_A bound to: 0 - type: integer 
	Parameter P_WIDTH_ADDR_LSB_READ_B bound to: 0 - type: integer 
	Parameter P_ENABLE_BYTE_WRITE_A bound to: 0 - type: integer 
	Parameter P_ENABLE_BYTE_WRITE_B bound to: 0 - type: integer 
	Parameter P_SDP_WRITE_MODE bound to: yes - type: string 
	Parameter NUM_CHAR_LOC bound to: 0 - type: integer 
	Parameter MAX_NUM_CHAR bound to: 0 - type: integer 
	Parameter P_MIN_WIDTH_DATA_SHFT bound to: 6 - type: integer 
	Parameter P_MIN_WIDTH_DATA_LDW bound to: 4 - type: integer 
INFO: [Synth 8-5772] Detected attribute (* ram_ecc = "no_ecc" *) on RAM gen_wr_a.gen_word_narrow.mem_reg 
INFO: [Synth 8-6155] done synthesizing module 'xpm_memory_base__parameterized2' (37#1) [C:/Xilinx/Vivado/2018.3/data/ip/xpm/xpm_memory/hdl/xpm_memory.sv:57]
INFO: [Synth 8-6155] done synthesizing module 'xpm_memory_sdpram__parameterized2' (37#1) [C:/Xilinx/Vivado/2018.3/data/ip/xpm/xpm_memory/hdl/xpm_memory.sv:8368]
INFO: [Synth 8-5772] Detected attribute (* rw_addr_collision = "yes" *) on RAM gen_wr_a.gen_word_narrow.mem_reg 
INFO: [Synth 8-5772] Detected attribute (* rw_addr_collision = "yes" *) on RAM gen_wr_a.gen_word_narrow.mem_reg 
INFO: [Synth 8-5772] Detected attribute (* rw_addr_collision = "yes" *) on RAM gen_wr_a.gen_word_narrow.mem_reg 
INFO: [Synth 8-5772] Detected attribute (* rw_addr_collision = "yes" *) on RAM gen_wr_a.gen_word_narrow.mem_reg 
INFO: [Synth 8-5772] Detected attribute (* rw_addr_collision = "yes" *) on RAM gen_wr_a.gen_word_narrow.mem_reg 
INFO: [Synth 8-5772] Detected attribute (* rw_addr_collision = "yes" *) on RAM gen_wr_a.gen_word_narrow.mem_reg 
INFO: [Synth 8-5772] Detected attribute (* rw_addr_collision = "yes" *) on RAM gen_wr_a.gen_word_narrow.mem_reg 
INFO: [Synth 8-5772] Detected attribute (* rw_addr_collision = "yes" *) on RAM gen_wr_a.gen_word_narrow.mem_reg 
INFO: [Synth 8-6155] done synthesizing module 'bd_c34f_m00bn_0' (38#1) [c:/Users/mcrye/Downloads/bladei_bse_zcu104/bladei_bse_zcu104.srcs/sources_1/bd/bse/ip/bse_smartconnect_0_0/bd_0/ip/ip_25/synth/bd_c34f_m00bn_0.sv:58]
INFO: [Synth 8-6157] synthesizing module 'bd_c34f_m00rn_0' [c:/Users/mcrye/Downloads/bladei_bse_zcu104/bladei_bse_zcu104.srcs/sources_1/bd/bse/ip/bse_smartconnect_0_0/bd_0/ip/ip_22/synth/bd_c34f_m00rn_0.sv:58]
INFO: [Synth 8-6157] synthesizing module 'xpm_memory_sdpram__parameterized3' [C:/Xilinx/Vivado/2018.3/data/ip/xpm/xpm_memory/hdl/xpm_memory.sv:8368]
INFO: [Synth 8-6157] synthesizing module 'xpm_memory_base__parameterized3' [C:/Xilinx/Vivado/2018.3/data/ip/xpm/xpm_memory/hdl/xpm_memory.sv:57]
	Parameter MEMORY_TYPE bound to: 1 - type: integer 
	Parameter MEMORY_SIZE bound to: 4736 - type: integer 
	Parameter MEMORY_PRIMITIVE bound to: 1 - type: integer 
	Parameter CLOCKING_MODE bound to: 0 - type: integer 
	Parameter ECC_MODE bound to: 0 - type: integer 
	Parameter MEMORY_INIT_FILE bound to: none - type: string 
	Parameter MEMORY_INIT_PARAM bound to: (null) - type: string 
	Parameter USE_MEM_INIT bound to: 0 - type: integer 
	Parameter MEMORY_OPTIMIZATION bound to: true - type: string 
	Parameter WAKEUP_TIME bound to: 0 - type: integer 
	Parameter AUTO_SLEEP_TIME bound to: 0 - type: integer 
	Parameter MESSAGE_CONTROL bound to: 0 - type: integer 
	Parameter VERSION bound to: 0 - type: integer 
	Parameter USE_EMBEDDED_CONSTRAINT bound to: 0 - type: integer 
	Parameter WRITE_DATA_WIDTH_A bound to: 148 - type: integer 
	Parameter READ_DATA_WIDTH_A bound to: 148 - type: integer 
	Parameter BYTE_WRITE_WIDTH_A bound to: 148 - type: integer 
	Parameter ADDR_WIDTH_A bound to: 5 - type: integer 
	Parameter READ_RESET_VALUE_A bound to: 0 - type: string 
	Parameter READ_LATENCY_A bound to: 2 - type: integer 
	Parameter WRITE_MODE_A bound to: 1 - type: integer 
	Parameter RST_MODE_A bound to: SYNC - type: string 
	Parameter WRITE_DATA_WIDTH_B bound to: 148 - type: integer 
	Parameter READ_DATA_WIDTH_B bound to: 148 - type: integer 
	Parameter BYTE_WRITE_WIDTH_B bound to: 148 - type: integer 
	Parameter ADDR_WIDTH_B bound to: 5 - type: integer 
	Parameter READ_RESET_VALUE_B bound to: 0 - type: string 
	Parameter READ_LATENCY_B bound to: 1 - type: integer 
	Parameter WRITE_MODE_B bound to: 1 - type: integer 
	Parameter RST_MODE_B bound to: SYNC - type: string 
	Parameter P_MEMORY_PRIMITIVE bound to: distributed - type: string 
	Parameter P_MIN_WIDTH_DATA_A bound to: 148 - type: integer 
	Parameter P_MIN_WIDTH_DATA_B bound to: 148 - type: integer 
	Parameter P_MIN_WIDTH_DATA bound to: 148 - type: integer 
	Parameter P_MIN_WIDTH_DATA_ECC bound to: 148 - type: integer 
	Parameter P_MAX_DEPTH_DATA bound to: 32 - type: integer 
	Parameter P_ECC_MODE bound to: no_ecc - type: string 
	Parameter P_MEMORY_OPT bound to: yes - type: string 
	Parameter P_WIDTH_COL_WRITE_A bound to: 148 - type: integer 
	Parameter P_WIDTH_COL_WRITE_B bound to: 148 - type: integer 
	Parameter P_NUM_COLS_WRITE_A bound to: 1 - type: integer 
	Parameter P_NUM_COLS_WRITE_B bound to: 1 - type: integer 
	Parameter P_NUM_ROWS_WRITE_A bound to: 1 - type: integer 
	Parameter P_NUM_ROWS_WRITE_B bound to: 1 - type: integer 
	Parameter P_NUM_ROWS_READ_A bound to: 1 - type: integer 
	Parameter P_NUM_ROWS_READ_B bound to: 1 - type: integer 
	Parameter P_WIDTH_ADDR_WRITE_A bound to: 5 - type: integer 
	Parameter P_WIDTH_ADDR_WRITE_B bound to: 5 - type: integer 
	Parameter P_WIDTH_ADDR_READ_A bound to: 5 - type: integer 
	Parameter P_WIDTH_ADDR_READ_B bound to: 5 - type: integer 
	Parameter P_WIDTH_ADDR_LSB_WRITE_A bound to: 0 - type: integer 
	Parameter P_WIDTH_ADDR_LSB_WRITE_B bound to: 0 - type: integer 
	Parameter P_WIDTH_ADDR_LSB_READ_A bound to: 0 - type: integer 
	Parameter P_WIDTH_ADDR_LSB_READ_B bound to: 0 - type: integer 
	Parameter P_ENABLE_BYTE_WRITE_A bound to: 0 - type: integer 
	Parameter P_ENABLE_BYTE_WRITE_B bound to: 0 - type: integer 
	Parameter P_SDP_WRITE_MODE bound to: yes - type: string 
	Parameter NUM_CHAR_LOC bound to: 0 - type: integer 
	Parameter MAX_NUM_CHAR bound to: 0 - type: integer 
	Parameter P_MIN_WIDTH_DATA_SHFT bound to: 148 - type: integer 
	Parameter P_MIN_WIDTH_DATA_LDW bound to: 4 - type: integer 
INFO: [Synth 8-5772] Detected attribute (* ram_ecc = "no_ecc" *) on RAM gen_wr_a.gen_word_narrow.mem_reg 
INFO: [Synth 8-6155] done synthesizing module 'xpm_memory_base__parameterized3' (38#1) [C:/Xilinx/Vivado/2018.3/data/ip/xpm/xpm_memory/hdl/xpm_memory.sv:57]
INFO: [Synth 8-6155] done synthesizing module 'xpm_memory_sdpram__parameterized3' (38#1) [C:/Xilinx/Vivado/2018.3/data/ip/xpm/xpm_memory/hdl/xpm_memory.sv:8368]
INFO: [Synth 8-5772] Detected attribute (* rw_addr_collision = "yes" *) on RAM gen_wr_a.gen_word_narrow.mem_reg 
INFO: [Synth 8-5772] Detected attribute (* rw_addr_collision = "yes" *) on RAM gen_wr_a.gen_word_narrow.mem_reg 
INFO: [Synth 8-5772] Detected attribute (* rw_addr_collision = "yes" *) on RAM gen_wr_a.gen_word_narrow.mem_reg 
INFO: [Synth 8-5772] Detected attribute (* rw_addr_collision = "yes" *) on RAM gen_wr_a.gen_word_narrow.mem_reg 
INFO: [Synth 8-5772] Detected attribute (* rw_addr_collision = "yes" *) on RAM gen_wr_a.gen_word_narrow.mem_reg 
INFO: [Synth 8-5772] Detected attribute (* rw_addr_collision = "yes" *) on RAM gen_wr_a.gen_word_narrow.mem_reg 
INFO: [Synth 8-5772] Detected attribute (* rw_addr_collision = "yes" *) on RAM gen_wr_a.gen_word_narrow.mem_reg 
INFO: [Synth 8-5772] Detected attribute (* rw_addr_collision = "yes" *) on RAM gen_wr_a.gen_word_narrow.mem_reg 
INFO: [Synth 8-6155] done synthesizing module 'bd_c34f_m00rn_0' (39#1) [c:/Users/mcrye/Downloads/bladei_bse_zcu104/bladei_bse_zcu104.srcs/sources_1/bd/bse/ip/bse_smartconnect_0_0/bd_0/ip/ip_22/synth/bd_c34f_m00rn_0.sv:58]
INFO: [Synth 8-6157] synthesizing module 'bd_c34f_m00wn_0' [c:/Users/mcrye/Downloads/bladei_bse_zcu104/bladei_bse_zcu104.srcs/sources_1/bd/bse/ip/bse_smartconnect_0_0/bd_0/ip/ip_24/synth/bd_c34f_m00wn_0.sv:58]
INFO: [Synth 8-6157] synthesizing module 'xpm_memory_sdpram__parameterized4' [C:/Xilinx/Vivado/2018.3/data/ip/xpm/xpm_memory/hdl/xpm_memory.sv:8368]
INFO: [Synth 8-6157] synthesizing module 'xpm_memory_base__parameterized4' [C:/Xilinx/Vivado/2018.3/data/ip/xpm/xpm_memory/hdl/xpm_memory.sv:57]
	Parameter MEMORY_TYPE bound to: 1 - type: integer 
	Parameter MEMORY_SIZE bound to: 4 - type: integer 
	Parameter MEMORY_PRIMITIVE bound to: 1 - type: integer 
	Parameter CLOCKING_MODE bound to: 0 - type: integer 
	Parameter ECC_MODE bound to: 0 - type: integer 
	Parameter MEMORY_INIT_FILE bound to: none - type: string 
	Parameter MEMORY_INIT_PARAM bound to: (null) - type: string 
	Parameter USE_MEM_INIT bound to: 0 - type: integer 
	Parameter MEMORY_OPTIMIZATION bound to: true - type: string 
	Parameter WAKEUP_TIME bound to: 0 - type: integer 
	Parameter AUTO_SLEEP_TIME bound to: 0 - type: integer 
	Parameter MESSAGE_CONTROL bound to: 0 - type: integer 
	Parameter VERSION bound to: 0 - type: integer 
	Parameter USE_EMBEDDED_CONSTRAINT bound to: 0 - type: integer 
	Parameter WRITE_DATA_WIDTH_A bound to: 1 - type: integer 
	Parameter READ_DATA_WIDTH_A bound to: 1 - type: integer 
	Parameter BYTE_WRITE_WIDTH_A bound to: 1 - type: integer 
	Parameter ADDR_WIDTH_A bound to: 2 - type: integer 
	Parameter READ_RESET_VALUE_A bound to: 0 - type: string 
	Parameter READ_LATENCY_A bound to: 2 - type: integer 
	Parameter WRITE_MODE_A bound to: 1 - type: integer 
	Parameter RST_MODE_A bound to: SYNC - type: string 
	Parameter WRITE_DATA_WIDTH_B bound to: 1 - type: integer 
	Parameter READ_DATA_WIDTH_B bound to: 1 - type: integer 
	Parameter BYTE_WRITE_WIDTH_B bound to: 1 - type: integer 
	Parameter ADDR_WIDTH_B bound to: 2 - type: integer 
	Parameter READ_RESET_VALUE_B bound to: 0 - type: string 
	Parameter READ_LATENCY_B bound to: 0 - type: integer 
	Parameter WRITE_MODE_B bound to: 1 - type: integer 
	Parameter RST_MODE_B bound to: SYNC - type: string 
	Parameter P_MEMORY_PRIMITIVE bound to: distributed - type: string 
	Parameter P_MIN_WIDTH_DATA_A bound to: 1 - type: integer 
	Parameter P_MIN_WIDTH_DATA_B bound to: 1 - type: integer 
	Parameter P_MIN_WIDTH_DATA bound to: 1 - type: integer 
	Parameter P_MIN_WIDTH_DATA_ECC bound to: 1 - type: integer 
	Parameter P_MAX_DEPTH_DATA bound to: 4 - type: integer 
	Parameter P_ECC_MODE bound to: no_ecc - type: string 
	Parameter P_MEMORY_OPT bound to: yes - type: string 
	Parameter P_WIDTH_COL_WRITE_A bound to: 1 - type: integer 
	Parameter P_WIDTH_COL_WRITE_B bound to: 1 - type: integer 
	Parameter P_NUM_COLS_WRITE_A bound to: 1 - type: integer 
	Parameter P_NUM_COLS_WRITE_B bound to: 1 - type: integer 
	Parameter P_NUM_ROWS_WRITE_A bound to: 1 - type: integer 
	Parameter P_NUM_ROWS_WRITE_B bound to: 1 - type: integer 
	Parameter P_NUM_ROWS_READ_A bound to: 1 - type: integer 
	Parameter P_NUM_ROWS_READ_B bound to: 1 - type: integer 
	Parameter P_WIDTH_ADDR_WRITE_A bound to: 2 - type: integer 
	Parameter P_WIDTH_ADDR_WRITE_B bound to: 2 - type: integer 
	Parameter P_WIDTH_ADDR_READ_A bound to: 2 - type: integer 
	Parameter P_WIDTH_ADDR_READ_B bound to: 2 - type: integer 
	Parameter P_WIDTH_ADDR_LSB_WRITE_A bound to: 0 - type: integer 
	Parameter P_WIDTH_ADDR_LSB_WRITE_B bound to: 0 - type: integer 
	Parameter P_WIDTH_ADDR_LSB_READ_A bound to: 0 - type: integer 
	Parameter P_WIDTH_ADDR_LSB_READ_B bound to: 0 - type: integer 
	Parameter P_ENABLE_BYTE_WRITE_A bound to: 0 - type: integer 
	Parameter P_ENABLE_BYTE_WRITE_B bound to: 0 - type: integer 
	Parameter P_SDP_WRITE_MODE bound to: yes - type: string 
	Parameter NUM_CHAR_LOC bound to: 0 - type: integer 
	Parameter MAX_NUM_CHAR bound to: 0 - type: integer 
	Parameter P_MIN_WIDTH_DATA_SHFT bound to: 5 - type: integer 
	Parameter P_MIN_WIDTH_DATA_LDW bound to: 1 - type: integer 
INFO: [Synth 8-5772] Detected attribute (* ram_ecc = "no_ecc" *) on RAM gen_wr_a.gen_word_narrow.mem_reg 
INFO: [Synth 8-6155] done synthesizing module 'xpm_memory_base__parameterized4' (39#1) [C:/Xilinx/Vivado/2018.3/data/ip/xpm/xpm_memory/hdl/xpm_memory.sv:57]
INFO: [Synth 8-6155] done synthesizing module 'xpm_memory_sdpram__parameterized4' (39#1) [C:/Xilinx/Vivado/2018.3/data/ip/xpm/xpm_memory/hdl/xpm_memory.sv:8368]
INFO: [Synth 8-5772] Detected attribute (* rw_addr_collision = "yes" *) on RAM gen_wr_a.gen_word_narrow.mem_reg 
INFO: [Synth 8-5772] Detected attribute (* rw_addr_collision = "yes" *) on RAM gen_wr_a.gen_word_narrow.mem_reg 
INFO: [Synth 8-5772] Detected attribute (* rw_addr_collision = "yes" *) on RAM gen_wr_a.gen_word_narrow.mem_reg 
INFO: [Synth 8-5772] Detected attribute (* rw_addr_collision = "yes" *) on RAM gen_wr_a.gen_word_narrow.mem_reg 
INFO: [Synth 8-5772] Detected attribute (* rw_addr_collision = "yes" *) on RAM gen_wr_a.gen_word_narrow.mem_reg 
INFO: [Synth 8-5772] Detected attribute (* rw_addr_collision = "yes" *) on RAM gen_wr_a.gen_word_narrow.mem_reg 
INFO: [Synth 8-6157] synthesizing module 'xpm_memory_sdpram__parameterized5' [C:/Xilinx/Vivado/2018.3/data/ip/xpm/xpm_memory/hdl/xpm_memory.sv:8368]
INFO: [Synth 8-6157] synthesizing module 'xpm_memory_base__parameterized5' [C:/Xilinx/Vivado/2018.3/data/ip/xpm/xpm_memory/hdl/xpm_memory.sv:57]
	Parameter MEMORY_TYPE bound to: 1 - type: integer 
	Parameter MEMORY_SIZE bound to: 5696 - type: integer 
	Parameter MEMORY_PRIMITIVE bound to: 1 - type: integer 
	Parameter CLOCKING_MODE bound to: 0 - type: integer 
	Parameter ECC_MODE bound to: 0 - type: integer 
	Parameter MEMORY_INIT_FILE bound to: none - type: string 
	Parameter MEMORY_INIT_PARAM bound to: (null) - type: string 
	Parameter USE_MEM_INIT bound to: 0 - type: integer 
	Parameter MEMORY_OPTIMIZATION bound to: true - type: string 
	Parameter WAKEUP_TIME bound to: 0 - type: integer 
	Parameter AUTO_SLEEP_TIME bound to: 0 - type: integer 
	Parameter MESSAGE_CONTROL bound to: 0 - type: integer 
	Parameter VERSION bound to: 0 - type: integer 
	Parameter USE_EMBEDDED_CONSTRAINT bound to: 0 - type: integer 
	Parameter WRITE_DATA_WIDTH_A bound to: 178 - type: integer 
	Parameter READ_DATA_WIDTH_A bound to: 178 - type: integer 
	Parameter BYTE_WRITE_WIDTH_A bound to: 178 - type: integer 
	Parameter ADDR_WIDTH_A bound to: 5 - type: integer 
	Parameter READ_RESET_VALUE_A bound to: 0 - type: string 
	Parameter READ_LATENCY_A bound to: 2 - type: integer 
	Parameter WRITE_MODE_A bound to: 1 - type: integer 
	Parameter RST_MODE_A bound to: SYNC - type: string 
	Parameter WRITE_DATA_WIDTH_B bound to: 178 - type: integer 
	Parameter READ_DATA_WIDTH_B bound to: 178 - type: integer 
	Parameter BYTE_WRITE_WIDTH_B bound to: 178 - type: integer 
	Parameter ADDR_WIDTH_B bound to: 5 - type: integer 
	Parameter READ_RESET_VALUE_B bound to: 0 - type: string 
	Parameter READ_LATENCY_B bound to: 1 - type: integer 
	Parameter WRITE_MODE_B bound to: 1 - type: integer 
	Parameter RST_MODE_B bound to: SYNC - type: string 
	Parameter P_MEMORY_PRIMITIVE bound to: distributed - type: string 
	Parameter P_MIN_WIDTH_DATA_A bound to: 178 - type: integer 
	Parameter P_MIN_WIDTH_DATA_B bound to: 178 - type: integer 
	Parameter P_MIN_WIDTH_DATA bound to: 178 - type: integer 
	Parameter P_MIN_WIDTH_DATA_ECC bound to: 178 - type: integer 
	Parameter P_MAX_DEPTH_DATA bound to: 32 - type: integer 
	Parameter P_ECC_MODE bound to: no_ecc - type: string 
	Parameter P_MEMORY_OPT bound to: yes - type: string 
	Parameter P_WIDTH_COL_WRITE_A bound to: 178 - type: integer 
	Parameter P_WIDTH_COL_WRITE_B bound to: 178 - type: integer 
	Parameter P_NUM_COLS_WRITE_A bound to: 1 - type: integer 
	Parameter P_NUM_COLS_WRITE_B bound to: 1 - type: integer 
	Parameter P_NUM_ROWS_WRITE_A bound to: 1 - type: integer 
	Parameter P_NUM_ROWS_WRITE_B bound to: 1 - type: integer 
	Parameter P_NUM_ROWS_READ_A bound to: 1 - type: integer 
	Parameter P_NUM_ROWS_READ_B bound to: 1 - type: integer 
	Parameter P_WIDTH_ADDR_WRITE_A bound to: 5 - type: integer 
	Parameter P_WIDTH_ADDR_WRITE_B bound to: 5 - type: integer 
	Parameter P_WIDTH_ADDR_READ_A bound to: 5 - type: integer 
	Parameter P_WIDTH_ADDR_READ_B bound to: 5 - type: integer 
	Parameter P_WIDTH_ADDR_LSB_WRITE_A bound to: 0 - type: integer 
	Parameter P_WIDTH_ADDR_LSB_WRITE_B bound to: 0 - type: integer 
	Parameter P_WIDTH_ADDR_LSB_READ_A bound to: 0 - type: integer 
	Parameter P_WIDTH_ADDR_LSB_READ_B bound to: 0 - type: integer 
	Parameter P_ENABLE_BYTE_WRITE_A bound to: 0 - type: integer 
	Parameter P_ENABLE_BYTE_WRITE_B bound to: 0 - type: integer 
	Parameter P_SDP_WRITE_MODE bound to: yes - type: string 
	Parameter NUM_CHAR_LOC bound to: 0 - type: integer 
	Parameter MAX_NUM_CHAR bound to: 0 - type: integer 
	Parameter P_MIN_WIDTH_DATA_SHFT bound to: 178 - type: integer 
	Parameter P_MIN_WIDTH_DATA_LDW bound to: 4 - type: integer 
INFO: [Synth 8-5772] Detected attribute (* ram_ecc = "no_ecc" *) on RAM gen_wr_a.gen_word_narrow.mem_reg 
INFO: [Synth 8-6155] done synthesizing module 'xpm_memory_base__parameterized5' (39#1) [C:/Xilinx/Vivado/2018.3/data/ip/xpm/xpm_memory/hdl/xpm_memory.sv:57]
INFO: [Synth 8-6155] done synthesizing module 'xpm_memory_sdpram__parameterized5' (39#1) [C:/Xilinx/Vivado/2018.3/data/ip/xpm/xpm_memory/hdl/xpm_memory.sv:8368]
INFO: [Synth 8-5772] Detected attribute (* rw_addr_collision = "yes" *) on RAM gen_wr_a.gen_word_narrow.mem_reg 
INFO: [Synth 8-5772] Detected attribute (* rw_addr_collision = "yes" *) on RAM gen_wr_a.gen_word_narrow.mem_reg 
INFO: [Synth 8-5772] Detected attribute (* rw_addr_collision = "yes" *) on RAM gen_wr_a.gen_word_narrow.mem_reg 
INFO: [Synth 8-5772] Detected attribute (* rw_addr_collision = "yes" *) on RAM gen_wr_a.gen_word_narrow.mem_reg 
INFO: [Synth 8-5772] Detected attribute (* rw_addr_collision = "yes" *) on RAM gen_wr_a.gen_word_narrow.mem_reg 
INFO: [Synth 8-5772] Detected attribute (* rw_addr_collision = "yes" *) on RAM gen_wr_a.gen_word_narrow.mem_reg 
INFO: [Synth 8-5772] Detected attribute (* rw_addr_collision = "yes" *) on RAM gen_wr_a.gen_word_narrow.mem_reg 
INFO: [Synth 8-5772] Detected attribute (* rw_addr_collision = "yes" *) on RAM gen_wr_a.gen_word_narrow.mem_reg 
INFO: [Synth 8-5772] Detected attribute (* rw_addr_collision = "yes" *) on RAM gen_wr_a.gen_word_narrow.mem_reg 
INFO: [Synth 8-5772] Detected attribute (* rw_addr_collision = "yes" *) on RAM gen_wr_a.gen_word_narrow.mem_reg 
INFO: [Synth 8-5772] Detected attribute (* rw_addr_collision = "yes" *) on RAM gen_wr_a.gen_word_narrow.mem_reg 
INFO: [Synth 8-5772] Detected attribute (* rw_addr_collision = "yes" *) on RAM gen_wr_a.gen_word_narrow.mem_reg 
INFO: [Synth 8-6155] done synthesizing module 'bd_c34f_m00wn_0' (40#1) [c:/Users/mcrye/Downloads/bladei_bse_zcu104/bladei_bse_zcu104.srcs/sources_1/bd/bse/ip/bse_smartconnect_0_0/bd_0/ip/ip_24/synth/bd_c34f_m00wn_0.sv:58]
INFO: [Synth 8-5772] Detected attribute (* rw_addr_collision = "yes" *) on RAM gen_wr_a.gen_word_narrow.mem_reg 
INFO: [Synth 8-5772] Detected attribute (* rw_addr_collision = "yes" *) on RAM gen_wr_a.gen_word_narrow.mem_reg 
INFO: [Synth 8-5772] Detected attribute (* rw_addr_collision = "yes" *) on RAM gen_wr_a.gen_word_narrow.mem_reg 
INFO: [Synth 8-5772] Detected attribute (* rw_addr_collision = "yes" *) on RAM gen_wr_a.gen_word_narrow.mem_reg 
INFO: [Synth 8-5772] Detected attribute (* rw_addr_collision = "yes" *) on RAM gen_wr_a.gen_word_narrow.mem_reg 
INFO: [Synth 8-5772] Detected attribute (* rw_addr_collision = "yes" *) on RAM gen_wr_a.gen_word_narrow.mem_reg 
INFO: [Synth 8-5772] Detected attribute (* rw_addr_collision = "yes" *) on RAM gen_wr_a.gen_word_narrow.mem_reg 
INFO: [Synth 8-5772] Detected attribute (* rw_addr_collision = "yes" *) on RAM gen_wr_a.gen_word_narrow.mem_reg 
INFO: [Synth 8-5772] Detected attribute (* rw_addr_collision = "yes" *) on RAM gen_wr_a.gen_word_narrow.mem_reg 
INFO: [Synth 8-5772] Detected attribute (* rw_addr_collision = "yes" *) on RAM gen_wr_a.gen_word_narrow.mem_reg 
INFO: [Synth 8-5772] Detected attribute (* rw_addr_collision = "yes" *) on RAM gen_wr_a.gen_word_narrow.mem_reg 
INFO: [Synth 8-5772] Detected attribute (* rw_addr_collision = "yes" *) on RAM gen_wr_a.gen_word_narrow.mem_reg 
INFO: [Synth 8-6155] done synthesizing module 'm00_nodes_imp_14WKMK3' (41#1) [c:/Users/mcrye/Downloads/bladei_bse_zcu104/bladei_bse_zcu104.srcs/sources_1/bd/bse/ip/bse_smartconnect_0_0/bd_0/synth/bd_c34f.v:1370]
INFO: [Synth 8-6157] synthesizing module 'bd_c34f_m00s2a_0' [c:/Users/mcrye/Downloads/bladei_bse_zcu104/bladei_bse_zcu104.srcs/sources_1/bd/bse/ip/bse_smartconnect_0_0/bd_0/ip/ip_20/synth/bd_c34f_m00s2a_0.sv:58]
INFO: [Synth 8-6155] done synthesizing module 'bd_c34f_m00s2a_0' (43#1) [c:/Users/mcrye/Downloads/bladei_bse_zcu104/bladei_bse_zcu104.srcs/sources_1/bd/bse/ip/bse_smartconnect_0_0/bd_0/ip/ip_20/synth/bd_c34f_m00s2a_0.sv:58]
INFO: [Synth 8-6157] synthesizing module 'bd_c34f_s00a2s_0' [c:/Users/mcrye/Downloads/bladei_bse_zcu104/bladei_bse_zcu104.srcs/sources_1/bd/bse/ip/bse_smartconnect_0_0/bd_0/ip/ip_10/synth/bd_c34f_s00a2s_0.sv:58]
INFO: [Synth 8-6155] done synthesizing module 'bd_c34f_s00a2s_0' (45#1) [c:/Users/mcrye/Downloads/bladei_bse_zcu104/bladei_bse_zcu104.srcs/sources_1/bd/bse/ip/bse_smartconnect_0_0/bd_0/ip/ip_10/synth/bd_c34f_s00a2s_0.sv:58]
INFO: [Synth 8-6157] synthesizing module 's00_entry_pipeline_imp_HVOMCC' [c:/Users/mcrye/Downloads/bladei_bse_zcu104/bladei_bse_zcu104.srcs/sources_1/bd/bse/ip/bse_smartconnect_0_0/bd_0/synth/bd_c34f.v:1675]
INFO: [Synth 8-6157] synthesizing module 'bd_c34f_s00mmu_0' [c:/Users/mcrye/Downloads/bladei_bse_zcu104/bladei_bse_zcu104.srcs/sources_1/bd/bse/ip/bse_smartconnect_0_0/bd_0/ip/ip_7/synth/bd_c34f_s00mmu_0.sv:59]
INFO: [Synth 8-6155] done synthesizing module 'bd_c34f_s00mmu_0' (49#1) [c:/Users/mcrye/Downloads/bladei_bse_zcu104/bladei_bse_zcu104.srcs/sources_1/bd/bse/ip/bse_smartconnect_0_0/bd_0/ip/ip_7/synth/bd_c34f_s00mmu_0.sv:59]
INFO: [Synth 8-6157] synthesizing module 'bd_c34f_s00sic_0' [c:/Users/mcrye/Downloads/bladei_bse_zcu104/bladei_bse_zcu104.srcs/sources_1/bd/bse/ip/bse_smartconnect_0_0/bd_0/ip/ip_9/synth/bd_c34f_s00sic_0.sv:58]
INFO: [Synth 8-6155] done synthesizing module 'bd_c34f_s00sic_0' (52#1) [c:/Users/mcrye/Downloads/bladei_bse_zcu104/bladei_bse_zcu104.srcs/sources_1/bd/bse/ip/bse_smartconnect_0_0/bd_0/ip/ip_9/synth/bd_c34f_s00sic_0.sv:58]
INFO: [Synth 8-6157] synthesizing module 'bd_c34f_s00tr_0' [c:/Users/mcrye/Downloads/bladei_bse_zcu104/bladei_bse_zcu104.srcs/sources_1/bd/bse/ip/bse_smartconnect_0_0/bd_0/ip/ip_8/synth/bd_c34f_s00tr_0.sv:58]
INFO: [Synth 8-6155] done synthesizing module 'bd_c34f_s00tr_0' (55#1) [c:/Users/mcrye/Downloads/bladei_bse_zcu104/bladei_bse_zcu104.srcs/sources_1/bd/bse/ip/bse_smartconnect_0_0/bd_0/ip/ip_8/synth/bd_c34f_s00tr_0.sv:58]
WARNING: [Synth 8-350] instance 's00_transaction_regulator' of module 'bd_c34f_s00tr_0' requires 38 connections, but only 36 given [c:/Users/mcrye/Downloads/bladei_bse_zcu104/bladei_bse_zcu104.srcs/sources_1/bd/bse/ip/bse_smartconnect_0_0/bd_0/synth/bd_c34f.v:1920]
INFO: [Synth 8-6155] done synthesizing module 's00_entry_pipeline_imp_HVOMCC' (56#1) [c:/Users/mcrye/Downloads/bladei_bse_zcu104/bladei_bse_zcu104.srcs/sources_1/bd/bse/ip/bse_smartconnect_0_0/bd_0/synth/bd_c34f.v:1675]
INFO: [Synth 8-6157] synthesizing module 's00_nodes_imp_NSWQO6' [c:/Users/mcrye/Downloads/bladei_bse_zcu104/bladei_bse_zcu104.srcs/sources_1/bd/bse/ip/bse_smartconnect_0_0/bd_0/synth/bd_c34f.v:1959]
INFO: [Synth 8-6157] synthesizing module 'bd_c34f_sarn_0' [c:/Users/mcrye/Downloads/bladei_bse_zcu104/bladei_bse_zcu104.srcs/sources_1/bd/bse/ip/bse_smartconnect_0_0/bd_0/ip/ip_11/synth/bd_c34f_sarn_0.sv:58]
INFO: [Synth 8-6157] synthesizing module 'xpm_memory_sdpram__parameterized6' [C:/Xilinx/Vivado/2018.3/data/ip/xpm/xpm_memory/hdl/xpm_memory.sv:8368]
INFO: [Synth 8-6157] synthesizing module 'xpm_memory_base__parameterized6' [C:/Xilinx/Vivado/2018.3/data/ip/xpm/xpm_memory/hdl/xpm_memory.sv:57]
	Parameter MEMORY_TYPE bound to: 1 - type: integer 
	Parameter MEMORY_SIZE bound to: 576 - type: integer 
	Parameter MEMORY_PRIMITIVE bound to: 1 - type: integer 
	Parameter CLOCKING_MODE bound to: 0 - type: integer 
	Parameter ECC_MODE bound to: 0 - type: integer 
	Parameter MEMORY_INIT_FILE bound to: none - type: string 
	Parameter MEMORY_INIT_PARAM bound to: (null) - type: string 
	Parameter USE_MEM_INIT bound to: 0 - type: integer 
	Parameter MEMORY_OPTIMIZATION bound to: true - type: string 
	Parameter WAKEUP_TIME bound to: 0 - type: integer 
	Parameter AUTO_SLEEP_TIME bound to: 0 - type: integer 
	Parameter MESSAGE_CONTROL bound to: 0 - type: integer 
	Parameter VERSION bound to: 0 - type: integer 
	Parameter USE_EMBEDDED_CONSTRAINT bound to: 0 - type: integer 
	Parameter WRITE_DATA_WIDTH_A bound to: 18 - type: integer 
	Parameter READ_DATA_WIDTH_A bound to: 18 - type: integer 
	Parameter BYTE_WRITE_WIDTH_A bound to: 18 - type: integer 
	Parameter ADDR_WIDTH_A bound to: 5 - type: integer 
	Parameter READ_RESET_VALUE_A bound to: 0 - type: string 
	Parameter READ_LATENCY_A bound to: 2 - type: integer 
	Parameter WRITE_MODE_A bound to: 1 - type: integer 
	Parameter RST_MODE_A bound to: SYNC - type: string 
	Parameter WRITE_DATA_WIDTH_B bound to: 18 - type: integer 
	Parameter READ_DATA_WIDTH_B bound to: 18 - type: integer 
	Parameter BYTE_WRITE_WIDTH_B bound to: 18 - type: integer 
	Parameter ADDR_WIDTH_B bound to: 5 - type: integer 
	Parameter READ_RESET_VALUE_B bound to: 0 - type: string 
	Parameter READ_LATENCY_B bound to: 1 - type: integer 
	Parameter WRITE_MODE_B bound to: 1 - type: integer 
	Parameter RST_MODE_B bound to: SYNC - type: string 
	Parameter P_MEMORY_PRIMITIVE bound to: distributed - type: string 
	Parameter P_MIN_WIDTH_DATA_A bound to: 18 - type: integer 
	Parameter P_MIN_WIDTH_DATA_B bound to: 18 - type: integer 
	Parameter P_MIN_WIDTH_DATA bound to: 18 - type: integer 
	Parameter P_MIN_WIDTH_DATA_ECC bound to: 18 - type: integer 
	Parameter P_MAX_DEPTH_DATA bound to: 32 - type: integer 
	Parameter P_ECC_MODE bound to: no_ecc - type: string 
	Parameter P_MEMORY_OPT bound to: yes - type: string 
	Parameter P_WIDTH_COL_WRITE_A bound to: 18 - type: integer 
	Parameter P_WIDTH_COL_WRITE_B bound to: 18 - type: integer 
	Parameter P_NUM_COLS_WRITE_A bound to: 1 - type: integer 
	Parameter P_NUM_COLS_WRITE_B bound to: 1 - type: integer 
	Parameter P_NUM_ROWS_WRITE_A bound to: 1 - type: integer 
	Parameter P_NUM_ROWS_WRITE_B bound to: 1 - type: integer 
	Parameter P_NUM_ROWS_READ_A bound to: 1 - type: integer 
	Parameter P_NUM_ROWS_READ_B bound to: 1 - type: integer 
	Parameter P_WIDTH_ADDR_WRITE_A bound to: 5 - type: integer 
	Parameter P_WIDTH_ADDR_WRITE_B bound to: 5 - type: integer 
	Parameter P_WIDTH_ADDR_READ_A bound to: 5 - type: integer 
	Parameter P_WIDTH_ADDR_READ_B bound to: 5 - type: integer 
	Parameter P_WIDTH_ADDR_LSB_WRITE_A bound to: 0 - type: integer 
	Parameter P_WIDTH_ADDR_LSB_WRITE_B bound to: 0 - type: integer 
	Parameter P_WIDTH_ADDR_LSB_READ_A bound to: 0 - type: integer 
	Parameter P_WIDTH_ADDR_LSB_READ_B bound to: 0 - type: integer 
	Parameter P_ENABLE_BYTE_WRITE_A bound to: 0 - type: integer 
	Parameter P_ENABLE_BYTE_WRITE_B bound to: 0 - type: integer 
	Parameter P_SDP_WRITE_MODE bound to: yes - type: string 
	Parameter NUM_CHAR_LOC bound to: 0 - type: integer 
	Parameter MAX_NUM_CHAR bound to: 0 - type: integer 
	Parameter P_MIN_WIDTH_DATA_SHFT bound to: 18 - type: integer 
	Parameter P_MIN_WIDTH_DATA_LDW bound to: 4 - type: integer 
INFO: [Synth 8-5772] Detected attribute (* ram_ecc = "no_ecc" *) on RAM gen_wr_a.gen_word_narrow.mem_reg 
INFO: [Synth 8-6155] done synthesizing module 'xpm_memory_base__parameterized6' (56#1) [C:/Xilinx/Vivado/2018.3/data/ip/xpm/xpm_memory/hdl/xpm_memory.sv:57]
INFO: [Synth 8-6155] done synthesizing module 'xpm_memory_sdpram__parameterized6' (56#1) [C:/Xilinx/Vivado/2018.3/data/ip/xpm/xpm_memory/hdl/xpm_memory.sv:8368]
INFO: [Synth 8-5772] Detected attribute (* rw_addr_collision = "yes" *) on RAM gen_wr_a.gen_word_narrow.mem_reg 
INFO: [Synth 8-5772] Detected attribute (* rw_addr_collision = "yes" *) on RAM gen_wr_a.gen_word_narrow.mem_reg 
INFO: [Synth 8-6157] synthesizing module 'xpm_memory_sdpram__parameterized7' [C:/Xilinx/Vivado/2018.3/data/ip/xpm/xpm_memory/hdl/xpm_memory.sv:8368]
INFO: [Synth 8-6157] synthesizing module 'xpm_memory_base__parameterized7' [C:/Xilinx/Vivado/2018.3/data/ip/xpm/xpm_memory/hdl/xpm_memory.sv:57]
	Parameter MEMORY_TYPE bound to: 1 - type: integer 
	Parameter MEMORY_SIZE bound to: 4416 - type: integer 
	Parameter MEMORY_PRIMITIVE bound to: 1 - type: integer 
	Parameter CLOCKING_MODE bound to: 0 - type: integer 
	Parameter ECC_MODE bound to: 0 - type: integer 
	Parameter MEMORY_INIT_FILE bound to: none - type: string 
	Parameter MEMORY_INIT_PARAM bound to: (null) - type: string 
	Parameter USE_MEM_INIT bound to: 0 - type: integer 
	Parameter MEMORY_OPTIMIZATION bound to: true - type: string 
	Parameter WAKEUP_TIME bound to: 0 - type: integer 
	Parameter AUTO_SLEEP_TIME bound to: 0 - type: integer 
	Parameter MESSAGE_CONTROL bound to: 0 - type: integer 
	Parameter VERSION bound to: 0 - type: integer 
	Parameter USE_EMBEDDED_CONSTRAINT bound to: 0 - type: integer 
	Parameter WRITE_DATA_WIDTH_A bound to: 138 - type: integer 
	Parameter READ_DATA_WIDTH_A bound to: 138 - type: integer 
	Parameter BYTE_WRITE_WIDTH_A bound to: 138 - type: integer 
	Parameter ADDR_WIDTH_A bound to: 5 - type: integer 
	Parameter READ_RESET_VALUE_A bound to: 0 - type: string 
	Parameter READ_LATENCY_A bound to: 2 - type: integer 
	Parameter WRITE_MODE_A bound to: 1 - type: integer 
	Parameter RST_MODE_A bound to: SYNC - type: string 
	Parameter WRITE_DATA_WIDTH_B bound to: 138 - type: integer 
	Parameter READ_DATA_WIDTH_B bound to: 138 - type: integer 
	Parameter BYTE_WRITE_WIDTH_B bound to: 138 - type: integer 
	Parameter ADDR_WIDTH_B bound to: 5 - type: integer 
	Parameter READ_RESET_VALUE_B bound to: 0 - type: string 
	Parameter READ_LATENCY_B bound to: 1 - type: integer 
	Parameter WRITE_MODE_B bound to: 1 - type: integer 
	Parameter RST_MODE_B bound to: SYNC - type: string 
	Parameter P_MEMORY_PRIMITIVE bound to: distributed - type: string 
	Parameter P_MIN_WIDTH_DATA_A bound to: 138 - type: integer 
	Parameter P_MIN_WIDTH_DATA_B bound to: 138 - type: integer 
	Parameter P_MIN_WIDTH_DATA bound to: 138 - type: integer 
	Parameter P_MIN_WIDTH_DATA_ECC bound to: 138 - type: integer 
	Parameter P_MAX_DEPTH_DATA bound to: 32 - type: integer 
	Parameter P_ECC_MODE bound to: no_ecc - type: string 
	Parameter P_MEMORY_OPT bound to: yes - type: string 
	Parameter P_WIDTH_COL_WRITE_A bound to: 138 - type: integer 
	Parameter P_WIDTH_COL_WRITE_B bound to: 138 - type: integer 
	Parameter P_NUM_COLS_WRITE_A bound to: 1 - type: integer 
	Parameter P_NUM_COLS_WRITE_B bound to: 1 - type: integer 
	Parameter P_NUM_ROWS_WRITE_A bound to: 1 - type: integer 
	Parameter P_NUM_ROWS_WRITE_B bound to: 1 - type: integer 
	Parameter P_NUM_ROWS_READ_A bound to: 1 - type: integer 
	Parameter P_NUM_ROWS_READ_B bound to: 1 - type: integer 
	Parameter P_WIDTH_ADDR_WRITE_A bound to: 5 - type: integer 
	Parameter P_WIDTH_ADDR_WRITE_B bound to: 5 - type: integer 
	Parameter P_WIDTH_ADDR_READ_A bound to: 5 - type: integer 
	Parameter P_WIDTH_ADDR_READ_B bound to: 5 - type: integer 
	Parameter P_WIDTH_ADDR_LSB_WRITE_A bound to: 0 - type: integer 
	Parameter P_WIDTH_ADDR_LSB_WRITE_B bound to: 0 - type: integer 
	Parameter P_WIDTH_ADDR_LSB_READ_A bound to: 0 - type: integer 
	Parameter P_WIDTH_ADDR_LSB_READ_B bound to: 0 - type: integer 
	Parameter P_ENABLE_BYTE_WRITE_A bound to: 0 - type: integer 
	Parameter P_ENABLE_BYTE_WRITE_B bound to: 0 - type: integer 
	Parameter P_SDP_WRITE_MODE bound to: yes - type: string 
	Parameter NUM_CHAR_LOC bound to: 0 - type: integer 
	Parameter MAX_NUM_CHAR bound to: 0 - type: integer 
	Parameter P_MIN_WIDTH_DATA_SHFT bound to: 138 - type: integer 
	Parameter P_MIN_WIDTH_DATA_LDW bound to: 4 - type: integer 
INFO: [Synth 8-5772] Detected attribute (* ram_ecc = "no_ecc" *) on RAM gen_wr_a.gen_word_narrow.mem_reg 
INFO: [Synth 8-6155] done synthesizing module 'xpm_memory_base__parameterized7' (56#1) [C:/Xilinx/Vivado/2018.3/data/ip/xpm/xpm_memory/hdl/xpm_memory.sv:57]
INFO: [Synth 8-6155] done synthesizing module 'xpm_memory_sdpram__parameterized7' (56#1) [C:/Xilinx/Vivado/2018.3/data/ip/xpm/xpm_memory/hdl/xpm_memory.sv:8368]
INFO: [Synth 8-5772] Detected attribute (* rw_addr_collision = "yes" *) on RAM gen_wr_a.gen_word_narrow.mem_reg 
INFO: [Synth 8-5772] Detected attribute (* rw_addr_collision = "yes" *) on RAM gen_wr_a.gen_word_narrow.mem_reg 
INFO: [Synth 8-5772] Detected attribute (* rw_addr_collision = "yes" *) on RAM gen_wr_a.gen_word_narrow.mem_reg 
INFO: [Synth 8-5772] Detected attribute (* rw_addr_collision = "yes" *) on RAM gen_wr_a.gen_word_narrow.mem_reg 
INFO: [Synth 8-5772] Detected attribute (* rw_addr_collision = "yes" *) on RAM gen_wr_a.gen_word_narrow.mem_reg 
INFO: [Synth 8-5772] Detected attribute (* rw_addr_collision = "yes" *) on RAM gen_wr_a.gen_word_narrow.mem_reg 
INFO: [Synth 8-5772] Detected attribute (* rw_addr_collision = "yes" *) on RAM gen_wr_a.gen_word_narrow.mem_reg 
INFO: [Synth 8-5772] Detected attribute (* rw_addr_collision = "yes" *) on RAM gen_wr_a.gen_word_narrow.mem_reg 
INFO: [Synth 8-6155] done synthesizing module 'bd_c34f_sarn_0' (57#1) [c:/Users/mcrye/Downloads/bladei_bse_zcu104/bladei_bse_zcu104.srcs/sources_1/bd/bse/ip/bse_smartconnect_0_0/bd_0/ip/ip_11/synth/bd_c34f_sarn_0.sv:58]
INFO: [Synth 8-6157] synthesizing module 'bd_c34f_srn_0' [c:/Users/mcrye/Downloads/bladei_bse_zcu104/bladei_bse_zcu104.srcs/sources_1/bd/bse/ip/bse_smartconnect_0_0/bd_0/ip/ip_12/synth/bd_c34f_srn_0.sv:58]
INFO: [Synth 8-6157] synthesizing module 'xpm_memory_sdpram__parameterized8' [C:/Xilinx/Vivado/2018.3/data/ip/xpm/xpm_memory/hdl/xpm_memory.sv:8368]
INFO: [Synth 8-6157] synthesizing module 'xpm_memory_base__parameterized8' [C:/Xilinx/Vivado/2018.3/data/ip/xpm/xpm_memory/hdl/xpm_memory.sv:57]
	Parameter MEMORY_TYPE bound to: 1 - type: integer 
	Parameter MEMORY_SIZE bound to: 5344 - type: integer 
	Parameter MEMORY_PRIMITIVE bound to: 1 - type: integer 
	Parameter CLOCKING_MODE bound to: 0 - type: integer 
	Parameter ECC_MODE bound to: 0 - type: integer 
	Parameter MEMORY_INIT_FILE bound to: none - type: string 
	Parameter MEMORY_INIT_PARAM bound to: (null) - type: string 
	Parameter USE_MEM_INIT bound to: 0 - type: integer 
	Parameter MEMORY_OPTIMIZATION bound to: true - type: string 
	Parameter WAKEUP_TIME bound to: 0 - type: integer 
	Parameter AUTO_SLEEP_TIME bound to: 0 - type: integer 
	Parameter MESSAGE_CONTROL bound to: 0 - type: integer 
	Parameter VERSION bound to: 0 - type: integer 
	Parameter USE_EMBEDDED_CONSTRAINT bound to: 0 - type: integer 
	Parameter WRITE_DATA_WIDTH_A bound to: 167 - type: integer 
	Parameter READ_DATA_WIDTH_A bound to: 167 - type: integer 
	Parameter BYTE_WRITE_WIDTH_A bound to: 167 - type: integer 
	Parameter ADDR_WIDTH_A bound to: 5 - type: integer 
	Parameter READ_RESET_VALUE_A bound to: 0 - type: string 
	Parameter READ_LATENCY_A bound to: 2 - type: integer 
	Parameter WRITE_MODE_A bound to: 1 - type: integer 
	Parameter RST_MODE_A bound to: SYNC - type: string 
	Parameter WRITE_DATA_WIDTH_B bound to: 167 - type: integer 
	Parameter READ_DATA_WIDTH_B bound to: 167 - type: integer 
	Parameter BYTE_WRITE_WIDTH_B bound to: 167 - type: integer 
	Parameter ADDR_WIDTH_B bound to: 5 - type: integer 
	Parameter READ_RESET_VALUE_B bound to: 0 - type: string 
	Parameter READ_LATENCY_B bound to: 1 - type: integer 
	Parameter WRITE_MODE_B bound to: 1 - type: integer 
	Parameter RST_MODE_B bound to: SYNC - type: string 
	Parameter P_MEMORY_PRIMITIVE bound to: distributed - type: string 
	Parameter P_MIN_WIDTH_DATA_A bound to: 167 - type: integer 
	Parameter P_MIN_WIDTH_DATA_B bound to: 167 - type: integer 
	Parameter P_MIN_WIDTH_DATA bound to: 167 - type: integer 
	Parameter P_MIN_WIDTH_DATA_ECC bound to: 167 - type: integer 
	Parameter P_MAX_DEPTH_DATA bound to: 32 - type: integer 
	Parameter P_ECC_MODE bound to: no_ecc - type: string 
	Parameter P_MEMORY_OPT bound to: yes - type: string 
	Parameter P_WIDTH_COL_WRITE_A bound to: 167 - type: integer 
	Parameter P_WIDTH_COL_WRITE_B bound to: 167 - type: integer 
	Parameter P_NUM_COLS_WRITE_A bound to: 1 - type: integer 
	Parameter P_NUM_COLS_WRITE_B bound to: 1 - type: integer 
	Parameter P_NUM_ROWS_WRITE_A bound to: 1 - type: integer 
	Parameter P_NUM_ROWS_WRITE_B bound to: 1 - type: integer 
	Parameter P_NUM_ROWS_READ_A bound to: 1 - type: integer 
	Parameter P_NUM_ROWS_READ_B bound to: 1 - type: integer 
	Parameter P_WIDTH_ADDR_WRITE_A bound to: 5 - type: integer 
	Parameter P_WIDTH_ADDR_WRITE_B bound to: 5 - type: integer 
	Parameter P_WIDTH_ADDR_READ_A bound to: 5 - type: integer 
	Parameter P_WIDTH_ADDR_READ_B bound to: 5 - type: integer 
	Parameter P_WIDTH_ADDR_LSB_WRITE_A bound to: 0 - type: integer 
	Parameter P_WIDTH_ADDR_LSB_WRITE_B bound to: 0 - type: integer 
	Parameter P_WIDTH_ADDR_LSB_READ_A bound to: 0 - type: integer 
	Parameter P_WIDTH_ADDR_LSB_READ_B bound to: 0 - type: integer 
	Parameter P_ENABLE_BYTE_WRITE_A bound to: 0 - type: integer 
	Parameter P_ENABLE_BYTE_WRITE_B bound to: 0 - type: integer 
	Parameter P_SDP_WRITE_MODE bound to: yes - type: string 
	Parameter NUM_CHAR_LOC bound to: 0 - type: integer 
	Parameter MAX_NUM_CHAR bound to: 0 - type: integer 
	Parameter P_MIN_WIDTH_DATA_SHFT bound to: 167 - type: integer 
	Parameter P_MIN_WIDTH_DATA_LDW bound to: 4 - type: integer 
INFO: [Synth 8-5772] Detected attribute (* ram_ecc = "no_ecc" *) on RAM gen_wr_a.gen_word_narrow.mem_reg 
INFO: [Synth 8-6155] done synthesizing module 'xpm_memory_base__parameterized8' (58#1) [C:/Xilinx/Vivado/2018.3/data/ip/xpm/xpm_memory/hdl/xpm_memory.sv:57]
INFO: [Synth 8-6155] done synthesizing module 'xpm_memory_sdpram__parameterized8' (58#1) [C:/Xilinx/Vivado/2018.3/data/ip/xpm/xpm_memory/hdl/xpm_memory.sv:8368]
INFO: [Synth 8-5772] Detected attribute (* rw_addr_collision = "yes" *) on RAM gen_wr_a.gen_word_narrow.mem_reg 
INFO: [Synth 8-5772] Detected attribute (* rw_addr_collision = "yes" *) on RAM gen_wr_a.gen_word_narrow.mem_reg 
INFO: [Synth 8-5772] Detected attribute (* rw_addr_collision = "yes" *) on RAM gen_wr_a.gen_word_narrow.mem_reg 
INFO: [Synth 8-5772] Detected attribute (* rw_addr_collision = "yes" *) on RAM gen_wr_a.gen_word_narrow.mem_reg 
INFO: [Synth 8-5772] Detected attribute (* rw_addr_collision = "yes" *) on RAM gen_wr_a.gen_word_narrow.mem_reg 
INFO: [Synth 8-5772] Detected attribute (* rw_addr_collision = "yes" *) on RAM gen_wr_a.gen_word_narrow.mem_reg 
INFO: [Synth 8-5772] Detected attribute (* rw_addr_collision = "yes" *) on RAM gen_wr_a.gen_word_narrow.mem_reg 
INFO: [Synth 8-5772] Detected attribute (* rw_addr_collision = "yes" *) on RAM gen_wr_a.gen_word_narrow.mem_reg 
INFO: [Synth 8-6155] done synthesizing module 'bd_c34f_srn_0' (59#1) [c:/Users/mcrye/Downloads/bladei_bse_zcu104/bladei_bse_zcu104.srcs/sources_1/bd/bse/ip/bse_smartconnect_0_0/bd_0/ip/ip_12/synth/bd_c34f_srn_0.sv:58]
INFO: [Synth 8-5772] Detected attribute (* rw_addr_collision = "yes" *) on RAM gen_wr_a.gen_word_narrow.mem_reg 
INFO: [Synth 8-5772] Detected attribute (* rw_addr_collision = "yes" *) on RAM gen_wr_a.gen_word_narrow.mem_reg 
INFO: [Synth 8-5772] Detected attribute (* rw_addr_collision = "yes" *) on RAM gen_wr_a.gen_word_narrow.mem_reg 
INFO: [Synth 8-5772] Detected attribute (* rw_addr_collision = "yes" *) on RAM gen_wr_a.gen_word_narrow.mem_reg 
INFO: [Synth 8-6155] done synthesizing module 's00_nodes_imp_NSWQO6' (60#1) [c:/Users/mcrye/Downloads/bladei_bse_zcu104/bladei_bse_zcu104.srcs/sources_1/bd/bse/ip/bse_smartconnect_0_0/bd_0/synth/bd_c34f.v:1959]
INFO: [Synth 8-6157] synthesizing module 'bd_c34f_s01a2s_0' [c:/Users/mcrye/Downloads/bladei_bse_zcu104/bladei_bse_zcu104.srcs/sources_1/bd/bse/ip/bse_smartconnect_0_0/bd_0/ip/ip_16/synth/bd_c34f_s01a2s_0.sv:58]
INFO: [Synth 8-6155] done synthesizing module 'bd_c34f_s01a2s_0' (61#1) [c:/Users/mcrye/Downloads/bladei_bse_zcu104/bladei_bse_zcu104.srcs/sources_1/bd/bse/ip/bse_smartconnect_0_0/bd_0/ip/ip_16/synth/bd_c34f_s01a2s_0.sv:58]
INFO: [Synth 8-6157] synthesizing module 's01_entry_pipeline_imp_1ORNAO8' [c:/Users/mcrye/Downloads/bladei_bse_zcu104/bladei_bse_zcu104.srcs/sources_1/bd/bse/ip/bse_smartconnect_0_0/bd_0/synth/bd_c34f.v:2090]
INFO: [Synth 8-6157] synthesizing module 'bd_c34f_s01mmu_0' [c:/Users/mcrye/Downloads/bladei_bse_zcu104/bladei_bse_zcu104.srcs/sources_1/bd/bse/ip/bse_smartconnect_0_0/bd_0/ip/ip_13/synth/bd_c34f_s01mmu_0.sv:59]
INFO: [Synth 8-6155] done synthesizing module 'bd_c34f_s01mmu_0' (62#1) [c:/Users/mcrye/Downloads/bladei_bse_zcu104/bladei_bse_zcu104.srcs/sources_1/bd/bse/ip/bse_smartconnect_0_0/bd_0/ip/ip_13/synth/bd_c34f_s01mmu_0.sv:59]
INFO: [Synth 8-6157] synthesizing module 'bd_c34f_s01sic_0' [c:/Users/mcrye/Downloads/bladei_bse_zcu104/bladei_bse_zcu104.srcs/sources_1/bd/bse/ip/bse_smartconnect_0_0/bd_0/ip/ip_15/synth/bd_c34f_s01sic_0.sv:58]
INFO: [Synth 8-6155] done synthesizing module 'bd_c34f_s01sic_0' (63#1) [c:/Users/mcrye/Downloads/bladei_bse_zcu104/bladei_bse_zcu104.srcs/sources_1/bd/bse/ip/bse_smartconnect_0_0/bd_0/ip/ip_15/synth/bd_c34f_s01sic_0.sv:58]
INFO: [Synth 8-6157] synthesizing module 'bd_c34f_s01tr_0' [c:/Users/mcrye/Downloads/bladei_bse_zcu104/bladei_bse_zcu104.srcs/sources_1/bd/bse/ip/bse_smartconnect_0_0/bd_0/ip/ip_14/synth/bd_c34f_s01tr_0.sv:58]
INFO: [Synth 8-6155] done synthesizing module 'bd_c34f_s01tr_0' (64#1) [c:/Users/mcrye/Downloads/bladei_bse_zcu104/bladei_bse_zcu104.srcs/sources_1/bd/bse/ip/bse_smartconnect_0_0/bd_0/ip/ip_14/synth/bd_c34f_s01tr_0.sv:58]
WARNING: [Synth 8-350] instance 's01_transaction_regulator' of module 'bd_c34f_s01tr_0' requires 46 connections, but only 44 given [c:/Users/mcrye/Downloads/bladei_bse_zcu104/bladei_bse_zcu104.srcs/sources_1/bd/bse/ip/bse_smartconnect_0_0/bd_0/synth/bd_c34f.v:2386]
INFO: [Synth 8-6155] done synthesizing module 's01_entry_pipeline_imp_1ORNAO8' (65#1) [c:/Users/mcrye/Downloads/bladei_bse_zcu104/bladei_bse_zcu104.srcs/sources_1/bd/bse/ip/bse_smartconnect_0_0/bd_0/synth/bd_c34f.v:2090]
INFO: [Synth 8-6157] synthesizing module 's01_nodes_imp_1JPHAWG' [c:/Users/mcrye/Downloads/bladei_bse_zcu104/bladei_bse_zcu104.srcs/sources_1/bd/bse/ip/bse_smartconnect_0_0/bd_0/synth/bd_c34f.v:2433]
INFO: [Synth 8-6157] synthesizing module 'bd_c34f_sawn_0' [c:/Users/mcrye/Downloads/bladei_bse_zcu104/bladei_bse_zcu104.srcs/sources_1/bd/bse/ip/bse_smartconnect_0_0/bd_0/ip/ip_17/synth/bd_c34f_sawn_0.sv:58]
INFO: [Synth 8-5772] Detected attribute (* rw_addr_collision = "yes" *) on RAM gen_wr_a.gen_word_narrow.mem_reg 
INFO: [Synth 8-5772] Detected attribute (* rw_addr_collision = "yes" *) on RAM gen_wr_a.gen_word_narrow.mem_reg 
INFO: [Synth 8-5772] Detected attribute (* rw_addr_collision = "yes" *) on RAM gen_wr_a.gen_word_narrow.mem_reg 
INFO: [Synth 8-5772] Detected attribute (* rw_addr_collision = "yes" *) on RAM gen_wr_a.gen_word_narrow.mem_reg 
INFO: [Common 17-14] Message 'Synth 8-5772' appears 100 times and further instances of the messages will be disabled. Use the Tcl command set_msg_config to change the current settings.
INFO: [Synth 8-6155] done synthesizing module 'bd_c34f_sawn_0' (66#1) [c:/Users/mcrye/Downloads/bladei_bse_zcu104/bladei_bse_zcu104.srcs/sources_1/bd/bse/ip/bse_smartconnect_0_0/bd_0/ip/ip_17/synth/bd_c34f_sawn_0.sv:58]
INFO: [Synth 8-6157] synthesizing module 'bd_c34f_sbn_0' [c:/Users/mcrye/Downloads/bladei_bse_zcu104/bladei_bse_zcu104.srcs/sources_1/bd/bse/ip/bse_smartconnect_0_0/bd_0/ip/ip_19/synth/bd_c34f_sbn_0.sv:58]
INFO: [Synth 8-6157] synthesizing module 'xpm_memory_sdpram__parameterized9' [C:/Xilinx/Vivado/2018.3/data/ip/xpm/xpm_memory/hdl/xpm_memory.sv:8368]
INFO: [Synth 8-6157] synthesizing module 'xpm_memory_base__parameterized9' [C:/Xilinx/Vivado/2018.3/data/ip/xpm/xpm_memory/hdl/xpm_memory.sv:57]
	Parameter MEMORY_TYPE bound to: 1 - type: integer 
	Parameter MEMORY_SIZE bound to: 768 - type: integer 
	Parameter MEMORY_PRIMITIVE bound to: 1 - type: integer 
	Parameter CLOCKING_MODE bound to: 0 - type: integer 
	Parameter ECC_MODE bound to: 0 - type: integer 
	Parameter MEMORY_INIT_FILE bound to: none - type: string 
	Parameter MEMORY_INIT_PARAM bound to: (null) - type: string 
	Parameter USE_MEM_INIT bound to: 0 - type: integer 
	Parameter MEMORY_OPTIMIZATION bound to: true - type: string 
	Parameter WAKEUP_TIME bound to: 0 - type: integer 
	Parameter AUTO_SLEEP_TIME bound to: 0 - type: integer 
	Parameter MESSAGE_CONTROL bound to: 0 - type: integer 
	Parameter VERSION bound to: 0 - type: integer 
	Parameter USE_EMBEDDED_CONSTRAINT bound to: 0 - type: integer 
	Parameter WRITE_DATA_WIDTH_A bound to: 24 - type: integer 
	Parameter READ_DATA_WIDTH_A bound to: 24 - type: integer 
	Parameter BYTE_WRITE_WIDTH_A bound to: 24 - type: integer 
	Parameter ADDR_WIDTH_A bound to: 5 - type: integer 
	Parameter READ_RESET_VALUE_A bound to: 0 - type: string 
	Parameter READ_LATENCY_A bound to: 2 - type: integer 
	Parameter WRITE_MODE_A bound to: 1 - type: integer 
	Parameter RST_MODE_A bound to: SYNC - type: string 
	Parameter WRITE_DATA_WIDTH_B bound to: 24 - type: integer 
	Parameter READ_DATA_WIDTH_B bound to: 24 - type: integer 
	Parameter BYTE_WRITE_WIDTH_B bound to: 24 - type: integer 
	Parameter ADDR_WIDTH_B bound to: 5 - type: integer 
	Parameter READ_RESET_VALUE_B bound to: 0 - type: string 
	Parameter READ_LATENCY_B bound to: 1 - type: integer 
	Parameter WRITE_MODE_B bound to: 1 - type: integer 
	Parameter RST_MODE_B bound to: SYNC - type: string 
	Parameter P_MEMORY_PRIMITIVE bound to: distributed - type: string 
	Parameter P_MIN_WIDTH_DATA_A bound to: 24 - type: integer 
	Parameter P_MIN_WIDTH_DATA_B bound to: 24 - type: integer 
	Parameter P_MIN_WIDTH_DATA bound to: 24 - type: integer 
	Parameter P_MIN_WIDTH_DATA_ECC bound to: 24 - type: integer 
	Parameter P_MAX_DEPTH_DATA bound to: 32 - type: integer 
	Parameter P_ECC_MODE bound to: no_ecc - type: string 
	Parameter P_MEMORY_OPT bound to: yes - type: string 
	Parameter P_WIDTH_COL_WRITE_A bound to: 24 - type: integer 
	Parameter P_WIDTH_COL_WRITE_B bound to: 24 - type: integer 
	Parameter P_NUM_COLS_WRITE_A bound to: 1 - type: integer 
	Parameter P_NUM_COLS_WRITE_B bound to: 1 - type: integer 
	Parameter P_NUM_ROWS_WRITE_A bound to: 1 - type: integer 
	Parameter P_NUM_ROWS_WRITE_B bound to: 1 - type: integer 
	Parameter P_NUM_ROWS_READ_A bound to: 1 - type: integer 
	Parameter P_NUM_ROWS_READ_B bound to: 1 - type: integer 
	Parameter P_WIDTH_ADDR_WRITE_A bound to: 5 - type: integer 
	Parameter P_WIDTH_ADDR_WRITE_B bound to: 5 - type: integer 
	Parameter P_WIDTH_ADDR_READ_A bound to: 5 - type: integer 
	Parameter P_WIDTH_ADDR_READ_B bound to: 5 - type: integer 
	Parameter P_WIDTH_ADDR_LSB_WRITE_A bound to: 0 - type: integer 
	Parameter P_WIDTH_ADDR_LSB_WRITE_B bound to: 0 - type: integer 
	Parameter P_WIDTH_ADDR_LSB_READ_A bound to: 0 - type: integer 
	Parameter P_WIDTH_ADDR_LSB_READ_B bound to: 0 - type: integer 
	Parameter P_ENABLE_BYTE_WRITE_A bound to: 0 - type: integer 
	Parameter P_ENABLE_BYTE_WRITE_B bound to: 0 - type: integer 
	Parameter P_SDP_WRITE_MODE bound to: yes - type: string 
	Parameter NUM_CHAR_LOC bound to: 0 - type: integer 
	Parameter MAX_NUM_CHAR bound to: 0 - type: integer 
	Parameter P_MIN_WIDTH_DATA_SHFT bound to: 24 - type: integer 
	Parameter P_MIN_WIDTH_DATA_LDW bound to: 4 - type: integer 
INFO: [Synth 8-6155] done synthesizing module 'xpm_memory_base__parameterized9' (66#1) [C:/Xilinx/Vivado/2018.3/data/ip/xpm/xpm_memory/hdl/xpm_memory.sv:57]
INFO: [Synth 8-6155] done synthesizing module 'xpm_memory_sdpram__parameterized9' (66#1) [C:/Xilinx/Vivado/2018.3/data/ip/xpm/xpm_memory/hdl/xpm_memory.sv:8368]
INFO: [Synth 8-6155] done synthesizing module 'bd_c34f_sbn_0' (67#1) [c:/Users/mcrye/Downloads/bladei_bse_zcu104/bladei_bse_zcu104.srcs/sources_1/bd/bse/ip/bse_smartconnect_0_0/bd_0/ip/ip_19/synth/bd_c34f_sbn_0.sv:58]
INFO: [Synth 8-6157] synthesizing module 'bd_c34f_swn_0' [c:/Users/mcrye/Downloads/bladei_bse_zcu104/bladei_bse_zcu104.srcs/sources_1/bd/bse/ip/bse_smartconnect_0_0/bd_0/ip/ip_18/synth/bd_c34f_swn_0.sv:58]
INFO: [Synth 8-6157] synthesizing module 'xpm_memory_sdpram__parameterized10' [C:/Xilinx/Vivado/2018.3/data/ip/xpm/xpm_memory/hdl/xpm_memory.sv:8368]
INFO: [Synth 8-6157] synthesizing module 'xpm_memory_base__parameterized10' [C:/Xilinx/Vivado/2018.3/data/ip/xpm/xpm_memory/hdl/xpm_memory.sv:57]
	Parameter MEMORY_TYPE bound to: 1 - type: integer 
	Parameter MEMORY_SIZE bound to: 5120 - type: integer 
	Parameter MEMORY_PRIMITIVE bound to: 1 - type: integer 
	Parameter CLOCKING_MODE bound to: 0 - type: integer 
	Parameter ECC_MODE bound to: 0 - type: integer 
	Parameter MEMORY_INIT_FILE bound to: none - type: string 
	Parameter MEMORY_INIT_PARAM bound to: (null) - type: string 
	Parameter USE_MEM_INIT bound to: 0 - type: integer 
	Parameter MEMORY_OPTIMIZATION bound to: true - type: string 
	Parameter WAKEUP_TIME bound to: 0 - type: integer 
	Parameter AUTO_SLEEP_TIME bound to: 0 - type: integer 
	Parameter MESSAGE_CONTROL bound to: 0 - type: integer 
	Parameter VERSION bound to: 0 - type: integer 
	Parameter USE_EMBEDDED_CONSTRAINT bound to: 0 - type: integer 
	Parameter WRITE_DATA_WIDTH_A bound to: 160 - type: integer 
	Parameter READ_DATA_WIDTH_A bound to: 160 - type: integer 
	Parameter BYTE_WRITE_WIDTH_A bound to: 160 - type: integer 
	Parameter ADDR_WIDTH_A bound to: 5 - type: integer 
	Parameter READ_RESET_VALUE_A bound to: 0 - type: string 
	Parameter READ_LATENCY_A bound to: 2 - type: integer 
	Parameter WRITE_MODE_A bound to: 1 - type: integer 
	Parameter RST_MODE_A bound to: SYNC - type: string 
	Parameter WRITE_DATA_WIDTH_B bound to: 160 - type: integer 
	Parameter READ_DATA_WIDTH_B bound to: 160 - type: integer 
	Parameter BYTE_WRITE_WIDTH_B bound to: 160 - type: integer 
	Parameter ADDR_WIDTH_B bound to: 5 - type: integer 
	Parameter READ_RESET_VALUE_B bound to: 0 - type: string 
	Parameter READ_LATENCY_B bound to: 1 - type: integer 
	Parameter WRITE_MODE_B bound to: 1 - type: integer 
	Parameter RST_MODE_B bound to: SYNC - type: string 
	Parameter P_MEMORY_PRIMITIVE bound to: distributed - type: string 
	Parameter P_MIN_WIDTH_DATA_A bound to: 160 - type: integer 
	Parameter P_MIN_WIDTH_DATA_B bound to: 160 - type: integer 
	Parameter P_MIN_WIDTH_DATA bound to: 160 - type: integer 
	Parameter P_MIN_WIDTH_DATA_ECC bound to: 160 - type: integer 
	Parameter P_MAX_DEPTH_DATA bound to: 32 - type: integer 
	Parameter P_ECC_MODE bound to: no_ecc - type: string 
	Parameter P_MEMORY_OPT bound to: yes - type: string 
	Parameter P_WIDTH_COL_WRITE_A bound to: 160 - type: integer 
	Parameter P_WIDTH_COL_WRITE_B bound to: 160 - type: integer 
	Parameter P_NUM_COLS_WRITE_A bound to: 1 - type: integer 
	Parameter P_NUM_COLS_WRITE_B bound to: 1 - type: integer 
	Parameter P_NUM_ROWS_WRITE_A bound to: 1 - type: integer 
	Parameter P_NUM_ROWS_WRITE_B bound to: 1 - type: integer 
	Parameter P_NUM_ROWS_READ_A bound to: 1 - type: integer 
	Parameter P_NUM_ROWS_READ_B bound to: 1 - type: integer 
	Parameter P_WIDTH_ADDR_WRITE_A bound to: 5 - type: integer 
	Parameter P_WIDTH_ADDR_WRITE_B bound to: 5 - type: integer 
	Parameter P_WIDTH_ADDR_READ_A bound to: 5 - type: integer 
	Parameter P_WIDTH_ADDR_READ_B bound to: 5 - type: integer 
	Parameter P_WIDTH_ADDR_LSB_WRITE_A bound to: 0 - type: integer 
	Parameter P_WIDTH_ADDR_LSB_WRITE_B bound to: 0 - type: integer 
	Parameter P_WIDTH_ADDR_LSB_READ_A bound to: 0 - type: integer 
	Parameter P_WIDTH_ADDR_LSB_READ_B bound to: 0 - type: integer 
	Parameter P_ENABLE_BYTE_WRITE_A bound to: 0 - type: integer 
	Parameter P_ENABLE_BYTE_WRITE_B bound to: 0 - type: integer 
	Parameter P_SDP_WRITE_MODE bound to: yes - type: string 
	Parameter NUM_CHAR_LOC bound to: 0 - type: integer 
	Parameter MAX_NUM_CHAR bound to: 0 - type: integer 
	Parameter P_MIN_WIDTH_DATA_SHFT bound to: 160 - type: integer 
	Parameter P_MIN_WIDTH_DATA_LDW bound to: 4 - type: integer 
INFO: [Synth 8-6155] done synthesizing module 'xpm_memory_base__parameterized10' (69#1) [C:/Xilinx/Vivado/2018.3/data/ip/xpm/xpm_memory/hdl/xpm_memory.sv:57]
INFO: [Synth 8-6155] done synthesizing module 'xpm_memory_sdpram__parameterized10' (69#1) [C:/Xilinx/Vivado/2018.3/data/ip/xpm/xpm_memory/hdl/xpm_memory.sv:8368]
INFO: [Synth 8-6155] done synthesizing module 'bd_c34f_swn_0' (70#1) [c:/Users/mcrye/Downloads/bladei_bse_zcu104/bladei_bse_zcu104.srcs/sources_1/bd/bse/ip/bse_smartconnect_0_0/bd_0/ip/ip_18/synth/bd_c34f_swn_0.sv:58]
INFO: [Synth 8-6155] done synthesizing module 's01_nodes_imp_1JPHAWG' (71#1) [c:/Users/mcrye/Downloads/bladei_bse_zcu104/bladei_bse_zcu104.srcs/sources_1/bd/bse/ip/bse_smartconnect_0_0/bd_0/synth/bd_c34f.v:2433]
INFO: [Synth 8-6157] synthesizing module 'switchboards_imp_H9Q58Y' [c:/Users/mcrye/Downloads/bladei_bse_zcu104/bladei_bse_zcu104.srcs/sources_1/bd/bse/ip/bse_smartconnect_0_0/bd_0/synth/bd_c34f.v:2619]
INFO: [Synth 8-6157] synthesizing module 'bd_c34f_arsw_0' [c:/Users/mcrye/Downloads/bladei_bse_zcu104/bladei_bse_zcu104.srcs/sources_1/bd/bse/ip/bse_smartconnect_0_0/bd_0/ip/ip_2/synth/bd_c34f_arsw_0.sv:57]
INFO: [Synth 8-6155] done synthesizing module 'bd_c34f_arsw_0' (74#1) [c:/Users/mcrye/Downloads/bladei_bse_zcu104/bladei_bse_zcu104.srcs/sources_1/bd/bse/ip/bse_smartconnect_0_0/bd_0/ip/ip_2/synth/bd_c34f_arsw_0.sv:57]
INFO: [Synth 8-6157] synthesizing module 'bd_c34f_awsw_0' [c:/Users/mcrye/Downloads/bladei_bse_zcu104/bladei_bse_zcu104.srcs/sources_1/bd/bse/ip/bse_smartconnect_0_0/bd_0/ip/ip_4/synth/bd_c34f_awsw_0.sv:57]
INFO: [Synth 8-6155] done synthesizing module 'bd_c34f_awsw_0' (75#1) [c:/Users/mcrye/Downloads/bladei_bse_zcu104/bladei_bse_zcu104.srcs/sources_1/bd/bse/ip/bse_smartconnect_0_0/bd_0/ip/ip_4/synth/bd_c34f_awsw_0.sv:57]
INFO: [Synth 8-6157] synthesizing module 'bd_c34f_bsw_0' [c:/Users/mcrye/Downloads/bladei_bse_zcu104/bladei_bse_zcu104.srcs/sources_1/bd/bse/ip/bse_smartconnect_0_0/bd_0/ip/ip_6/synth/bd_c34f_bsw_0.sv:57]
INFO: [Synth 8-6155] done synthesizing module 'bd_c34f_bsw_0' (76#1) [c:/Users/mcrye/Downloads/bladei_bse_zcu104/bladei_bse_zcu104.srcs/sources_1/bd/bse/ip/bse_smartconnect_0_0/bd_0/ip/ip_6/synth/bd_c34f_bsw_0.sv:57]
INFO: [Synth 8-6157] synthesizing module 'bd_c34f_rsw_0' [c:/Users/mcrye/Downloads/bladei_bse_zcu104/bladei_bse_zcu104.srcs/sources_1/bd/bse/ip/bse_smartconnect_0_0/bd_0/ip/ip_3/synth/bd_c34f_rsw_0.sv:57]
INFO: [Synth 8-6155] done synthesizing module 'bd_c34f_rsw_0' (77#1) [c:/Users/mcrye/Downloads/bladei_bse_zcu104/bladei_bse_zcu104.srcs/sources_1/bd/bse/ip/bse_smartconnect_0_0/bd_0/ip/ip_3/synth/bd_c34f_rsw_0.sv:57]
INFO: [Synth 8-6157] synthesizing module 'bd_c34f_wsw_0' [c:/Users/mcrye/Downloads/bladei_bse_zcu104/bladei_bse_zcu104.srcs/sources_1/bd/bse/ip/bse_smartconnect_0_0/bd_0/ip/ip_5/synth/bd_c34f_wsw_0.sv:57]
INFO: [Synth 8-6155] done synthesizing module 'bd_c34f_wsw_0' (78#1) [c:/Users/mcrye/Downloads/bladei_bse_zcu104/bladei_bse_zcu104.srcs/sources_1/bd/bse/ip/bse_smartconnect_0_0/bd_0/ip/ip_5/synth/bd_c34f_wsw_0.sv:57]
INFO: [Synth 8-6155] done synthesizing module 'switchboards_imp_H9Q58Y' (79#1) [c:/Users/mcrye/Downloads/bladei_bse_zcu104/bladei_bse_zcu104.srcs/sources_1/bd/bse/ip/bse_smartconnect_0_0/bd_0/synth/bd_c34f.v:2619]
WARNING: [Synth 8-350] instance 'switchboards' of module 'switchboards_imp_H9Q58Y' requires 77 connections, but only 66 given [c:/Users/mcrye/Downloads/bladei_bse_zcu104/bladei_bse_zcu104.srcs/sources_1/bd/bse/ip/bse_smartconnect_0_0/bd_0/synth/bd_c34f.v:880]
INFO: [Synth 8-6155] done synthesizing module 'bd_c34f' (80#1) [c:/Users/mcrye/Downloads/bladei_bse_zcu104/bladei_bse_zcu104.srcs/sources_1/bd/bse/ip/bse_smartconnect_0_0/bd_0/synth/bd_c34f.v:10]
INFO: [Synth 8-6155] done synthesizing module 'bse_smartconnect_0_0' (81#1) [c:/Users/mcrye/Downloads/bladei_bse_zcu104/bladei_bse_zcu104.srcs/sources_1/bd/bse/ip/bse_smartconnect_0_0/synth/bse_smartconnect_0_0.v:57]
WARNING: [Synth 8-3331] design sc_util_v1_0_4_pipeline__parameterized10 has unconnected port aclk
WARNING: [Synth 8-3331] design sc_util_v1_0_4_pipeline__parameterized10 has unconnected port aclken
WARNING: [Synth 8-3331] design sc_util_v1_0_4_pipeline__parameterized10 has unconnected port areset
WARNING: [Synth 8-3331] design sc_util_v1_0_4_onehot_to_binary__parameterized1 has unconnected port din[0]
WARNING: [Synth 8-3331] design sc_util_v1_0_4_pipeline__parameterized16 has unconnected port aclk
WARNING: [Synth 8-3331] design sc_util_v1_0_4_pipeline__parameterized16 has unconnected port aclken
WARNING: [Synth 8-3331] design sc_util_v1_0_4_pipeline__parameterized16 has unconnected port areset
WARNING: [Synth 8-3331] design sc_switchboard_v1_0_6_top__parameterized2 has unconnected port connectivity[1]
WARNING: [Synth 8-3331] design sc_switchboard_v1_0_6_top__parameterized2 has unconnected port connectivity[0]
WARNING: [Synth 8-3331] design sc_util_v1_0_4_onehot_to_binary__parameterized2 has unconnected port din[0]
WARNING: [Synth 8-3331] design sc_util_v1_0_4_pipeline__parameterized14 has unconnected port aclk
WARNING: [Synth 8-3331] design sc_util_v1_0_4_pipeline__parameterized14 has unconnected port aclken
WARNING: [Synth 8-3331] design sc_util_v1_0_4_pipeline__parameterized14 has unconnected port areset
WARNING: [Synth 8-3331] design sc_switchboard_v1_0_6_top__parameterized1 has unconnected port connectivity[1]
WARNING: [Synth 8-3331] design sc_switchboard_v1_0_6_top__parameterized1 has unconnected port connectivity[0]
WARNING: [Synth 8-3331] design sc_util_v1_0_4_pipeline__parameterized12 has unconnected port aclk
WARNING: [Synth 8-3331] design sc_util_v1_0_4_pipeline__parameterized12 has unconnected port aclken
WARNING: [Synth 8-3331] design sc_util_v1_0_4_pipeline__parameterized12 has unconnected port areset
WARNING: [Synth 8-3331] design sc_switchboard_v1_0_6_top__parameterized0 has unconnected port connectivity[1]
WARNING: [Synth 8-3331] design sc_switchboard_v1_0_6_top__parameterized0 has unconnected port connectivity[0]
WARNING: [Synth 8-3331] design sc_util_v1_0_4_pipeline__parameterized9 has unconnected port aclk
WARNING: [Synth 8-3331] design sc_util_v1_0_4_pipeline__parameterized9 has unconnected port aclken
WARNING: [Synth 8-3331] design sc_util_v1_0_4_pipeline__parameterized9 has unconnected port areset
WARNING: [Synth 8-3331] design sc_switchboard_v1_0_6_top has unconnected port connectivity[1]
WARNING: [Synth 8-3331] design sc_switchboard_v1_0_6_top has unconnected port connectivity[0]
WARNING: [Synth 8-3331] design switchboards_imp_H9Q58Y has unconnected port aresetn
WARNING: [Synth 8-3331] design sc_util_v1_0_4_onehot_to_binary__parameterized0 has unconnected port din[0]
WARNING: [Synth 8-3331] design sc_util_v1_0_4_pipeline__parameterized0 has unconnected port aclk
WARNING: [Synth 8-3331] design sc_util_v1_0_4_pipeline__parameterized0 has unconnected port aclken
WARNING: [Synth 8-3331] design sc_util_v1_0_4_pipeline__parameterized0 has unconnected port areset
WARNING: [Synth 8-3331] design sc_node_v1_0_10_ingress__parameterized8 has unconnected port s_sc_payld[159]
WARNING: [Synth 8-3331] design sc_node_v1_0_10_ingress__parameterized8 has unconnected port s_sc_payld[158]
WARNING: [Synth 8-3331] design sc_node_v1_0_10_ingress__parameterized8 has unconnected port s_sc_payld[157]
WARNING: [Synth 8-3331] design sc_node_v1_0_10_ingress__parameterized8 has unconnected port s_sc_payld[156]
WARNING: [Synth 8-3331] design sc_node_v1_0_10_ingress__parameterized8 has unconnected port s_sc_payld[155]
WARNING: [Synth 8-3331] design sc_node_v1_0_10_ingress__parameterized8 has unconnected port s_sc_payld[154]
WARNING: [Synth 8-3331] design sc_node_v1_0_10_ingress__parameterized8 has unconnected port s_sc_payld[153]
WARNING: [Synth 8-3331] design sc_node_v1_0_10_ingress__parameterized8 has unconnected port s_sc_payld[152]
WARNING: [Synth 8-3331] design sc_node_v1_0_10_ingress__parameterized8 has unconnected port s_sc_payld[151]
WARNING: [Synth 8-3331] design sc_node_v1_0_10_ingress__parameterized8 has unconnected port s_sc_payld[150]
WARNING: [Synth 8-3331] design sc_node_v1_0_10_ingress__parameterized8 has unconnected port s_sc_payld[149]
WARNING: [Synth 8-3331] design sc_node_v1_0_10_ingress__parameterized8 has unconnected port s_sc_payld[148]
WARNING: [Synth 8-3331] design sc_node_v1_0_10_ingress__parameterized8 has unconnected port s_sc_payld[147]
WARNING: [Synth 8-3331] design sc_node_v1_0_10_ingress__parameterized8 has unconnected port s_sc_payld[146]
WARNING: [Synth 8-3331] design sc_node_v1_0_10_ingress__parameterized8 has unconnected port s_sc_payld[145]
WARNING: [Synth 8-3331] design sc_node_v1_0_10_ingress__parameterized8 has unconnected port s_sc_payld[144]
WARNING: [Synth 8-3331] design sc_node_v1_0_10_ingress__parameterized8 has unconnected port s_sc_payld[143]
WARNING: [Synth 8-3331] design sc_node_v1_0_10_ingress__parameterized8 has unconnected port s_sc_payld[142]
WARNING: [Synth 8-3331] design sc_node_v1_0_10_ingress__parameterized8 has unconnected port s_sc_payld[141]
WARNING: [Synth 8-3331] design sc_node_v1_0_10_ingress__parameterized8 has unconnected port s_sc_payld[140]
WARNING: [Synth 8-3331] design sc_node_v1_0_10_ingress__parameterized8 has unconnected port s_sc_payld[139]
WARNING: [Synth 8-3331] design sc_node_v1_0_10_ingress__parameterized8 has unconnected port s_sc_payld[138]
WARNING: [Synth 8-3331] design sc_node_v1_0_10_ingress__parameterized8 has unconnected port s_sc_payld[137]
WARNING: [Synth 8-3331] design sc_node_v1_0_10_ingress__parameterized8 has unconnected port s_sc_payld[136]
WARNING: [Synth 8-3331] design sc_node_v1_0_10_ingress__parameterized8 has unconnected port s_sc_payld[135]
WARNING: [Synth 8-3331] design sc_node_v1_0_10_ingress__parameterized8 has unconnected port s_sc_payld[134]
WARNING: [Synth 8-3331] design sc_node_v1_0_10_ingress__parameterized8 has unconnected port s_sc_payld[133]
WARNING: [Synth 8-3331] design sc_node_v1_0_10_ingress__parameterized8 has unconnected port s_sc_payld[132]
WARNING: [Synth 8-3331] design sc_node_v1_0_10_ingress__parameterized8 has unconnected port s_sc_payld[131]
WARNING: [Synth 8-3331] design sc_node_v1_0_10_ingress__parameterized8 has unconnected port s_sc_payld[130]
WARNING: [Synth 8-3331] design sc_node_v1_0_10_ingress__parameterized8 has unconnected port s_sc_payld[129]
WARNING: [Synth 8-3331] design sc_node_v1_0_10_ingress__parameterized8 has unconnected port s_sc_payld[128]
WARNING: [Synth 8-3331] design sc_node_v1_0_10_ingress__parameterized8 has unconnected port s_sc_payld[127]
WARNING: [Synth 8-3331] design sc_node_v1_0_10_ingress__parameterized8 has unconnected port s_sc_payld[126]
WARNING: [Synth 8-3331] design sc_node_v1_0_10_ingress__parameterized8 has unconnected port s_sc_payld[125]
WARNING: [Synth 8-3331] design sc_node_v1_0_10_ingress__parameterized8 has unconnected port s_sc_payld[124]
WARNING: [Synth 8-3331] design sc_node_v1_0_10_ingress__parameterized8 has unconnected port s_sc_payld[123]
WARNING: [Synth 8-3331] design sc_node_v1_0_10_ingress__parameterized8 has unconnected port s_sc_payld[122]
WARNING: [Synth 8-3331] design sc_node_v1_0_10_ingress__parameterized8 has unconnected port s_sc_payld[121]
WARNING: [Synth 8-3331] design sc_node_v1_0_10_ingress__parameterized8 has unconnected port s_sc_payld[120]
WARNING: [Synth 8-3331] design sc_node_v1_0_10_ingress__parameterized8 has unconnected port s_sc_payld[119]
WARNING: [Synth 8-3331] design sc_node_v1_0_10_ingress__parameterized8 has unconnected port s_sc_payld[118]
WARNING: [Synth 8-3331] design sc_node_v1_0_10_ingress__parameterized8 has unconnected port s_sc_payld[117]
WARNING: [Synth 8-3331] design sc_node_v1_0_10_ingress__parameterized8 has unconnected port s_sc_payld[116]
WARNING: [Synth 8-3331] design sc_node_v1_0_10_ingress__parameterized8 has unconnected port s_sc_payld[115]
WARNING: [Synth 8-3331] design sc_node_v1_0_10_ingress__parameterized8 has unconnected port s_sc_payld[114]
WARNING: [Synth 8-3331] design sc_node_v1_0_10_ingress__parameterized8 has unconnected port s_sc_payld[113]
WARNING: [Synth 8-3331] design sc_node_v1_0_10_ingress__parameterized8 has unconnected port s_sc_payld[112]
WARNING: [Synth 8-3331] design sc_node_v1_0_10_ingress__parameterized8 has unconnected port s_sc_payld[111]
WARNING: [Synth 8-3331] design sc_node_v1_0_10_ingress__parameterized8 has unconnected port s_sc_payld[110]
WARNING: [Synth 8-3331] design sc_node_v1_0_10_ingress__parameterized8 has unconnected port s_sc_payld[109]
WARNING: [Synth 8-3331] design sc_node_v1_0_10_ingress__parameterized8 has unconnected port s_sc_payld[108]
WARNING: [Synth 8-3331] design sc_node_v1_0_10_ingress__parameterized8 has unconnected port s_sc_payld[107]
WARNING: [Synth 8-3331] design sc_node_v1_0_10_ingress__parameterized8 has unconnected port s_sc_payld[106]
WARNING: [Synth 8-3331] design sc_node_v1_0_10_ingress__parameterized8 has unconnected port s_sc_payld[105]
WARNING: [Synth 8-3331] design sc_node_v1_0_10_ingress__parameterized8 has unconnected port s_sc_payld[104]
WARNING: [Synth 8-3331] design sc_node_v1_0_10_ingress__parameterized8 has unconnected port s_sc_payld[103]
WARNING: [Synth 8-3331] design sc_node_v1_0_10_ingress__parameterized8 has unconnected port s_sc_payld[102]
WARNING: [Synth 8-3331] design sc_node_v1_0_10_ingress__parameterized8 has unconnected port s_sc_payld[101]
WARNING: [Synth 8-3331] design sc_node_v1_0_10_ingress__parameterized8 has unconnected port s_sc_payld[100]
WARNING: [Synth 8-3331] design sc_node_v1_0_10_ingress__parameterized8 has unconnected port s_sc_payld[99]
WARNING: [Synth 8-3331] design sc_node_v1_0_10_ingress__parameterized8 has unconnected port s_sc_payld[98]
WARNING: [Synth 8-3331] design sc_node_v1_0_10_ingress__parameterized8 has unconnected port s_sc_payld[97]
WARNING: [Synth 8-3331] design sc_node_v1_0_10_ingress__parameterized8 has unconnected port s_sc_payld[96]
WARNING: [Synth 8-3331] design sc_node_v1_0_10_ingress__parameterized8 has unconnected port s_sc_payld[95]
WARNING: [Synth 8-3331] design sc_node_v1_0_10_ingress__parameterized8 has unconnected port s_sc_payld[94]
WARNING: [Synth 8-3331] design sc_node_v1_0_10_ingress__parameterized8 has unconnected port s_sc_payld[93]
WARNING: [Synth 8-3331] design sc_node_v1_0_10_ingress__parameterized8 has unconnected port s_sc_payld[92]
WARNING: [Synth 8-3331] design sc_node_v1_0_10_ingress__parameterized8 has unconnected port s_sc_payld[91]
WARNING: [Synth 8-3331] design sc_node_v1_0_10_ingress__parameterized8 has unconnected port s_sc_payld[90]
INFO: [Common 17-14] Message 'Synth 8-3331' appears 100 times and further instances of the messages will be disabled. Use the Tcl command set_msg_config to change the current settings.
---------------------------------------------------------------------------------
Finished RTL Elaboration : Time (s): cpu = 00:00:23 ; elapsed = 00:00:25 . Memory (MB): peak = 593.238 ; gain = 300.820
---------------------------------------------------------------------------------

Report Check Netlist: 
+------+------------------+-------+---------+-------+------------------+
|      |Item              |Errors |Warnings |Status |Description       |
+------+------------------+-------+---------+-------+------------------+
|1     |multi_driven_nets |      0|        0|Passed |Multi driven nets |
+------+------------------+-------+---------+-------+------------------+
---------------------------------------------------------------------------------
Start Handling Custom Attributes
---------------------------------------------------------------------------------
---------------------------------------------------------------------------------
Finished Handling Custom Attributes : Time (s): cpu = 00:00:25 ; elapsed = 00:00:27 . Memory (MB): peak = 593.238 ; gain = 300.820
---------------------------------------------------------------------------------
---------------------------------------------------------------------------------
Finished RTL Optimization Phase 1 : Time (s): cpu = 00:00:25 ; elapsed = 00:00:27 . Memory (MB): peak = 593.238 ; gain = 300.820
---------------------------------------------------------------------------------
INFO: [Netlist 29-17] Analyzing 13 Unisim elements for replacement
INFO: [Netlist 29-28] Unisim Transformation completed in 0 CPU seconds
INFO: [Device 21-403] Loading part xczu7ev-ffvc1156-2-e
INFO: [Project 1-570] Preparing netlist for logic optimization

Processing XDC Constraints
Initializing timing engine
Parsing XDC File [c:/Users/mcrye/Downloads/bladei_bse_zcu104/bladei_bse_zcu104.srcs/sources_1/bd/bse/ip/bse_smartconnect_0_0/ooc.xdc] for cell 'inst'
Finished Parsing XDC File [c:/Users/mcrye/Downloads/bladei_bse_zcu104/bladei_bse_zcu104.srcs/sources_1/bd/bse/ip/bse_smartconnect_0_0/ooc.xdc] for cell 'inst'
Parsing XDC File [c:/Users/mcrye/Downloads/bladei_bse_zcu104/bladei_bse_zcu104.srcs/sources_1/bd/bse/ip/bse_smartconnect_0_0/bd_0/ip/ip_1/bd_c34f_psr_aclk_0_board.xdc] for cell 'inst/clk_map/psr_aclk/U0'
Finished Parsing XDC File [c:/Users/mcrye/Downloads/bladei_bse_zcu104/bladei_bse_zcu104.srcs/sources_1/bd/bse/ip/bse_smartconnect_0_0/bd_0/ip/ip_1/bd_c34f_psr_aclk_0_board.xdc] for cell 'inst/clk_map/psr_aclk/U0'
Parsing XDC File [c:/Users/mcrye/Downloads/bladei_bse_zcu104/bladei_bse_zcu104.srcs/sources_1/bd/bse/ip/bse_smartconnect_0_0/bd_0/ip/ip_1/bd_c34f_psr_aclk_0.xdc] for cell 'inst/clk_map/psr_aclk/U0'
Finished Parsing XDC File [c:/Users/mcrye/Downloads/bladei_bse_zcu104/bladei_bse_zcu104.srcs/sources_1/bd/bse/ip/bse_smartconnect_0_0/bd_0/ip/ip_1/bd_c34f_psr_aclk_0.xdc] for cell 'inst/clk_map/psr_aclk/U0'
Parsing XDC File [C:/Users/mcrye/Downloads/bladei_bse_zcu104/bladei_bse_zcu104.runs/bse_smartconnect_0_0_synth_1/dont_touch.xdc]
Finished Parsing XDC File [C:/Users/mcrye/Downloads/bladei_bse_zcu104/bladei_bse_zcu104.runs/bse_smartconnect_0_0_synth_1/dont_touch.xdc]
Sourcing Tcl File [C:/Xilinx/Vivado/2018.3/data/ip/xpm/xpm_memory/tcl/xpm_memory_xdc.tcl] for cell 'inst/m00_nodes/m00_ar_node/inst/inst_mi_handler/gen_normal_area.gen_node_prog_full.inst_node_prog_full/gen_xpm_memory_fifo.inst_fifo/gen_mem_rep[0].inst_xpm_memory'
WARNING: [Vivado 12-180] No cells matched 'get_cells -hier -filter {PRIMITIVE_SUBGROUP==LUTRAM || PRIMITIVE_SUBGROUP==dram || PRIMITIVE_SUBGROUP==uram || PRIMITIVE_SUBGROUP==BRAM}'. [C:/Xilinx/Vivado/2018.3/data/ip/xpm/xpm_memory/tcl/xpm_memory_xdc.tcl:3]
Finished Sourcing Tcl File [C:/Xilinx/Vivado/2018.3/data/ip/xpm/xpm_memory/tcl/xpm_memory_xdc.tcl] for cell 'inst/m00_nodes/m00_ar_node/inst/inst_mi_handler/gen_normal_area.gen_node_prog_full.inst_node_prog_full/gen_xpm_memory_fifo.inst_fifo/gen_mem_rep[0].inst_xpm_memory'
Sourcing Tcl File [C:/Xilinx/Vivado/2018.3/data/ip/xpm/xpm_memory/tcl/xpm_memory_xdc.tcl] for cell 'inst/m00_nodes/m00_aw_node/inst/inst_mi_handler/gen_normal_area.gen_node_prog_full.inst_node_prog_full/gen_xpm_memory_fifo.inst_fifo/gen_mem_rep[0].inst_xpm_memory'
WARNING: [Vivado 12-180] No cells matched 'get_cells -hier -filter {PRIMITIVE_SUBGROUP==LUTRAM || PRIMITIVE_SUBGROUP==dram || PRIMITIVE_SUBGROUP==uram || PRIMITIVE_SUBGROUP==BRAM}'. [C:/Xilinx/Vivado/2018.3/data/ip/xpm/xpm_memory/tcl/xpm_memory_xdc.tcl:3]
Finished Sourcing Tcl File [C:/Xilinx/Vivado/2018.3/data/ip/xpm/xpm_memory/tcl/xpm_memory_xdc.tcl] for cell 'inst/m00_nodes/m00_aw_node/inst/inst_mi_handler/gen_normal_area.gen_node_prog_full.inst_node_prog_full/gen_xpm_memory_fifo.inst_fifo/gen_mem_rep[0].inst_xpm_memory'
Sourcing Tcl File [C:/Xilinx/Vivado/2018.3/data/ip/xpm/xpm_memory/tcl/xpm_memory_xdc.tcl] for cell 'inst/m00_nodes/m00_w_node/inst/inst_mi_handler/gen_normal_area.gen_node_prog_full.inst_node_prog_full/gen_xpm_memory_fifo.inst_fifo/gen_mem_rep[0].inst_xpm_memory'
WARNING: [Vivado 12-180] No cells matched 'get_cells -hier -filter {PRIMITIVE_SUBGROUP==LUTRAM || PRIMITIVE_SUBGROUP==dram || PRIMITIVE_SUBGROUP==uram || PRIMITIVE_SUBGROUP==BRAM}'. [C:/Xilinx/Vivado/2018.3/data/ip/xpm/xpm_memory/tcl/xpm_memory_xdc.tcl:3]
Finished Sourcing Tcl File [C:/Xilinx/Vivado/2018.3/data/ip/xpm/xpm_memory/tcl/xpm_memory_xdc.tcl] for cell 'inst/m00_nodes/m00_w_node/inst/inst_mi_handler/gen_normal_area.gen_node_prog_full.inst_node_prog_full/gen_xpm_memory_fifo.inst_fifo/gen_mem_rep[0].inst_xpm_memory'
Sourcing Tcl File [C:/Xilinx/Vivado/2018.3/data/ip/xpm/xpm_memory/tcl/xpm_memory_xdc.tcl] for cell 'inst/s00_nodes/s00_r_node/inst/inst_mi_handler/gen_normal_area.gen_node_prog_full.inst_node_prog_full/gen_xpm_memory_fifo.inst_fifo/gen_mem_rep[0].inst_xpm_memory'
WARNING: [Vivado 12-180] No cells matched 'get_cells -hier -filter {PRIMITIVE_SUBGROUP==LUTRAM || PRIMITIVE_SUBGROUP==dram || PRIMITIVE_SUBGROUP==uram || PRIMITIVE_SUBGROUP==BRAM}'. [C:/Xilinx/Vivado/2018.3/data/ip/xpm/xpm_memory/tcl/xpm_memory_xdc.tcl:3]
Finished Sourcing Tcl File [C:/Xilinx/Vivado/2018.3/data/ip/xpm/xpm_memory/tcl/xpm_memory_xdc.tcl] for cell 'inst/s00_nodes/s00_r_node/inst/inst_mi_handler/gen_normal_area.gen_node_prog_full.inst_node_prog_full/gen_xpm_memory_fifo.inst_fifo/gen_mem_rep[0].inst_xpm_memory'
Sourcing Tcl File [C:/Xilinx/Vivado/2018.3/data/ip/xpm/xpm_memory/tcl/xpm_memory_xdc.tcl] for cell 'inst/s01_nodes/s01_b_node/inst/inst_mi_handler/gen_normal_area.gen_node_prog_full.inst_node_prog_full/gen_xpm_memory_fifo.inst_fifo/gen_mem_rep[0].inst_xpm_memory'
WARNING: [Vivado 12-180] No cells matched 'get_cells -hier -filter {PRIMITIVE_SUBGROUP==LUTRAM || PRIMITIVE_SUBGROUP==dram || PRIMITIVE_SUBGROUP==uram || PRIMITIVE_SUBGROUP==BRAM}'. [C:/Xilinx/Vivado/2018.3/data/ip/xpm/xpm_memory/tcl/xpm_memory_xdc.tcl:3]
Finished Sourcing Tcl File [C:/Xilinx/Vivado/2018.3/data/ip/xpm/xpm_memory/tcl/xpm_memory_xdc.tcl] for cell 'inst/s01_nodes/s01_b_node/inst/inst_mi_handler/gen_normal_area.gen_node_prog_full.inst_node_prog_full/gen_xpm_memory_fifo.inst_fifo/gen_mem_rep[0].inst_xpm_memory'
Sourcing Tcl File [C:/Xilinx/Vivado/2018.3/data/ip/xpm/xpm_memory/tcl/xpm_memory_xdc.tcl] for cell 'inst/m00_nodes/m00_ar_node/inst/inst_mi_handler/gen_normal_area.inst_fifo_node_payld/gen_xpm_memory_fifo.inst_fifo/gen_mem_rep[0].inst_xpm_memory'
WARNING: [Vivado 12-180] No cells matched 'get_cells -hier -filter {PRIMITIVE_SUBGROUP==LUTRAM || PRIMITIVE_SUBGROUP==dram || PRIMITIVE_SUBGROUP==uram || PRIMITIVE_SUBGROUP==BRAM}'. [C:/Xilinx/Vivado/2018.3/data/ip/xpm/xpm_memory/tcl/xpm_memory_xdc.tcl:3]
Finished Sourcing Tcl File [C:/Xilinx/Vivado/2018.3/data/ip/xpm/xpm_memory/tcl/xpm_memory_xdc.tcl] for cell 'inst/m00_nodes/m00_ar_node/inst/inst_mi_handler/gen_normal_area.inst_fifo_node_payld/gen_xpm_memory_fifo.inst_fifo/gen_mem_rep[0].inst_xpm_memory'
Sourcing Tcl File [C:/Xilinx/Vivado/2018.3/data/ip/xpm/xpm_memory/tcl/xpm_memory_xdc.tcl] for cell 'inst/m00_nodes/m00_aw_node/inst/inst_mi_handler/gen_normal_area.inst_fifo_node_payld/gen_xpm_memory_fifo.inst_fifo/gen_mem_rep[0].inst_xpm_memory'
WARNING: [Vivado 12-180] No cells matched 'get_cells -hier -filter {PRIMITIVE_SUBGROUP==LUTRAM || PRIMITIVE_SUBGROUP==dram || PRIMITIVE_SUBGROUP==uram || PRIMITIVE_SUBGROUP==BRAM}'. [C:/Xilinx/Vivado/2018.3/data/ip/xpm/xpm_memory/tcl/xpm_memory_xdc.tcl:3]
Finished Sourcing Tcl File [C:/Xilinx/Vivado/2018.3/data/ip/xpm/xpm_memory/tcl/xpm_memory_xdc.tcl] for cell 'inst/m00_nodes/m00_aw_node/inst/inst_mi_handler/gen_normal_area.inst_fifo_node_payld/gen_xpm_memory_fifo.inst_fifo/gen_mem_rep[0].inst_xpm_memory'
Sourcing Tcl File [C:/Xilinx/Vivado/2018.3/data/ip/xpm/xpm_memory/tcl/xpm_memory_xdc.tcl] for cell 'inst/m00_nodes/m00_b_node/inst/inst_mi_handler/gen_normal_area.gen_fifo_req.inst_fifo_req/gen_xpm_memory_fifo.inst_fifo/gen_mem_rep[0].inst_xpm_memory'
WARNING: [Vivado 12-180] No cells matched 'get_cells -hier -filter {PRIMITIVE_SUBGROUP==LUTRAM || PRIMITIVE_SUBGROUP==dram || PRIMITIVE_SUBGROUP==uram || PRIMITIVE_SUBGROUP==BRAM}'. [C:/Xilinx/Vivado/2018.3/data/ip/xpm/xpm_memory/tcl/xpm_memory_xdc.tcl:3]
Finished Sourcing Tcl File [C:/Xilinx/Vivado/2018.3/data/ip/xpm/xpm_memory/tcl/xpm_memory_xdc.tcl] for cell 'inst/m00_nodes/m00_b_node/inst/inst_mi_handler/gen_normal_area.gen_fifo_req.inst_fifo_req/gen_xpm_memory_fifo.inst_fifo/gen_mem_rep[0].inst_xpm_memory'
Sourcing Tcl File [C:/Xilinx/Vivado/2018.3/data/ip/xpm/xpm_memory/tcl/xpm_memory_xdc.tcl] for cell 'inst/m00_nodes/m00_r_node/inst/inst_mi_handler/gen_normal_area.gen_fifo_req.inst_fifo_req/gen_xpm_memory_fifo.inst_fifo/gen_mem_rep[0].inst_xpm_memory'
WARNING: [Vivado 12-180] No cells matched 'get_cells -hier -filter {PRIMITIVE_SUBGROUP==LUTRAM || PRIMITIVE_SUBGROUP==dram || PRIMITIVE_SUBGROUP==uram || PRIMITIVE_SUBGROUP==BRAM}'. [C:/Xilinx/Vivado/2018.3/data/ip/xpm/xpm_memory/tcl/xpm_memory_xdc.tcl:3]
Finished Sourcing Tcl File [C:/Xilinx/Vivado/2018.3/data/ip/xpm/xpm_memory/tcl/xpm_memory_xdc.tcl] for cell 'inst/m00_nodes/m00_r_node/inst/inst_mi_handler/gen_normal_area.gen_fifo_req.inst_fifo_req/gen_xpm_memory_fifo.inst_fifo/gen_mem_rep[0].inst_xpm_memory'
Sourcing Tcl File [C:/Xilinx/Vivado/2018.3/data/ip/xpm/xpm_memory/tcl/xpm_memory_xdc.tcl] for cell 'inst/s01_nodes/s01_w_node/inst/inst_mi_handler/gen_normal_area.inst_fifo_node_payld/gen_xpm_memory_fifo.inst_fifo/gen_mem_rep[0].inst_xpm_memory'
WARNING: [Vivado 12-180] No cells matched 'get_cells -hier -filter {PRIMITIVE_SUBGROUP==LUTRAM || PRIMITIVE_SUBGROUP==dram || PRIMITIVE_SUBGROUP==uram || PRIMITIVE_SUBGROUP==BRAM}'. [C:/Xilinx/Vivado/2018.3/data/ip/xpm/xpm_memory/tcl/xpm_memory_xdc.tcl:3]
Finished Sourcing Tcl File [C:/Xilinx/Vivado/2018.3/data/ip/xpm/xpm_memory/tcl/xpm_memory_xdc.tcl] for cell 'inst/s01_nodes/s01_w_node/inst/inst_mi_handler/gen_normal_area.inst_fifo_node_payld/gen_xpm_memory_fifo.inst_fifo/gen_mem_rep[0].inst_xpm_memory'
Sourcing Tcl File [C:/Xilinx/Vivado/2018.3/data/ip/xpm/xpm_memory/tcl/xpm_memory_xdc.tcl] for cell 'inst/m00_nodes/m00_b_node/inst/inst_mi_handler/gen_normal_area.inst_fifo_node_payld/gen_xpm_memory_fifo.inst_fifo/gen_mem_rep[0].inst_xpm_memory'
WARNING: [Vivado 12-180] No cells matched 'get_cells -hier -filter {PRIMITIVE_SUBGROUP==LUTRAM || PRIMITIVE_SUBGROUP==dram || PRIMITIVE_SUBGROUP==uram || PRIMITIVE_SUBGROUP==BRAM}'. [C:/Xilinx/Vivado/2018.3/data/ip/xpm/xpm_memory/tcl/xpm_memory_xdc.tcl:3]
Finished Sourcing Tcl File [C:/Xilinx/Vivado/2018.3/data/ip/xpm/xpm_memory/tcl/xpm_memory_xdc.tcl] for cell 'inst/m00_nodes/m00_b_node/inst/inst_mi_handler/gen_normal_area.inst_fifo_node_payld/gen_xpm_memory_fifo.inst_fifo/gen_mem_rep[0].inst_xpm_memory'
Sourcing Tcl File [C:/Xilinx/Vivado/2018.3/data/ip/xpm/xpm_memory/tcl/xpm_memory_xdc.tcl] for cell 'inst/m00_nodes/m00_r_node/inst/inst_mi_handler/gen_normal_area.inst_fifo_node_payld/gen_xpm_memory_fifo.inst_fifo/gen_mem_rep[0].inst_xpm_memory'
WARNING: [Vivado 12-180] No cells matched 'get_cells -hier -filter {PRIMITIVE_SUBGROUP==LUTRAM || PRIMITIVE_SUBGROUP==dram || PRIMITIVE_SUBGROUP==uram || PRIMITIVE_SUBGROUP==BRAM}'. [C:/Xilinx/Vivado/2018.3/data/ip/xpm/xpm_memory/tcl/xpm_memory_xdc.tcl:3]
Finished Sourcing Tcl File [C:/Xilinx/Vivado/2018.3/data/ip/xpm/xpm_memory/tcl/xpm_memory_xdc.tcl] for cell 'inst/m00_nodes/m00_r_node/inst/inst_mi_handler/gen_normal_area.inst_fifo_node_payld/gen_xpm_memory_fifo.inst_fifo/gen_mem_rep[0].inst_xpm_memory'
Sourcing Tcl File [C:/Xilinx/Vivado/2018.3/data/ip/xpm/xpm_memory/tcl/xpm_memory_xdc.tcl] for cell 'inst/m00_nodes/m00_w_node/inst/inst_si_handler/gen_si_handler.gen_request_fifos.gen_req_fifo[0].inst_req_fifo/gen_xpm_memory_fifo.inst_fifo/gen_mem_rep[0].inst_xpm_memory'
WARNING: [Vivado 12-180] No cells matched 'get_cells -hier -filter {PRIMITIVE_SUBGROUP==LUTRAM || PRIMITIVE_SUBGROUP==dram || PRIMITIVE_SUBGROUP==uram || PRIMITIVE_SUBGROUP==BRAM}'. [C:/Xilinx/Vivado/2018.3/data/ip/xpm/xpm_memory/tcl/xpm_memory_xdc.tcl:3]
Finished Sourcing Tcl File [C:/Xilinx/Vivado/2018.3/data/ip/xpm/xpm_memory/tcl/xpm_memory_xdc.tcl] for cell 'inst/m00_nodes/m00_w_node/inst/inst_si_handler/gen_si_handler.gen_request_fifos.gen_req_fifo[0].inst_req_fifo/gen_xpm_memory_fifo.inst_fifo/gen_mem_rep[0].inst_xpm_memory'
Sourcing Tcl File [C:/Xilinx/Vivado/2018.3/data/ip/xpm/xpm_memory/tcl/xpm_memory_xdc.tcl] for cell 'inst/m00_nodes/m00_w_node/inst/inst_si_handler/gen_si_handler.gen_request_fifos.gen_req_fifo[1].inst_req_fifo/gen_xpm_memory_fifo.inst_fifo/gen_mem_rep[0].inst_xpm_memory'
WARNING: [Vivado 12-180] No cells matched 'get_cells -hier -filter {PRIMITIVE_SUBGROUP==LUTRAM || PRIMITIVE_SUBGROUP==dram || PRIMITIVE_SUBGROUP==uram || PRIMITIVE_SUBGROUP==BRAM}'. [C:/Xilinx/Vivado/2018.3/data/ip/xpm/xpm_memory/tcl/xpm_memory_xdc.tcl:3]
Finished Sourcing Tcl File [C:/Xilinx/Vivado/2018.3/data/ip/xpm/xpm_memory/tcl/xpm_memory_xdc.tcl] for cell 'inst/m00_nodes/m00_w_node/inst/inst_si_handler/gen_si_handler.gen_request_fifos.gen_req_fifo[1].inst_req_fifo/gen_xpm_memory_fifo.inst_fifo/gen_mem_rep[0].inst_xpm_memory'
Sourcing Tcl File [C:/Xilinx/Vivado/2018.3/data/ip/xpm/xpm_memory/tcl/xpm_memory_xdc.tcl] for cell 'inst/m00_nodes/m00_w_node/inst/inst_mi_handler/gen_normal_area.inst_fifo_node_payld/gen_xpm_memory_fifo.inst_fifo/gen_mem_rep[0].inst_xpm_memory'
WARNING: [Vivado 12-180] No cells matched 'get_cells -hier -filter {PRIMITIVE_SUBGROUP==LUTRAM || PRIMITIVE_SUBGROUP==dram || PRIMITIVE_SUBGROUP==uram || PRIMITIVE_SUBGROUP==BRAM}'. [C:/Xilinx/Vivado/2018.3/data/ip/xpm/xpm_memory/tcl/xpm_memory_xdc.tcl:3]
Finished Sourcing Tcl File [C:/Xilinx/Vivado/2018.3/data/ip/xpm/xpm_memory/tcl/xpm_memory_xdc.tcl] for cell 'inst/m00_nodes/m00_w_node/inst/inst_mi_handler/gen_normal_area.inst_fifo_node_payld/gen_xpm_memory_fifo.inst_fifo/gen_mem_rep[0].inst_xpm_memory'
Sourcing Tcl File [C:/Xilinx/Vivado/2018.3/data/ip/xpm/xpm_memory/tcl/xpm_memory_xdc.tcl] for cell 'inst/s00_nodes/s00_ar_node/inst/inst_mi_handler/gen_normal_area.gen_fifo_req.inst_fifo_req/gen_xpm_memory_fifo.inst_fifo/gen_mem_rep[0].inst_xpm_memory'
WARNING: [Vivado 12-180] No cells matched 'get_cells -hier -filter {PRIMITIVE_SUBGROUP==LUTRAM || PRIMITIVE_SUBGROUP==dram || PRIMITIVE_SUBGROUP==uram || PRIMITIVE_SUBGROUP==BRAM}'. [C:/Xilinx/Vivado/2018.3/data/ip/xpm/xpm_memory/tcl/xpm_memory_xdc.tcl:3]
Finished Sourcing Tcl File [C:/Xilinx/Vivado/2018.3/data/ip/xpm/xpm_memory/tcl/xpm_memory_xdc.tcl] for cell 'inst/s00_nodes/s00_ar_node/inst/inst_mi_handler/gen_normal_area.gen_fifo_req.inst_fifo_req/gen_xpm_memory_fifo.inst_fifo/gen_mem_rep[0].inst_xpm_memory'
Sourcing Tcl File [C:/Xilinx/Vivado/2018.3/data/ip/xpm/xpm_memory/tcl/xpm_memory_xdc.tcl] for cell 'inst/s01_nodes/s01_aw_node/inst/inst_mi_handler/gen_normal_area.gen_fifo_req.inst_fifo_req/gen_xpm_memory_fifo.inst_fifo/gen_mem_rep[0].inst_xpm_memory'
WARNING: [Vivado 12-180] No cells matched 'get_cells -hier -filter {PRIMITIVE_SUBGROUP==LUTRAM || PRIMITIVE_SUBGROUP==dram || PRIMITIVE_SUBGROUP==uram || PRIMITIVE_SUBGROUP==BRAM}'. [C:/Xilinx/Vivado/2018.3/data/ip/xpm/xpm_memory/tcl/xpm_memory_xdc.tcl:3]
Finished Sourcing Tcl File [C:/Xilinx/Vivado/2018.3/data/ip/xpm/xpm_memory/tcl/xpm_memory_xdc.tcl] for cell 'inst/s01_nodes/s01_aw_node/inst/inst_mi_handler/gen_normal_area.gen_fifo_req.inst_fifo_req/gen_xpm_memory_fifo.inst_fifo/gen_mem_rep[0].inst_xpm_memory'
Sourcing Tcl File [C:/Xilinx/Vivado/2018.3/data/ip/xpm/xpm_memory/tcl/xpm_memory_xdc.tcl] for cell 'inst/s01_nodes/s01_w_node/inst/inst_mi_handler/gen_normal_area.gen_fifo_req.inst_fifo_req/gen_xpm_memory_fifo.inst_fifo/gen_mem_rep[0].inst_xpm_memory'
WARNING: [Vivado 12-180] No cells matched 'get_cells -hier -filter {PRIMITIVE_SUBGROUP==LUTRAM || PRIMITIVE_SUBGROUP==dram || PRIMITIVE_SUBGROUP==uram || PRIMITIVE_SUBGROUP==BRAM}'. [C:/Xilinx/Vivado/2018.3/data/ip/xpm/xpm_memory/tcl/xpm_memory_xdc.tcl:3]
Finished Sourcing Tcl File [C:/Xilinx/Vivado/2018.3/data/ip/xpm/xpm_memory/tcl/xpm_memory_xdc.tcl] for cell 'inst/s01_nodes/s01_w_node/inst/inst_mi_handler/gen_normal_area.gen_fifo_req.inst_fifo_req/gen_xpm_memory_fifo.inst_fifo/gen_mem_rep[0].inst_xpm_memory'
Sourcing Tcl File [C:/Xilinx/Vivado/2018.3/data/ip/xpm/xpm_memory/tcl/xpm_memory_xdc.tcl] for cell 'inst/s00_nodes/s00_ar_node/inst/inst_mi_handler/gen_normal_area.inst_fifo_node_payld/gen_xpm_memory_fifo.inst_fifo/gen_mem_rep[0].inst_xpm_memory'
WARNING: [Vivado 12-180] No cells matched 'get_cells -hier -filter {PRIMITIVE_SUBGROUP==LUTRAM || PRIMITIVE_SUBGROUP==dram || PRIMITIVE_SUBGROUP==uram || PRIMITIVE_SUBGROUP==BRAM}'. [C:/Xilinx/Vivado/2018.3/data/ip/xpm/xpm_memory/tcl/xpm_memory_xdc.tcl:3]
Finished Sourcing Tcl File [C:/Xilinx/Vivado/2018.3/data/ip/xpm/xpm_memory/tcl/xpm_memory_xdc.tcl] for cell 'inst/s00_nodes/s00_ar_node/inst/inst_mi_handler/gen_normal_area.inst_fifo_node_payld/gen_xpm_memory_fifo.inst_fifo/gen_mem_rep[0].inst_xpm_memory'
Sourcing Tcl File [C:/Xilinx/Vivado/2018.3/data/ip/xpm/xpm_memory/tcl/xpm_memory_xdc.tcl] for cell 'inst/s01_nodes/s01_aw_node/inst/inst_mi_handler/gen_normal_area.inst_fifo_node_payld/gen_xpm_memory_fifo.inst_fifo/gen_mem_rep[0].inst_xpm_memory'
WARNING: [Vivado 12-180] No cells matched 'get_cells -hier -filter {PRIMITIVE_SUBGROUP==LUTRAM || PRIMITIVE_SUBGROUP==dram || PRIMITIVE_SUBGROUP==uram || PRIMITIVE_SUBGROUP==BRAM}'. [C:/Xilinx/Vivado/2018.3/data/ip/xpm/xpm_memory/tcl/xpm_memory_xdc.tcl:3]
Finished Sourcing Tcl File [C:/Xilinx/Vivado/2018.3/data/ip/xpm/xpm_memory/tcl/xpm_memory_xdc.tcl] for cell 'inst/s01_nodes/s01_aw_node/inst/inst_mi_handler/gen_normal_area.inst_fifo_node_payld/gen_xpm_memory_fifo.inst_fifo/gen_mem_rep[0].inst_xpm_memory'
Sourcing Tcl File [C:/Xilinx/Vivado/2018.3/data/ip/xpm/xpm_memory/tcl/xpm_memory_xdc.tcl] for cell 'inst/s00_nodes/s00_r_node/inst/inst_mi_handler/gen_normal_area.inst_fifo_node_payld/gen_xpm_memory_fifo.inst_fifo/gen_mem_rep[0].inst_xpm_memory'
WARNING: [Vivado 12-180] No cells matched 'get_cells -hier -filter {PRIMITIVE_SUBGROUP==LUTRAM || PRIMITIVE_SUBGROUP==dram || PRIMITIVE_SUBGROUP==uram || PRIMITIVE_SUBGROUP==BRAM}'. [C:/Xilinx/Vivado/2018.3/data/ip/xpm/xpm_memory/tcl/xpm_memory_xdc.tcl:3]
Finished Sourcing Tcl File [C:/Xilinx/Vivado/2018.3/data/ip/xpm/xpm_memory/tcl/xpm_memory_xdc.tcl] for cell 'inst/s00_nodes/s00_r_node/inst/inst_mi_handler/gen_normal_area.inst_fifo_node_payld/gen_xpm_memory_fifo.inst_fifo/gen_mem_rep[0].inst_xpm_memory'
Sourcing Tcl File [C:/Xilinx/Vivado/2018.3/data/ip/xpm/xpm_memory/tcl/xpm_memory_xdc.tcl] for cell 'inst/s01_nodes/s01_b_node/inst/inst_mi_handler/gen_normal_area.inst_fifo_node_payld/gen_xpm_memory_fifo.inst_fifo/gen_mem_rep[0].inst_xpm_memory'
WARNING: [Vivado 12-180] No cells matched 'get_cells -hier -filter {PRIMITIVE_SUBGROUP==LUTRAM || PRIMITIVE_SUBGROUP==dram || PRIMITIVE_SUBGROUP==uram || PRIMITIVE_SUBGROUP==BRAM}'. [C:/Xilinx/Vivado/2018.3/data/ip/xpm/xpm_memory/tcl/xpm_memory_xdc.tcl:3]
Finished Sourcing Tcl File [C:/Xilinx/Vivado/2018.3/data/ip/xpm/xpm_memory/tcl/xpm_memory_xdc.tcl] for cell 'inst/s01_nodes/s01_b_node/inst/inst_mi_handler/gen_normal_area.inst_fifo_node_payld/gen_xpm_memory_fifo.inst_fifo/gen_mem_rep[0].inst_xpm_memory'
INFO: [Project 1-236] Implementation specific constraints were found while reading constraint file [C:/Xilinx/Vivado/2018.3/data/ip/xpm/xpm_memory/tcl/xpm_memory_xdc.tcl]. These constraints will be ignored for synthesis but will be used in implementation. Impacted constraints are listed in the file [.Xil/bse_smartconnect_0_0_propImpl.xdc].
Resolution: To avoid this warning, move constraints listed in [.Xil/bse_smartconnect_0_0_propImpl.xdc] to another XDC file and exclude this new file from synthesis with the used_in_synthesis property (File Properties dialog in GUI) and re-run elaboration/synthesis.
Netlist sorting complete. Time (s): cpu = 00:00:01 ; elapsed = 00:00:00.038 . Memory (MB): peak = 2099.074 ; gain = 0.723
Completed Processing XDC Constraints

Netlist sorting complete. Time (s): cpu = 00:00:00 ; elapsed = 00:00:00.032 . Memory (MB): peak = 2103.996 ; gain = 0.000
INFO: [Project 1-111] Unisim Transformation Summary:
  A total of 13 instances were transformed.
  FDR => FDRE: 12 instances
  SRL16 => SRL16E: 1 instances

Netlist sorting complete. Time (s): cpu = 00:00:01 ; elapsed = 00:00:00.033 . Memory (MB): peak = 2103.996 ; gain = 0.000
Constraint Validation Runtime : Time (s): cpu = 00:00:01 ; elapsed = 00:00:00.724 . Memory (MB): peak = 2104.730 ; gain = 0.734
---------------------------------------------------------------------------------
Finished Constraint Validation : Time (s): cpu = 00:01:18 ; elapsed = 00:01:21 . Memory (MB): peak = 2104.730 ; gain = 1812.312
---------------------------------------------------------------------------------
---------------------------------------------------------------------------------
Start Loading Part and Timing Information
---------------------------------------------------------------------------------
Loading part: xczu7ev-ffvc1156-2-e
INFO: [Synth 8-6742] Reading net delay rules and data
---------------------------------------------------------------------------------
Finished Loading Part and Timing Information : Time (s): cpu = 00:01:18 ; elapsed = 00:01:21 . Memory (MB): peak = 2104.730 ; gain = 1812.312
---------------------------------------------------------------------------------
---------------------------------------------------------------------------------
Start Applying 'set_property' XDC Constraints
---------------------------------------------------------------------------------
Applied set_property DONT_TOUCH = true for inst. (constraint file  C:/Users/mcrye/Downloads/bladei_bse_zcu104/bladei_bse_zcu104.runs/bse_smartconnect_0_0_synth_1/dont_touch.xdc, line 135).
Applied set_property DONT_TOUCH = true for inst/m00_nodes/m00_ar_node/inst/inst_mi_handler/\gen_normal_area.gen_node_prog_full.inst_node_prog_full /\gen_xpm_memory_fifo.inst_fifo /\gen_mem_rep[0].inst_xpm_memory . (constraint file  auto generated constraint, line ).
Applied set_property DONT_TOUCH = true for inst/m00_nodes/m00_aw_node/inst/inst_mi_handler/\gen_normal_area.gen_node_prog_full.inst_node_prog_full /\gen_xpm_memory_fifo.inst_fifo /\gen_mem_rep[0].inst_xpm_memory . (constraint file  auto generated constraint, line ).
Applied set_property DONT_TOUCH = true for inst/m00_nodes/m00_w_node/inst/inst_mi_handler/\gen_normal_area.gen_node_prog_full.inst_node_prog_full /\gen_xpm_memory_fifo.inst_fifo /\gen_mem_rep[0].inst_xpm_memory . (constraint file  auto generated constraint, line ).
Applied set_property DONT_TOUCH = true for inst/s00_nodes/s00_r_node/inst/inst_mi_handler/\gen_normal_area.gen_node_prog_full.inst_node_prog_full /\gen_xpm_memory_fifo.inst_fifo /\gen_mem_rep[0].inst_xpm_memory . (constraint file  auto generated constraint, line ).
Applied set_property DONT_TOUCH = true for inst/s01_nodes/s01_b_node/inst/inst_mi_handler/\gen_normal_area.gen_node_prog_full.inst_node_prog_full /\gen_xpm_memory_fifo.inst_fifo /\gen_mem_rep[0].inst_xpm_memory . (constraint file  auto generated constraint, line ).
Applied set_property DONT_TOUCH = true for inst/m00_nodes/m00_ar_node/inst/inst_mi_handler/\gen_normal_area.inst_fifo_node_payld /\gen_xpm_memory_fifo.inst_fifo /\gen_mem_rep[0].inst_xpm_memory . (constraint file  auto generated constraint, line ).
Applied set_property DONT_TOUCH = true for inst/m00_nodes/m00_aw_node/inst/inst_mi_handler/\gen_normal_area.inst_fifo_node_payld /\gen_xpm_memory_fifo.inst_fifo /\gen_mem_rep[0].inst_xpm_memory . (constraint file  auto generated constraint, line ).
Applied set_property DONT_TOUCH = true for inst/m00_nodes/m00_b_node/inst/inst_mi_handler/\gen_normal_area.gen_fifo_req.inst_fifo_req /\gen_xpm_memory_fifo.inst_fifo /\gen_mem_rep[0].inst_xpm_memory . (constraint file  auto generated constraint, line ).
Applied set_property DONT_TOUCH = true for inst/m00_nodes/m00_r_node/inst/inst_mi_handler/\gen_normal_area.gen_fifo_req.inst_fifo_req /\gen_xpm_memory_fifo.inst_fifo /\gen_mem_rep[0].inst_xpm_memory . (constraint file  auto generated constraint, line ).
Applied set_property DONT_TOUCH = true for inst/m00_nodes/m00_b_node/inst/inst_mi_handler/\gen_normal_area.inst_fifo_node_payld /\gen_xpm_memory_fifo.inst_fifo /\gen_mem_rep[0].inst_xpm_memory . (constraint file  auto generated constraint, line ).
Applied set_property DONT_TOUCH = true for inst/m00_nodes/m00_r_node/inst/inst_mi_handler/\gen_normal_area.inst_fifo_node_payld /\gen_xpm_memory_fifo.inst_fifo /\gen_mem_rep[0].inst_xpm_memory . (constraint file  auto generated constraint, line ).
Applied set_property DONT_TOUCH = true for inst/m00_nodes/m00_w_node/inst/inst_mi_handler/\gen_normal_area.inst_fifo_node_payld /\gen_xpm_memory_fifo.inst_fifo /\gen_mem_rep[0].inst_xpm_memory . (constraint file  auto generated constraint, line ).
Applied set_property DONT_TOUCH = true for inst/m00_nodes/m00_w_node/inst/inst_si_handler/\gen_si_handler.gen_request_fifos.gen_req_fifo[0].inst_req_fifo /\gen_xpm_memory_fifo.inst_fifo /\gen_mem_rep[0].inst_xpm_memory . (constraint file  auto generated constraint, line ).
Applied set_property DONT_TOUCH = true for inst/m00_nodes/m00_w_node/inst/inst_si_handler/\gen_si_handler.gen_request_fifos.gen_req_fifo[1].inst_req_fifo /\gen_xpm_memory_fifo.inst_fifo /\gen_mem_rep[0].inst_xpm_memory . (constraint file  auto generated constraint, line ).
Applied set_property DONT_TOUCH = true for inst/s00_nodes/s00_ar_node/inst/inst_mi_handler/\gen_normal_area.gen_fifo_req.inst_fifo_req /\gen_xpm_memory_fifo.inst_fifo /\gen_mem_rep[0].inst_xpm_memory . (constraint file  auto generated constraint, line ).
Applied set_property DONT_TOUCH = true for inst/s01_nodes/s01_aw_node/inst/inst_mi_handler/\gen_normal_area.gen_fifo_req.inst_fifo_req /\gen_xpm_memory_fifo.inst_fifo /\gen_mem_rep[0].inst_xpm_memory . (constraint file  auto generated constraint, line ).
Applied set_property DONT_TOUCH = true for inst/s01_nodes/s01_w_node/inst/inst_mi_handler/\gen_normal_area.gen_fifo_req.inst_fifo_req /\gen_xpm_memory_fifo.inst_fifo /\gen_mem_rep[0].inst_xpm_memory . (constraint file  auto generated constraint, line ).
Applied set_property DONT_TOUCH = true for inst/s00_nodes/s00_ar_node/inst/inst_mi_handler/\gen_normal_area.inst_fifo_node_payld /\gen_xpm_memory_fifo.inst_fifo /\gen_mem_rep[0].inst_xpm_memory . (constraint file  auto generated constraint, line ).
Applied set_property DONT_TOUCH = true for inst/s01_nodes/s01_aw_node/inst/inst_mi_handler/\gen_normal_area.inst_fifo_node_payld /\gen_xpm_memory_fifo.inst_fifo /\gen_mem_rep[0].inst_xpm_memory . (constraint file  auto generated constraint, line ).
Applied set_property DONT_TOUCH = true for inst/s00_nodes/s00_r_node/inst/inst_mi_handler/\gen_normal_area.inst_fifo_node_payld /\gen_xpm_memory_fifo.inst_fifo /\gen_mem_rep[0].inst_xpm_memory . (constraint file  auto generated constraint, line ).
Applied set_property DONT_TOUCH = true for inst/s01_nodes/s01_b_node/inst/inst_mi_handler/\gen_normal_area.inst_fifo_node_payld /\gen_xpm_memory_fifo.inst_fifo /\gen_mem_rep[0].inst_xpm_memory . (constraint file  auto generated constraint, line ).
Applied set_property DONT_TOUCH = true for inst/s01_nodes/s01_w_node/inst/inst_mi_handler/\gen_normal_area.inst_fifo_node_payld /\gen_xpm_memory_fifo.inst_fifo /\gen_mem_rep[0].inst_xpm_memory . (constraint file  auto generated constraint, line ).
---------------------------------------------------------------------------------
Finished applying 'set_property' XDC Constraints : Time (s): cpu = 00:01:18 ; elapsed = 00:01:21 . Memory (MB): peak = 2104.730 ; gain = 1812.312
---------------------------------------------------------------------------------
INFO: [Synth 8-4471] merging register 'seq_cnt_en_reg' into 'from_sys_reg' [c:/Users/mcrye/Downloads/bladei_bse_zcu104/bladei_bse_zcu104.srcs/sources_1/bd/bse/ipshared/8842/hdl/proc_sys_reset_v5_0_vh_rfs.vhd:377]
INFO: [Synth 8-4490] FSM extraction disabled for register 'gen_pipelined.state_reg' through user attribute
INFO: [Synth 8-5544] ROM "gen_pipelined.next0" won't be mapped to Block RAM because address size (4) smaller than threshold (5)
INFO: [Synth 8-4490] FSM extraction disabled for register 'gen_pipelined.state_reg' through user attribute
INFO: [Synth 8-5544] ROM "gen_pipelined.next0" won't be mapped to Block RAM because address size (4) smaller than threshold (5)
INFO: [Synth 8-4490] FSM extraction disabled for register 'gen_pipelined.state_reg' through user attribute
INFO: [Synth 8-5544] ROM "gen_pipelined.next0" won't be mapped to Block RAM because address size (4) smaller than threshold (5)
INFO: [Synth 8-4490] FSM extraction disabled for register 'gen_AB_reg_slice.state_reg' through user attribute
INFO: [Synth 8-802] inferred FSM for state register 'gen_axi.gen_write.write_cs_reg' in module 'sc_mmu_v1_0_7_decerr_slave'
INFO: [Synth 8-5546] ROM "gen_axi.gen_read.read_cs" won't be mapped to RAM because it is too sparse
INFO: [Synth 8-5546] ROM "gen_axi.gen_read.s_axi_rlast_i" won't be mapped to RAM because it is too sparse
INFO: [Synth 8-5546] ROM "gen_axi.gen_read.s_axi_rlast_i" won't be mapped to RAM because it is too sparse
INFO: [Synth 8-5545] ROM "gen_endpoint.m_axi_wvalid_i" won't be mapped to RAM because address size (32) is larger than maximum supported(25)
INFO: [Synth 8-5545] ROM "gen_endpoint.w_state" won't be mapped to RAM because address size (32) is larger than maximum supported(25)
INFO: [Synth 8-5545] ROM "gen_endpoint.r_state" won't be mapped to RAM because address size (32) is larger than maximum supported(25)
INFO: [Synth 8-5546] ROM "gen_endpoint.r_state" won't be mapped to RAM because it is too sparse
INFO: [Synth 8-5546] ROM "r_resume" won't be mapped to RAM because it is too sparse
INFO: [Synth 8-4490] FSM extraction disabled for register 'gen_pipelined.state_reg' through user attribute
INFO: [Synth 8-5544] ROM "gen_pipelined.next0" won't be mapped to Block RAM because address size (4) smaller than threshold (5)
INFO: [Synth 8-4490] FSM extraction disabled for register 'gen_AB_reg_slice.state_reg' through user attribute
INFO: [Synth 8-5545] ROM "gen_endpoint.m_axi_wvalid_i" won't be mapped to RAM because address size (32) is larger than maximum supported(25)
INFO: [Synth 8-5545] ROM "gen_endpoint.w_state" won't be mapped to RAM because address size (32) is larger than maximum supported(25)
INFO: [Synth 8-5545] ROM "gen_endpoint.r_state" won't be mapped to RAM because address size (32) is larger than maximum supported(25)
INFO: [Synth 8-5546] ROM "gen_endpoint.r_state" won't be mapped to RAM because it is too sparse
INFO: [Synth 8-5546] ROM "r_resume" won't be mapped to RAM because it is too sparse
INFO: [Synth 8-5545] ROM "gen_w_ch.accum_reg[bytes][15][userdata]" won't be mapped to RAM because address size (32) is larger than maximum supported(25)
INFO: [Synth 8-5545] ROM "gen_w_ch.accum_reg[bytes][15][strb]" won't be mapped to RAM because address size (32) is larger than maximum supported(25)
INFO: [Synth 8-5545] ROM "gen_w_ch.accum_reg[bytes][14][userdata]" won't be mapped to RAM because address size (32) is larger than maximum supported(25)
INFO: [Synth 8-5545] ROM "gen_w_ch.accum_reg[bytes][14][strb]" won't be mapped to RAM because address size (32) is larger than maximum supported(25)
INFO: [Synth 8-5545] ROM "gen_w_ch.accum_reg[bytes][13][userdata]" won't be mapped to RAM because address size (32) is larger than maximum supported(25)
INFO: [Synth 8-5545] ROM "gen_w_ch.accum_reg[bytes][13][strb]" won't be mapped to RAM because address size (32) is larger than maximum supported(25)
INFO: [Synth 8-5545] ROM "gen_w_ch.accum_reg[bytes][12][userdata]" won't be mapped to RAM because address size (32) is larger than maximum supported(25)
INFO: [Synth 8-5545] ROM "gen_w_ch.accum_reg[bytes][11][userdata]" won't be mapped to RAM because address size (32) is larger than maximum supported(25)
INFO: [Synth 8-5545] ROM "gen_w_ch.accum_reg[bytes][10][userdata]" won't be mapped to RAM because address size (32) is larger than maximum supported(25)
INFO: [Synth 8-5545] ROM "gen_w_ch.accum_reg[bytes][9][userdata]" won't be mapped to RAM because address size (32) is larger than maximum supported(25)
INFO: [Synth 8-5545] ROM "gen_w_ch.accum_reg[bytes][8][userdata]" won't be mapped to RAM because address size (32) is larger than maximum supported(25)
INFO: [Synth 8-5545] ROM "gen_w_ch.accum_reg[bytes][7][userdata]" won't be mapped to RAM because address size (32) is larger than maximum supported(25)
INFO: [Synth 8-5545] ROM "gen_w_ch.accum_reg[bytes][6][userdata]" won't be mapped to RAM because address size (32) is larger than maximum supported(25)
INFO: [Synth 8-5545] ROM "gen_w_ch.accum_reg[bytes][5][userdata]" won't be mapped to RAM because address size (32) is larger than maximum supported(25)
INFO: [Synth 8-5545] ROM "gen_w_ch.accum_reg[bytes][4][userdata]" won't be mapped to RAM because address size (32) is larger than maximum supported(25)
INFO: [Synth 8-5545] ROM "gen_w_ch.accum_reg[bytes][3][userdata]" won't be mapped to RAM because address size (32) is larger than maximum supported(25)
INFO: [Synth 8-5545] ROM "gen_w_ch.accum_reg[bytes][2][userdata]" won't be mapped to RAM because address size (32) is larger than maximum supported(25)
INFO: [Synth 8-5545] ROM "gen_w_ch.accum_reg[bytes][1][userdata]" won't be mapped to RAM because address size (32) is larger than maximum supported(25)
INFO: [Synth 8-5545] ROM "gen_w_ch.accum_reg[bytes][1][userdata]" won't be mapped to RAM because address size (32) is larger than maximum supported(25)
INFO: [Synth 8-5545] ROM "gen_w_ch.accum_reg[bytes][1][strb]" won't be mapped to RAM because address size (32) is larger than maximum supported(25)
INFO: [Synth 8-5545] ROM "gen_w_ch.accum_reg[bytes][0][userdata]" won't be mapped to RAM because address size (32) is larger than maximum supported(25)
---------------------------------------------------------------------------------------------------
                   State |                     New Encoding |                Previous Encoding 
---------------------------------------------------------------------------------------------------
            P_WRITE_IDLE |                              001 |                               00
            P_WRITE_DATA |                              010 |                               01
            P_WRITE_RESP |                              100 |                               10
---------------------------------------------------------------------------------------------------
INFO: [Synth 8-3354] encoded FSM with state register 'gen_axi.gen_write.write_cs_reg' using encoding 'one-hot' in module 'sc_mmu_v1_0_7_decerr_slave'
---------------------------------------------------------------------------------
Finished RTL Optimization Phase 2 : Time (s): cpu = 00:01:26 ; elapsed = 00:01:29 . Memory (MB): peak = 2104.730 ; gain = 1812.312
---------------------------------------------------------------------------------

Report RTL Partitions: 
+------+-----------------------------------------------------------------+------------+----------+
|      |RTL Partition                                                    |Replication |Instances |
+------+-----------------------------------------------------------------+------------+----------+
|1     |sc_util_v1_0_4_axi_reg_stall                                     |          20|      6610|
|2     |sc_exit_v1_0_8_top__GC0                                          |           1|       537|
|3     |sc_mmu_v1_0_7_top__GC0                                           |           1|      2110|
|4     |sc_transaction_regulator_v1_0_8_singleorder__parameterized0__GC0 |           1|        72|
|5     |sc_transaction_regulator_v1_0_8_top__GC0                         |           1|         2|
|6     |bd_c34f_s00sic_0                                                 |           1|       244|
|7     |sc_mmu_v1_0_7_top__parameterized0__GC0                           |           1|      2110|
|8     |sc_transaction_regulator_v1_0_8_top__parameterized0__GC0         |           1|         2|
|9     |bd_c34f_s01sic_0                                                 |           1|       244|
|10    |bd_c34f__GC0                                                     |           1|     20574|
+------+-----------------------------------------------------------------+------------+----------+
---------------------------------------------------------------------------------
Start RTL Component Statistics 
---------------------------------------------------------------------------------
Detailed RTL Component Info : 
+---Adders : 
	   2 Input      8 Bit       Adders := 2     
	   2 Input      7 Bit       Adders := 4     
	   2 Input      6 Bit       Adders := 123   
	   2 Input      5 Bit       Adders := 10    
	   2 Input      4 Bit       Adders := 15    
	   2 Input      3 Bit       Adders := 12    
	   2 Input      2 Bit       Adders := 7     
	   3 Input      2 Bit       Adders := 1     
	   3 Input      1 Bit       Adders := 3     
+---XORs : 
	   2 Input      1 Bit         XORs := 170   
+---Registers : 
	             2178 Bit    Registers := 42    
	              178 Bit    Registers := 1     
	              167 Bit    Registers := 1     
	              160 Bit    Registers := 2     
	              156 Bit    Registers := 2     
	              148 Bit    Registers := 3     
	              138 Bit    Registers := 4     
	               47 Bit    Registers := 1     
	               33 Bit    Registers := 1     
	               24 Bit    Registers := 1     
	               19 Bit    Registers := 2     
	               18 Bit    Registers := 4     
	               16 Bit    Registers := 1     
	               14 Bit    Registers := 2     
	                8 Bit    Registers := 19    
	                7 Bit    Registers := 2     
	                6 Bit    Registers := 66    
	                5 Bit    Registers := 6     
	                4 Bit    Registers := 15    
	                3 Bit    Registers := 15    
	                2 Bit    Registers := 27    
	                1 Bit    Registers := 435   
+---Muxes : 
	   2 Input   2178 Bit        Muxes := 21    
	   2 Input    160 Bit        Muxes := 1     
	   2 Input    148 Bit        Muxes := 2     
	   2 Input    138 Bit        Muxes := 2     
	   2 Input     47 Bit        Muxes := 1     
	   2 Input     33 Bit        Muxes := 1     
	   2 Input     32 Bit        Muxes := 2     
	   2 Input     16 Bit        Muxes := 1     
	   2 Input     14 Bit        Muxes := 2     
	   2 Input      8 Bit        Muxes := 18    
	   4 Input      8 Bit        Muxes := 6     
	   2 Input      7 Bit        Muxes := 6     
	   2 Input      6 Bit        Muxes := 23    
	   2 Input      5 Bit        Muxes := 1     
	   4 Input      3 Bit        Muxes := 9     
	  11 Input      3 Bit        Muxes := 5     
	   2 Input      3 Bit        Muxes := 10    
	   2 Input      2 Bit        Muxes := 107   
	   7 Input      2 Bit        Muxes := 5     
	   6 Input      1 Bit        Muxes := 109   
	   4 Input      1 Bit        Muxes := 76    
	  10 Input      1 Bit        Muxes := 63    
	   7 Input      1 Bit        Muxes := 42    
	  12 Input      1 Bit        Muxes := 5     
	   2 Input      1 Bit        Muxes := 227   
	   3 Input      1 Bit        Muxes := 18    
---------------------------------------------------------------------------------
Finished RTL Component Statistics 
---------------------------------------------------------------------------------
---------------------------------------------------------------------------------
Start RTL Hierarchical Component Statistics 
---------------------------------------------------------------------------------
Hierarchical RTL Component report 
Module sc_util_v1_0_4_axi_reg_stall 
Detailed RTL Component Info : 
+---Registers : 
	             2178 Bit    Registers := 2     
	                1 Bit    Registers := 4     
+---Muxes : 
	   2 Input   2178 Bit        Muxes := 1     
	   6 Input      1 Bit        Muxes := 4     
	   4 Input      1 Bit        Muxes := 2     
	  10 Input      1 Bit        Muxes := 3     
	   7 Input      1 Bit        Muxes := 2     
Module sc_util_v1_0_4_axic_reg_srl_fifo 
Detailed RTL Component Info : 
+---Adders : 
	   2 Input      4 Bit       Adders := 1     
+---Registers : 
	               47 Bit    Registers := 1     
	                4 Bit    Registers := 1     
	                3 Bit    Registers := 1     
	                1 Bit    Registers := 1     
+---Muxes : 
	   2 Input     47 Bit        Muxes := 1     
	   4 Input      3 Bit        Muxes := 1     
	  11 Input      3 Bit        Muxes := 1     
	   2 Input      2 Bit        Muxes := 1     
	   6 Input      1 Bit        Muxes := 5     
	  12 Input      1 Bit        Muxes := 1     
	   2 Input      1 Bit        Muxes := 2     
Module sc_util_v1_0_4_axic_reg_srl_fifo__parameterized0 
Detailed RTL Component Info : 
+---Adders : 
	   2 Input      4 Bit       Adders := 1     
+---Registers : 
	               33 Bit    Registers := 1     
	                4 Bit    Registers := 1     
	                3 Bit    Registers := 1     
	                1 Bit    Registers := 1     
+---Muxes : 
	   2 Input     33 Bit        Muxes := 1     
	   4 Input      3 Bit        Muxes := 1     
	  11 Input      3 Bit        Muxes := 1     
	   2 Input      2 Bit        Muxes := 1     
	   6 Input      1 Bit        Muxes := 5     
	  12 Input      1 Bit        Muxes := 1     
	   2 Input      1 Bit        Muxes := 2     
Module sc_exit_v1_0_8_exit 
Detailed RTL Component Info : 
+---Registers : 
	                1 Bit    Registers := 1     
+---Muxes : 
	   2 Input      3 Bit        Muxes := 4     
Module sc_exit_v1_0_8_top 
Detailed RTL Component Info : 
+---Registers : 
	                2 Bit    Registers := 1     
	                1 Bit    Registers := 1     
Module sc_mmu_v1_0_7_addr_decoder__1 
Detailed RTL Component Info : 
+---XORs : 
	   2 Input      1 Bit         XORs := 6     
Module sc_mmu_v1_0_7_addr_decoder__2 
Detailed RTL Component Info : 
+---XORs : 
	   2 Input      1 Bit         XORs := 6     
Module sc_mmu_v1_0_7_decerr_slave__1 
Detailed RTL Component Info : 
+---Adders : 
	   2 Input      8 Bit       Adders := 1     
+---Registers : 
	                8 Bit    Registers := 1     
	                1 Bit    Registers := 8     
+---Muxes : 
	   2 Input      8 Bit        Muxes := 1     
	   3 Input      1 Bit        Muxes := 9     
	   2 Input      1 Bit        Muxes := 11    
Module sc_mmu_v1_0_7_top 
Detailed RTL Component Info : 
+---Adders : 
	   2 Input      5 Bit       Adders := 3     
+---Registers : 
	                5 Bit    Registers := 3     
	                1 Bit    Registers := 4     
+---Muxes : 
	   2 Input     32 Bit        Muxes := 1     
	   2 Input      3 Bit        Muxes := 2     
	   4 Input      3 Bit        Muxes := 2     
	   2 Input      2 Bit        Muxes := 7     
	   2 Input      1 Bit        Muxes := 20    
	   4 Input      1 Bit        Muxes := 4     
Module sc_util_v1_0_4_axic_reg_srl_fifo__parameterized2__1 
Detailed RTL Component Info : 
+---Adders : 
	   2 Input      4 Bit       Adders := 1     
+---Registers : 
	               14 Bit    Registers := 1     
	                4 Bit    Registers := 1     
	                3 Bit    Registers := 1     
	                1 Bit    Registers := 1     
+---Muxes : 
	   2 Input     14 Bit        Muxes := 1     
	   4 Input      3 Bit        Muxes := 1     
	  11 Input      3 Bit        Muxes := 1     
	   2 Input      2 Bit        Muxes := 1     
	   6 Input      1 Bit        Muxes := 5     
	  12 Input      1 Bit        Muxes := 1     
	   2 Input      1 Bit        Muxes := 2     
Module sc_si_converter_v1_0_7_splitter__1 
Detailed RTL Component Info : 
+---Adders : 
	   2 Input      7 Bit       Adders := 2     
+---Registers : 
	                1 Bit    Registers := 1     
+---Muxes : 
	   2 Input      7 Bit        Muxes := 2     
Module sc_si_converter_v1_0_7_top 
Detailed RTL Component Info : 
+---Adders : 
	   2 Input      5 Bit       Adders := 2     
+---Registers : 
	                1 Bit    Registers := 1     
Module sc_transaction_regulator_v1_0_8_singleorder__parameterized0 
Detailed RTL Component Info : 
+---Adders : 
	   2 Input      6 Bit       Adders := 1     
+---Registers : 
	                6 Bit    Registers := 1     
	                1 Bit    Registers := 3     
+---Muxes : 
	   2 Input      2 Bit        Muxes := 1     
	   2 Input      1 Bit        Muxes := 3     
Module sc_transaction_regulator_v1_0_8_top 
Detailed RTL Component Info : 
+---Registers : 
	                1 Bit    Registers := 1     
Module sc_mmu_v1_0_7_addr_decoder__3 
Detailed RTL Component Info : 
+---XORs : 
	   2 Input      1 Bit         XORs := 6     
Module sc_mmu_v1_0_7_addr_decoder 
Detailed RTL Component Info : 
+---XORs : 
	   2 Input      1 Bit         XORs := 6     
Module sc_mmu_v1_0_7_decerr_slave 
Detailed RTL Component Info : 
+---Adders : 
	   2 Input      8 Bit       Adders := 1     
+---Registers : 
	                8 Bit    Registers := 1     
	                1 Bit    Registers := 8     
+---Muxes : 
	   2 Input      8 Bit        Muxes := 1     
	   3 Input      1 Bit        Muxes := 9     
	   2 Input      1 Bit        Muxes := 11    
Module sc_mmu_v1_0_7_top__parameterized0 
Detailed RTL Component Info : 
+---Adders : 
	   2 Input      5 Bit       Adders := 3     
+---Registers : 
	                5 Bit    Registers := 3     
	                1 Bit    Registers := 4     
+---Muxes : 
	   2 Input     32 Bit        Muxes := 1     
	   2 Input      3 Bit        Muxes := 2     
	   4 Input      3 Bit        Muxes := 2     
	   2 Input      2 Bit        Muxes := 7     
	   2 Input      1 Bit        Muxes := 20    
	   4 Input      1 Bit        Muxes := 4     
Module sc_util_v1_0_4_axic_reg_srl_fifo__parameterized2 
Detailed RTL Component Info : 
+---Adders : 
	   2 Input      4 Bit       Adders := 1     
+---Registers : 
	               14 Bit    Registers := 1     
	                4 Bit    Registers := 1     
	                3 Bit    Registers := 1     
	                1 Bit    Registers := 1     
+---Muxes : 
	   2 Input     14 Bit        Muxes := 1     
	   4 Input      3 Bit        Muxes := 1     
	  11 Input      3 Bit        Muxes := 1     
	   2 Input      2 Bit        Muxes := 1     
	   6 Input      1 Bit        Muxes := 5     
	  12 Input      1 Bit        Muxes := 1     
	   2 Input      1 Bit        Muxes := 2     
Module sc_si_converter_v1_0_7_splitter 
Detailed RTL Component Info : 
+---Adders : 
	   2 Input      7 Bit       Adders := 2     
+---Registers : 
	                1 Bit    Registers := 1     
+---Muxes : 
	   2 Input      7 Bit        Muxes := 2     
Module sc_si_converter_v1_0_7_top__parameterized0 
Detailed RTL Component Info : 
+---Adders : 
	   2 Input      5 Bit       Adders := 2     
+---Registers : 
	                1 Bit    Registers := 1     
Module sc_transaction_regulator_v1_0_8_top__parameterized0 
Detailed RTL Component Info : 
+---Registers : 
	                1 Bit    Registers := 1     
Module lpf 
Detailed RTL Component Info : 
+---Registers : 
	                1 Bit    Registers := 3     
Module upcnt_n 
Detailed RTL Component Info : 
+---Adders : 
	   2 Input      6 Bit       Adders := 1     
+---Registers : 
	                6 Bit    Registers := 1     
+---Muxes : 
	   2 Input      6 Bit        Muxes := 1     
	   2 Input      1 Bit        Muxes := 1     
Module sequence_psr 
Detailed RTL Component Info : 
+---Registers : 
	                3 Bit    Registers := 3     
	                1 Bit    Registers := 5     
Module sc_node_v1_0_10_arb_alg_rr 
Detailed RTL Component Info : 
+---Registers : 
	                2 Bit    Registers := 2     
+---Muxes : 
	   2 Input      1 Bit        Muxes := 1     
Module sc_util_v1_0_4_pipeline 
Detailed RTL Component Info : 
+---Registers : 
	                1 Bit    Registers := 1     
Module sc_util_v1_0_4_counter__3 
Detailed RTL Component Info : 
+---Adders : 
	   2 Input      2 Bit       Adders := 1     
+---XORs : 
	   2 Input      1 Bit         XORs := 1     
+---Registers : 
	                2 Bit    Registers := 1     
	                1 Bit    Registers := 1     
+---Muxes : 
	   2 Input      2 Bit        Muxes := 1     
	   2 Input      1 Bit        Muxes := 1     
Module sc_util_v1_0_4_counter 
Detailed RTL Component Info : 
+---Adders : 
	   2 Input      2 Bit       Adders := 1     
+---XORs : 
	   2 Input      1 Bit         XORs := 1     
+---Registers : 
	                2 Bit    Registers := 1     
	                1 Bit    Registers := 1     
+---Muxes : 
	   2 Input      2 Bit        Muxes := 1     
	   2 Input      1 Bit        Muxes := 1     
Module sc_node_v1_0_10_si_handler 
Detailed RTL Component Info : 
+---Registers : 
	                1 Bit    Registers := 1     
Module sc_util_v1_0_4_counter__parameterized1 
Detailed RTL Component Info : 
+---Adders : 
	   2 Input      6 Bit       Adders := 1     
+---XORs : 
	   2 Input      1 Bit         XORs := 1     
+---Registers : 
	                6 Bit    Registers := 1     
	                1 Bit    Registers := 1     
+---Muxes : 
	   2 Input      2 Bit        Muxes := 1     
	   2 Input      1 Bit        Muxes := 1     
Module xpm_memory_base 
Detailed RTL Component Info : 
+---Registers : 
	                1 Bit    Registers := 1     
Module sc_util_v1_0_4_counter__parameterized0__47 
Detailed RTL Component Info : 
+---Adders : 
	   2 Input      6 Bit       Adders := 1     
+---XORs : 
	   2 Input      1 Bit         XORs := 1     
+---Registers : 
	                6 Bit    Registers := 1     
	                1 Bit    Registers := 1     
+---Muxes : 
	   2 Input      2 Bit        Muxes := 1     
	   2 Input      1 Bit        Muxes := 1     
Module sc_util_v1_0_4_counter__parameterized0 
Detailed RTL Component Info : 
+---Adders : 
	   2 Input      6 Bit       Adders := 1     
+---XORs : 
	   2 Input      1 Bit         XORs := 1     
+---Registers : 
	                6 Bit    Registers := 1     
	                1 Bit    Registers := 1     
+---Muxes : 
	   2 Input      2 Bit        Muxes := 1     
	   2 Input      1 Bit        Muxes := 1     
Module sc_util_v1_0_4_xpm_memory_fifo__xdcDup__1 
Detailed RTL Component Info : 
+---Adders : 
	   2 Input      6 Bit       Adders := 3     
+---XORs : 
	   2 Input      1 Bit         XORs := 3     
+---Registers : 
	                1 Bit    Registers := 5     
+---Muxes : 
	   2 Input      6 Bit        Muxes := 1     
Module sc_util_v1_0_4_pipeline__24 
Detailed RTL Component Info : 
+---Registers : 
	                1 Bit    Registers := 1     
Module sc_util_v1_0_4_counter__parameterized1__27 
Detailed RTL Component Info : 
+---Adders : 
	   2 Input      6 Bit       Adders := 1     
+---XORs : 
	   2 Input      1 Bit         XORs := 1     
+---Registers : 
	                6 Bit    Registers := 1     
	                1 Bit    Registers := 1     
+---Muxes : 
	   2 Input      2 Bit        Muxes := 1     
	   2 Input      1 Bit        Muxes := 1     
Module xpm_memory_base__parameterized0 
Detailed RTL Component Info : 
+---Registers : 
	              156 Bit    Registers := 1     
Module sc_util_v1_0_4_counter__parameterized0__45 
Detailed RTL Component Info : 
+---Adders : 
	   2 Input      6 Bit       Adders := 1     
+---XORs : 
	   2 Input      1 Bit         XORs := 1     
+---Registers : 
	                6 Bit    Registers := 1     
	                1 Bit    Registers := 1     
+---Muxes : 
	   2 Input      2 Bit        Muxes := 1     
	   2 Input      1 Bit        Muxes := 1     
Module sc_util_v1_0_4_counter__parameterized0__46 
Detailed RTL Component Info : 
+---Adders : 
	   2 Input      6 Bit       Adders := 1     
+---XORs : 
	   2 Input      1 Bit         XORs := 1     
+---Registers : 
	                6 Bit    Registers := 1     
	                1 Bit    Registers := 1     
+---Muxes : 
	   2 Input      2 Bit        Muxes := 1     
	   2 Input      1 Bit        Muxes := 1     
Module sc_util_v1_0_4_xpm_memory_fifo__parameterized0__xdcDup__1 
Detailed RTL Component Info : 
+---Adders : 
	   2 Input      6 Bit       Adders := 3     
+---XORs : 
	   2 Input      1 Bit         XORs := 3     
+---Registers : 
	                1 Bit    Registers := 5     
+---Muxes : 
	   2 Input      6 Bit        Muxes := 1     
Module sc_util_v1_0_4_pipeline__23 
Detailed RTL Component Info : 
+---Registers : 
	                1 Bit    Registers := 1     
Module sc_util_v1_0_4_pipeline__parameterized3 
Detailed RTL Component Info : 
+---Registers : 
	                2 Bit    Registers := 1     
Module sc_util_v1_0_4_counter__parameterized2 
Detailed RTL Component Info : 
+---Adders : 
	   2 Input      4 Bit       Adders := 1     
+---XORs : 
	   2 Input      1 Bit         XORs := 1     
+---Registers : 
	                4 Bit    Registers := 1     
	                1 Bit    Registers := 1     
+---Muxes : 
	   2 Input      2 Bit        Muxes := 1     
	   2 Input      1 Bit        Muxes := 1     
Module sc_node_v1_0_10_mi_handler 
Detailed RTL Component Info : 
+---Registers : 
	                1 Bit    Registers := 2     
Module sc_node_v1_0_10_top 
Detailed RTL Component Info : 
+---Registers : 
	                1 Bit    Registers := 1     
Module sc_node_v1_0_10_arb_alg_rr__1 
Detailed RTL Component Info : 
+---Registers : 
	                2 Bit    Registers := 2     
+---Muxes : 
	   2 Input      1 Bit        Muxes := 1     
Module sc_util_v1_0_4_axic_reg_srl_fifo__parameterized1 
Detailed RTL Component Info : 
+---Adders : 
	   2 Input      4 Bit       Adders := 1     
+---Registers : 
	               16 Bit    Registers := 1     
	                4 Bit    Registers := 1     
	                3 Bit    Registers := 1     
	                1 Bit    Registers := 1     
+---Muxes : 
	   2 Input     16 Bit        Muxes := 1     
	   4 Input      3 Bit        Muxes := 1     
	  11 Input      3 Bit        Muxes := 1     
	   2 Input      2 Bit        Muxes := 1     
	   6 Input      1 Bit        Muxes := 5     
	  12 Input      1 Bit        Muxes := 1     
	   2 Input      1 Bit        Muxes := 2     
Module sc_util_v1_0_4_pipeline__22 
Detailed RTL Component Info : 
+---Registers : 
	                1 Bit    Registers := 1     
Module sc_util_v1_0_4_counter__1 
Detailed RTL Component Info : 
+---Adders : 
	   2 Input      2 Bit       Adders := 1     
+---XORs : 
	   2 Input      1 Bit         XORs := 1     
+---Registers : 
	                2 Bit    Registers := 1     
	                1 Bit    Registers := 1     
+---Muxes : 
	   2 Input      2 Bit        Muxes := 1     
	   2 Input      1 Bit        Muxes := 1     
Module sc_util_v1_0_4_counter__2 
Detailed RTL Component Info : 
+---Adders : 
	   2 Input      2 Bit       Adders := 1     
+---XORs : 
	   2 Input      1 Bit         XORs := 1     
+---Registers : 
	                2 Bit    Registers := 1     
	                1 Bit    Registers := 1     
+---Muxes : 
	   2 Input      2 Bit        Muxes := 1     
	   2 Input      1 Bit        Muxes := 1     
Module sc_node_v1_0_10_si_handler__parameterized0 
Detailed RTL Component Info : 
+---Registers : 
	                1 Bit    Registers := 1     
Module sc_util_v1_0_4_counter__parameterized1__26 
Detailed RTL Component Info : 
+---Adders : 
	   2 Input      6 Bit       Adders := 1     
+---XORs : 
	   2 Input      1 Bit         XORs := 1     
+---Registers : 
	                6 Bit    Registers := 1     
	                1 Bit    Registers := 1     
+---Muxes : 
	   2 Input      2 Bit        Muxes := 1     
	   2 Input      1 Bit        Muxes := 1     
Module xpm_memory_base__8 
Detailed RTL Component Info : 
+---Registers : 
	                1 Bit    Registers := 1     
Module sc_util_v1_0_4_counter__parameterized0__43 
Detailed RTL Component Info : 
+---Adders : 
	   2 Input      6 Bit       Adders := 1     
+---XORs : 
	   2 Input      1 Bit         XORs := 1     
+---Registers : 
	                6 Bit    Registers := 1     
	                1 Bit    Registers := 1     
+---Muxes : 
	   2 Input      2 Bit        Muxes := 1     
	   2 Input      1 Bit        Muxes := 1     
Module sc_util_v1_0_4_counter__parameterized0__44 
Detailed RTL Component Info : 
+---Adders : 
	   2 Input      6 Bit       Adders := 1     
+---XORs : 
	   2 Input      1 Bit         XORs := 1     
+---Registers : 
	                6 Bit    Registers := 1     
	                1 Bit    Registers := 1     
+---Muxes : 
	   2 Input      2 Bit        Muxes := 1     
	   2 Input      1 Bit        Muxes := 1     
Module sc_util_v1_0_4_xpm_memory_fifo__xdcDup__2 
Detailed RTL Component Info : 
+---Adders : 
	   2 Input      6 Bit       Adders := 3     
+---XORs : 
	   2 Input      1 Bit         XORs := 3     
+---Registers : 
	                1 Bit    Registers := 5     
+---Muxes : 
	   2 Input      6 Bit        Muxes := 1     
Module sc_util_v1_0_4_pipeline__21 
Detailed RTL Component Info : 
+---Registers : 
	                1 Bit    Registers := 1     
Module sc_util_v1_0_4_counter__parameterized1__25 
Detailed RTL Component Info : 
+---Adders : 
	   2 Input      6 Bit       Adders := 1     
+---XORs : 
	   2 Input      1 Bit         XORs := 1     
+---Registers : 
	                6 Bit    Registers := 1     
	                1 Bit    Registers := 1     
+---Muxes : 
	   2 Input      2 Bit        Muxes := 1     
	   2 Input      1 Bit        Muxes := 1     
Module xpm_memory_base__parameterized0__2 
Detailed RTL Component Info : 
+---Registers : 
	              156 Bit    Registers := 1     
Module sc_util_v1_0_4_counter__parameterized0__41 
Detailed RTL Component Info : 
+---Adders : 
	   2 Input      6 Bit       Adders := 1     
+---XORs : 
	   2 Input      1 Bit         XORs := 1     
+---Registers : 
	                6 Bit    Registers := 1     
	                1 Bit    Registers := 1     
+---Muxes : 
	   2 Input      2 Bit        Muxes := 1     
	   2 Input      1 Bit        Muxes := 1     
Module sc_util_v1_0_4_counter__parameterized0__42 
Detailed RTL Component Info : 
+---Adders : 
	   2 Input      6 Bit       Adders := 1     
+---XORs : 
	   2 Input      1 Bit         XORs := 1     
+---Registers : 
	                6 Bit    Registers := 1     
	                1 Bit    Registers := 1     
+---Muxes : 
	   2 Input      2 Bit        Muxes := 1     
	   2 Input      1 Bit        Muxes := 1     
Module sc_util_v1_0_4_xpm_memory_fifo__parameterized0 
Detailed RTL Component Info : 
+---Adders : 
	   2 Input      6 Bit       Adders := 3     
+---XORs : 
	   2 Input      1 Bit         XORs := 3     
+---Registers : 
	                1 Bit    Registers := 5     
+---Muxes : 
	   2 Input      6 Bit        Muxes := 1     
Module sc_util_v1_0_4_pipeline__20 
Detailed RTL Component Info : 
+---Registers : 
	                1 Bit    Registers := 1     
Module sc_util_v1_0_4_pipeline__parameterized3__2 
Detailed RTL Component Info : 
+---Registers : 
	                2 Bit    Registers := 1     
Module sc_util_v1_0_4_counter__parameterized2__9 
Detailed RTL Component Info : 
+---Adders : 
	   2 Input      4 Bit       Adders := 1     
+---XORs : 
	   2 Input      1 Bit         XORs := 1     
+---Registers : 
	                4 Bit    Registers := 1     
	                1 Bit    Registers := 1     
+---Muxes : 
	   2 Input      2 Bit        Muxes := 1     
	   2 Input      1 Bit        Muxes := 1     
Module sc_node_v1_0_10_mi_handler__parameterized0 
Detailed RTL Component Info : 
+---Registers : 
	                1 Bit    Registers := 2     
Module sc_node_v1_0_10_top__parameterized0 
Detailed RTL Component Info : 
+---Registers : 
	                1 Bit    Registers := 1     
Module sc_util_v1_0_4_pipeline__6 
Detailed RTL Component Info : 
+---Registers : 
	                1 Bit    Registers := 1     
Module sc_util_v1_0_4_counter__parameterized1__24 
Detailed RTL Component Info : 
+---Adders : 
	   2 Input      6 Bit       Adders := 1     
+---XORs : 
	   2 Input      1 Bit         XORs := 1     
+---Registers : 
	                6 Bit    Registers := 1     
	                1 Bit    Registers := 1     
+---Muxes : 
	   2 Input      2 Bit        Muxes := 1     
	   2 Input      1 Bit        Muxes := 1     
Module xpm_memory_base__parameterized1 
Detailed RTL Component Info : 
+---Registers : 
	               19 Bit    Registers := 1     
Module sc_util_v1_0_4_counter__parameterized0__39 
Detailed RTL Component Info : 
+---Adders : 
	   2 Input      6 Bit       Adders := 1     
+---XORs : 
	   2 Input      1 Bit         XORs := 1     
+---Registers : 
	                6 Bit    Registers := 1     
	                1 Bit    Registers := 1     
+---Muxes : 
	   2 Input      2 Bit        Muxes := 1     
	   2 Input      1 Bit        Muxes := 1     
Module sc_util_v1_0_4_counter__parameterized0__40 
Detailed RTL Component Info : 
+---Adders : 
	   2 Input      6 Bit       Adders := 1     
+---XORs : 
	   2 Input      1 Bit         XORs := 1     
+---Registers : 
	                6 Bit    Registers := 1     
	                1 Bit    Registers := 1     
+---Muxes : 
	   2 Input      2 Bit        Muxes := 1     
	   2 Input      1 Bit        Muxes := 1     
Module sc_util_v1_0_4_xpm_memory_fifo__parameterized1__xdcDup__1 
Detailed RTL Component Info : 
+---Adders : 
	   2 Input      6 Bit       Adders := 3     
+---XORs : 
	   2 Input      1 Bit         XORs := 3     
+---Registers : 
	                1 Bit    Registers := 5     
+---Muxes : 
	   2 Input      6 Bit        Muxes := 1     
Module sc_util_v1_0_4_pipeline__19 
Detailed RTL Component Info : 
+---Registers : 
	                1 Bit    Registers := 1     
Module sc_node_v1_0_10_reg_slice3__parameterized0 
Detailed RTL Component Info : 
+---Registers : 
	                2 Bit    Registers := 4     
	                1 Bit    Registers := 3     
+---Muxes : 
	   7 Input      2 Bit        Muxes := 1     
	   2 Input      2 Bit        Muxes := 1     
Module sc_util_v1_0_4_counter__parameterized1__23 
Detailed RTL Component Info : 
+---Adders : 
	   2 Input      6 Bit       Adders := 1     
+---XORs : 
	   2 Input      1 Bit         XORs := 1     
+---Registers : 
	                6 Bit    Registers := 1     
	                1 Bit    Registers := 1     
+---Muxes : 
	   2 Input      2 Bit        Muxes := 1     
	   2 Input      1 Bit        Muxes := 1     
Module xpm_memory_base__parameterized2 
Detailed RTL Component Info : 
+---Registers : 
	                6 Bit    Registers := 1     
Module sc_util_v1_0_4_counter__parameterized0__37 
Detailed RTL Component Info : 
+---Adders : 
	   2 Input      6 Bit       Adders := 1     
+---XORs : 
	   2 Input      1 Bit         XORs := 1     
+---Registers : 
	                6 Bit    Registers := 1     
	                1 Bit    Registers := 1     
+---Muxes : 
	   2 Input      2 Bit        Muxes := 1     
	   2 Input      1 Bit        Muxes := 1     
Module sc_util_v1_0_4_counter__parameterized0__38 
Detailed RTL Component Info : 
+---Adders : 
	   2 Input      6 Bit       Adders := 1     
+---XORs : 
	   2 Input      1 Bit         XORs := 1     
+---Registers : 
	                6 Bit    Registers := 1     
	                1 Bit    Registers := 1     
+---Muxes : 
	   2 Input      2 Bit        Muxes := 1     
	   2 Input      1 Bit        Muxes := 1     
Module sc_util_v1_0_4_xpm_memory_fifo__parameterized2 
Detailed RTL Component Info : 
+---Adders : 
	   2 Input      6 Bit       Adders := 3     
+---XORs : 
	   2 Input      1 Bit         XORs := 3     
+---Registers : 
	                1 Bit    Registers := 5     
+---Muxes : 
	   2 Input      6 Bit        Muxes := 1     
Module sc_util_v1_0_4_counter__parameterized2__8 
Detailed RTL Component Info : 
+---Adders : 
	   2 Input      4 Bit       Adders := 1     
+---XORs : 
	   2 Input      1 Bit         XORs := 1     
+---Registers : 
	                4 Bit    Registers := 1     
	                1 Bit    Registers := 1     
+---Muxes : 
	   2 Input      2 Bit        Muxes := 1     
	   2 Input      1 Bit        Muxes := 1     
Module sc_node_v1_0_10_mi_handler__parameterized1 
Detailed RTL Component Info : 
+---Registers : 
	                1 Bit    Registers := 2     
+---Muxes : 
	   2 Input      2 Bit        Muxes := 1     
Module sc_node_v1_0_10_top__parameterized1 
Detailed RTL Component Info : 
+---Registers : 
	                1 Bit    Registers := 1     
Module sc_util_v1_0_4_pipeline__11 
Detailed RTL Component Info : 
+---Registers : 
	                1 Bit    Registers := 1     
Module sc_util_v1_0_4_counter__parameterized1__22 
Detailed RTL Component Info : 
+---Adders : 
	   2 Input      6 Bit       Adders := 1     
+---XORs : 
	   2 Input      1 Bit         XORs := 1     
+---Registers : 
	                6 Bit    Registers := 1     
	                1 Bit    Registers := 1     
+---Muxes : 
	   2 Input      2 Bit        Muxes := 1     
	   2 Input      1 Bit        Muxes := 1     
Module xpm_memory_base__parameterized1__2 
Detailed RTL Component Info : 
+---Registers : 
	               19 Bit    Registers := 1     
Module sc_util_v1_0_4_counter__parameterized0__35 
Detailed RTL Component Info : 
+---Adders : 
	   2 Input      6 Bit       Adders := 1     
+---XORs : 
	   2 Input      1 Bit         XORs := 1     
+---Registers : 
	                6 Bit    Registers := 1     
	                1 Bit    Registers := 1     
+---Muxes : 
	   2 Input      2 Bit        Muxes := 1     
	   2 Input      1 Bit        Muxes := 1     
Module sc_util_v1_0_4_counter__parameterized0__36 
Detailed RTL Component Info : 
+---Adders : 
	   2 Input      6 Bit       Adders := 1     
+---XORs : 
	   2 Input      1 Bit         XORs := 1     
+---Registers : 
	                6 Bit    Registers := 1     
	                1 Bit    Registers := 1     
+---Muxes : 
	   2 Input      2 Bit        Muxes := 1     
	   2 Input      1 Bit        Muxes := 1     
Module sc_util_v1_0_4_xpm_memory_fifo__parameterized1 
Detailed RTL Component Info : 
+---Adders : 
	   2 Input      6 Bit       Adders := 3     
+---XORs : 
	   2 Input      1 Bit         XORs := 3     
+---Registers : 
	                1 Bit    Registers := 5     
+---Muxes : 
	   2 Input      6 Bit        Muxes := 1     
Module sc_util_v1_0_4_pipeline__18 
Detailed RTL Component Info : 
+---Registers : 
	                1 Bit    Registers := 1     
Module sc_node_v1_0_10_reg_slice3__parameterized0__1 
Detailed RTL Component Info : 
+---Registers : 
	                2 Bit    Registers := 4     
	                1 Bit    Registers := 3     
+---Muxes : 
	   7 Input      2 Bit        Muxes := 1     
	   2 Input      2 Bit        Muxes := 1     
Module sc_util_v1_0_4_counter__parameterized1__21 
Detailed RTL Component Info : 
+---Adders : 
	   2 Input      6 Bit       Adders := 1     
+---XORs : 
	   2 Input      1 Bit         XORs := 1     
+---Registers : 
	                6 Bit    Registers := 1     
	                1 Bit    Registers := 1     
+---Muxes : 
	   2 Input      2 Bit        Muxes := 1     
	   2 Input      1 Bit        Muxes := 1     
Module xpm_memory_base__parameterized3 
Detailed RTL Component Info : 
+---Registers : 
	              148 Bit    Registers := 1     
Module sc_util_v1_0_4_counter__parameterized0__33 
Detailed RTL Component Info : 
+---Adders : 
	   2 Input      6 Bit       Adders := 1     
+---XORs : 
	   2 Input      1 Bit         XORs := 1     
+---Registers : 
	                6 Bit    Registers := 1     
	                1 Bit    Registers := 1     
+---Muxes : 
	   2 Input      2 Bit        Muxes := 1     
	   2 Input      1 Bit        Muxes := 1     
Module sc_util_v1_0_4_counter__parameterized0__34 
Detailed RTL Component Info : 
+---Adders : 
	   2 Input      6 Bit       Adders := 1     
+---XORs : 
	   2 Input      1 Bit         XORs := 1     
+---Registers : 
	                6 Bit    Registers := 1     
	                1 Bit    Registers := 1     
+---Muxes : 
	   2 Input      2 Bit        Muxes := 1     
	   2 Input      1 Bit        Muxes := 1     
Module sc_util_v1_0_4_xpm_memory_fifo__parameterized3 
Detailed RTL Component Info : 
+---Adders : 
	   2 Input      6 Bit       Adders := 3     
+---XORs : 
	   2 Input      1 Bit         XORs := 3     
+---Registers : 
	                1 Bit    Registers := 5     
+---Muxes : 
	   2 Input      6 Bit        Muxes := 1     
Module sc_util_v1_0_4_counter__parameterized2__7 
Detailed RTL Component Info : 
+---Adders : 
	   2 Input      4 Bit       Adders := 1     
+---XORs : 
	   2 Input      1 Bit         XORs := 1     
+---Registers : 
	                4 Bit    Registers := 1     
	                1 Bit    Registers := 1     
+---Muxes : 
	   2 Input      2 Bit        Muxes := 1     
	   2 Input      1 Bit        Muxes := 1     
Module sc_node_v1_0_10_ingress__parameterized2 
Detailed RTL Component Info : 
+---Adders : 
	   3 Input      1 Bit       Adders := 1     
Module sc_node_v1_0_10_mi_handler__parameterized2 
Detailed RTL Component Info : 
+---Registers : 
	                1 Bit    Registers := 2     
+---Muxes : 
	   2 Input      2 Bit        Muxes := 1     
Module sc_node_v1_0_10_top__parameterized2 
Detailed RTL Component Info : 
+---Registers : 
	                1 Bit    Registers := 1     
Module sc_util_v1_0_4_pipeline__16 
Detailed RTL Component Info : 
+---Registers : 
	                1 Bit    Registers := 1     
Module sc_util_v1_0_4_pipeline__17 
Detailed RTL Component Info : 
+---Registers : 
	                1 Bit    Registers := 1     
Module sc_util_v1_0_4_counter__parameterized4 
Detailed RTL Component Info : 
+---Adders : 
	   2 Input      3 Bit       Adders := 1     
+---XORs : 
	   2 Input      1 Bit         XORs := 1     
+---Registers : 
	                3 Bit    Registers := 1     
	                1 Bit    Registers := 1     
+---Muxes : 
	   2 Input      2 Bit        Muxes := 1     
	   2 Input      1 Bit        Muxes := 1     
Module sc_util_v1_0_4_counter__parameterized3__4 
Detailed RTL Component Info : 
+---Adders : 
	   2 Input      3 Bit       Adders := 1     
+---XORs : 
	   2 Input      1 Bit         XORs := 1     
+---Registers : 
	                3 Bit    Registers := 1     
	                1 Bit    Registers := 1     
+---Muxes : 
	   2 Input      2 Bit        Muxes := 1     
	   2 Input      1 Bit        Muxes := 1     
Module sc_util_v1_0_4_counter__parameterized3 
Detailed RTL Component Info : 
+---Adders : 
	   2 Input      3 Bit       Adders := 1     
+---XORs : 
	   2 Input      1 Bit         XORs := 1     
+---Registers : 
	                3 Bit    Registers := 1     
	                1 Bit    Registers := 1     
+---Muxes : 
	   2 Input      2 Bit        Muxes := 1     
	   2 Input      1 Bit        Muxes := 1     
Module sc_util_v1_0_4_xpm_memory_fifo__parameterized4__xdcDup__1 
Detailed RTL Component Info : 
+---Adders : 
	   2 Input      3 Bit       Adders := 3     
+---XORs : 
	   2 Input      1 Bit         XORs := 3     
+---Registers : 
	                1 Bit    Registers := 4     
+---Muxes : 
	   2 Input      3 Bit        Muxes := 1     
Module sc_util_v1_0_4_counter__parameterized4__2 
Detailed RTL Component Info : 
+---Adders : 
	   2 Input      3 Bit       Adders := 1     
+---XORs : 
	   2 Input      1 Bit         XORs := 1     
+---Registers : 
	                3 Bit    Registers := 1     
	                1 Bit    Registers := 1     
+---Muxes : 
	   2 Input      2 Bit        Muxes := 1     
	   2 Input      1 Bit        Muxes := 1     
Module sc_util_v1_0_4_counter__parameterized3__2 
Detailed RTL Component Info : 
+---Adders : 
	   2 Input      3 Bit       Adders := 1     
+---XORs : 
	   2 Input      1 Bit         XORs := 1     
+---Registers : 
	                3 Bit    Registers := 1     
	                1 Bit    Registers := 1     
+---Muxes : 
	   2 Input      2 Bit        Muxes := 1     
	   2 Input      1 Bit        Muxes := 1     
Module sc_util_v1_0_4_counter__parameterized3__3 
Detailed RTL Component Info : 
+---Adders : 
	   2 Input      3 Bit       Adders := 1     
+---XORs : 
	   2 Input      1 Bit         XORs := 1     
+---Registers : 
	                3 Bit    Registers := 1     
	                1 Bit    Registers := 1     
+---Muxes : 
	   2 Input      2 Bit        Muxes := 1     
	   2 Input      1 Bit        Muxes := 1     
Module sc_util_v1_0_4_xpm_memory_fifo__parameterized4 
Detailed RTL Component Info : 
+---Adders : 
	   2 Input      3 Bit       Adders := 3     
+---XORs : 
	   2 Input      1 Bit         XORs := 3     
+---Registers : 
	                1 Bit    Registers := 4     
+---Muxes : 
	   2 Input      3 Bit        Muxes := 1     
Module sc_node_v1_0_10_si_handler__parameterized3 
Detailed RTL Component Info : 
+---Registers : 
	                1 Bit    Registers := 1     
Module sc_util_v1_0_4_counter__parameterized1__20 
Detailed RTL Component Info : 
+---Adders : 
	   2 Input      6 Bit       Adders := 1     
+---XORs : 
	   2 Input      1 Bit         XORs := 1     
+---Registers : 
	                6 Bit    Registers := 1     
	                1 Bit    Registers := 1     
+---Muxes : 
	   2 Input      2 Bit        Muxes := 1     
	   2 Input      1 Bit        Muxes := 1     
Module xpm_memory_base__7 
Detailed RTL Component Info : 
+---Registers : 
	                1 Bit    Registers := 1     
Module sc_util_v1_0_4_counter__parameterized0__31 
Detailed RTL Component Info : 
+---Adders : 
	   2 Input      6 Bit       Adders := 1     
+---XORs : 
	   2 Input      1 Bit         XORs := 1     
+---Registers : 
	                6 Bit    Registers := 1     
	                1 Bit    Registers := 1     
+---Muxes : 
	   2 Input      2 Bit        Muxes := 1     
	   2 Input      1 Bit        Muxes := 1     
Module sc_util_v1_0_4_counter__parameterized0__32 
Detailed RTL Component Info : 
+---Adders : 
	   2 Input      6 Bit       Adders := 1     
+---XORs : 
	   2 Input      1 Bit         XORs := 1     
+---Registers : 
	                6 Bit    Registers := 1     
	                1 Bit    Registers := 1     
+---Muxes : 
	   2 Input      2 Bit        Muxes := 1     
	   2 Input      1 Bit        Muxes := 1     
Module sc_util_v1_0_4_xpm_memory_fifo__xdcDup__3 
Detailed RTL Component Info : 
+---Adders : 
	   2 Input      6 Bit       Adders := 3     
+---XORs : 
	   2 Input      1 Bit         XORs := 3     
+---Registers : 
	                1 Bit    Registers := 5     
+---Muxes : 
	   2 Input      6 Bit        Muxes := 1     
Module sc_util_v1_0_4_pipeline__15 
Detailed RTL Component Info : 
+---Registers : 
	                1 Bit    Registers := 1     
Module sc_util_v1_0_4_counter__parameterized1__19 
Detailed RTL Component Info : 
+---Adders : 
	   2 Input      6 Bit       Adders := 1     
+---XORs : 
	   2 Input      1 Bit         XORs := 1     
+---Registers : 
	                6 Bit    Registers := 1     
	                1 Bit    Registers := 1     
+---Muxes : 
	   2 Input      2 Bit        Muxes := 1     
	   2 Input      1 Bit        Muxes := 1     
Module xpm_memory_base__parameterized5 
Detailed RTL Component Info : 
+---Registers : 
	              178 Bit    Registers := 1     
Module sc_util_v1_0_4_counter__parameterized0__29 
Detailed RTL Component Info : 
+---Adders : 
	   2 Input      6 Bit       Adders := 1     
+---XORs : 
	   2 Input      1 Bit         XORs := 1     
+---Registers : 
	                6 Bit    Registers := 1     
	                1 Bit    Registers := 1     
+---Muxes : 
	   2 Input      2 Bit        Muxes := 1     
	   2 Input      1 Bit        Muxes := 1     
Module sc_util_v1_0_4_counter__parameterized0__30 
Detailed RTL Component Info : 
+---Adders : 
	   2 Input      6 Bit       Adders := 1     
+---XORs : 
	   2 Input      1 Bit         XORs := 1     
+---Registers : 
	                6 Bit    Registers := 1     
	                1 Bit    Registers := 1     
+---Muxes : 
	   2 Input      2 Bit        Muxes := 1     
	   2 Input      1 Bit        Muxes := 1     
Module sc_util_v1_0_4_xpm_memory_fifo__parameterized5 
Detailed RTL Component Info : 
+---Adders : 
	   2 Input      6 Bit       Adders := 3     
+---XORs : 
	   2 Input      1 Bit         XORs := 3     
+---Registers : 
	                1 Bit    Registers := 5     
+---Muxes : 
	   2 Input      6 Bit        Muxes := 1     
Module sc_util_v1_0_4_pipeline__14 
Detailed RTL Component Info : 
+---Registers : 
	                1 Bit    Registers := 1     
Module sc_util_v1_0_4_pipeline__parameterized3__1 
Detailed RTL Component Info : 
+---Registers : 
	                2 Bit    Registers := 1     
Module sc_util_v1_0_4_counter__parameterized2__6 
Detailed RTL Component Info : 
+---Adders : 
	   2 Input      4 Bit       Adders := 1     
+---XORs : 
	   2 Input      1 Bit         XORs := 1     
+---Registers : 
	                4 Bit    Registers := 1     
	                1 Bit    Registers := 1     
+---Muxes : 
	   2 Input      2 Bit        Muxes := 1     
	   2 Input      1 Bit        Muxes := 1     
Module sc_node_v1_0_10_ingress__parameterized3 
Detailed RTL Component Info : 
+---Adders : 
	   3 Input      1 Bit       Adders := 1     
Module sc_node_v1_0_10_mi_handler__parameterized3 
Detailed RTL Component Info : 
+---Registers : 
	                1 Bit    Registers := 2     
Module sc_node_v1_0_10_top__parameterized3 
Detailed RTL Component Info : 
+---Registers : 
	                1 Bit    Registers := 1     
Module sc_util_v1_0_4_pipeline__13 
Detailed RTL Component Info : 
+---Registers : 
	                1 Bit    Registers := 1     
Module sc_util_v1_0_4_counter__parameterized1__18 
Detailed RTL Component Info : 
+---Adders : 
	   2 Input      6 Bit       Adders := 1     
+---XORs : 
	   2 Input      1 Bit         XORs := 1     
+---Registers : 
	                6 Bit    Registers := 1     
	                1 Bit    Registers := 1     
+---Muxes : 
	   2 Input      2 Bit        Muxes := 1     
	   2 Input      1 Bit        Muxes := 1     
Module xpm_memory_base__parameterized6 
Detailed RTL Component Info : 
+---Registers : 
	               18 Bit    Registers := 1     
Module sc_util_v1_0_4_counter__parameterized0__27 
Detailed RTL Component Info : 
+---Adders : 
	   2 Input      6 Bit       Adders := 1     
+---XORs : 
	   2 Input      1 Bit         XORs := 1     
+---Registers : 
	                6 Bit    Registers := 1     
	                1 Bit    Registers := 1     
+---Muxes : 
	   2 Input      2 Bit        Muxes := 1     
	   2 Input      1 Bit        Muxes := 1     
Module sc_util_v1_0_4_counter__parameterized0__28 
Detailed RTL Component Info : 
+---Adders : 
	   2 Input      6 Bit       Adders := 1     
+---XORs : 
	   2 Input      1 Bit         XORs := 1     
+---Registers : 
	                6 Bit    Registers := 1     
	                1 Bit    Registers := 1     
+---Muxes : 
	   2 Input      2 Bit        Muxes := 1     
	   2 Input      1 Bit        Muxes := 1     
Module sc_util_v1_0_4_xpm_memory_fifo__parameterized6__xdcDup__1 
Detailed RTL Component Info : 
+---Adders : 
	   2 Input      6 Bit       Adders := 3     
+---XORs : 
	   2 Input      1 Bit         XORs := 3     
+---Registers : 
	                1 Bit    Registers := 5     
+---Muxes : 
	   2 Input      6 Bit        Muxes := 1     
Module sc_util_v1_0_4_pipeline__12 
Detailed RTL Component Info : 
+---Registers : 
	                1 Bit    Registers := 1     
Module sc_node_v1_0_10_reg_slice3__parameterized1 
Detailed RTL Component Info : 
+---Registers : 
	                2 Bit    Registers := 1     
	                1 Bit    Registers := 6     
+---Muxes : 
	   7 Input      2 Bit        Muxes := 1     
	   2 Input      1 Bit        Muxes := 1     
Module sc_util_v1_0_4_counter__parameterized1__17 
Detailed RTL Component Info : 
+---Adders : 
	   2 Input      6 Bit       Adders := 1     
+---XORs : 
	   2 Input      1 Bit         XORs := 1     
+---Registers : 
	                6 Bit    Registers := 1     
	                1 Bit    Registers := 1     
+---Muxes : 
	   2 Input      2 Bit        Muxes := 1     
	   2 Input      1 Bit        Muxes := 1     
Module xpm_memory_base__parameterized7 
Detailed RTL Component Info : 
+---Registers : 
	              138 Bit    Registers := 1     
Module sc_util_v1_0_4_counter__parameterized0__25 
Detailed RTL Component Info : 
+---Adders : 
	   2 Input      6 Bit       Adders := 1     
+---XORs : 
	   2 Input      1 Bit         XORs := 1     
+---Registers : 
	                6 Bit    Registers := 1     
	                1 Bit    Registers := 1     
+---Muxes : 
	   2 Input      2 Bit        Muxes := 1     
	   2 Input      1 Bit        Muxes := 1     
Module sc_util_v1_0_4_counter__parameterized0__26 
Detailed RTL Component Info : 
+---Adders : 
	   2 Input      6 Bit       Adders := 1     
+---XORs : 
	   2 Input      1 Bit         XORs := 1     
+---Registers : 
	                6 Bit    Registers := 1     
	                1 Bit    Registers := 1     
+---Muxes : 
	   2 Input      2 Bit        Muxes := 1     
	   2 Input      1 Bit        Muxes := 1     
Module sc_util_v1_0_4_xpm_memory_fifo__parameterized7__xdcDup__1 
Detailed RTL Component Info : 
+---Adders : 
	   2 Input      6 Bit       Adders := 3     
+---XORs : 
	   2 Input      1 Bit         XORs := 3     
+---Registers : 
	                1 Bit    Registers := 5     
+---Muxes : 
	   2 Input      6 Bit        Muxes := 1     
Module sc_util_v1_0_4_counter__parameterized2__5 
Detailed RTL Component Info : 
+---Adders : 
	   2 Input      4 Bit       Adders := 1     
+---XORs : 
	   2 Input      1 Bit         XORs := 1     
+---Registers : 
	                4 Bit    Registers := 1     
	                1 Bit    Registers := 1     
+---Muxes : 
	   2 Input      2 Bit        Muxes := 1     
	   2 Input      1 Bit        Muxes := 1     
Module sc_node_v1_0_10_mi_handler__parameterized4 
Detailed RTL Component Info : 
+---Registers : 
	                1 Bit    Registers := 2     
Module sc_node_v1_0_10_top__parameterized4 
Detailed RTL Component Info : 
+---Registers : 
	                1 Bit    Registers := 1     
Module sc_util_v1_0_4_pipeline__26 
Detailed RTL Component Info : 
+---Registers : 
	                1 Bit    Registers := 1     
Module sc_util_v1_0_4_counter__parameterized1__16 
Detailed RTL Component Info : 
+---Adders : 
	   2 Input      6 Bit       Adders := 1     
+---XORs : 
	   2 Input      1 Bit         XORs := 1     
+---Registers : 
	                6 Bit    Registers := 1     
	                1 Bit    Registers := 1     
+---Muxes : 
	   2 Input      2 Bit        Muxes := 1     
	   2 Input      1 Bit        Muxes := 1     
Module xpm_memory_base__6 
Detailed RTL Component Info : 
+---Registers : 
	                1 Bit    Registers := 1     
Module sc_util_v1_0_4_counter__parameterized0__23 
Detailed RTL Component Info : 
+---Adders : 
	   2 Input      6 Bit       Adders := 1     
+---XORs : 
	   2 Input      1 Bit         XORs := 1     
+---Registers : 
	                6 Bit    Registers := 1     
	                1 Bit    Registers := 1     
+---Muxes : 
	   2 Input      2 Bit        Muxes := 1     
	   2 Input      1 Bit        Muxes := 1     
Module sc_util_v1_0_4_counter__parameterized0__24 
Detailed RTL Component Info : 
+---Adders : 
	   2 Input      6 Bit       Adders := 1     
+---XORs : 
	   2 Input      1 Bit         XORs := 1     
+---Registers : 
	                6 Bit    Registers := 1     
	                1 Bit    Registers := 1     
+---Muxes : 
	   2 Input      2 Bit        Muxes := 1     
	   2 Input      1 Bit        Muxes := 1     
Module sc_util_v1_0_4_xpm_memory_fifo__xdcDup__4 
Detailed RTL Component Info : 
+---Adders : 
	   2 Input      6 Bit       Adders := 3     
+---XORs : 
	   2 Input      1 Bit         XORs := 3     
+---Registers : 
	                1 Bit    Registers := 5     
+---Muxes : 
	   2 Input      6 Bit        Muxes := 1     
Module sc_node_v1_0_10_reg_slice3__parameterized2 
Detailed RTL Component Info : 
+---Muxes : 
	   2 Input      5 Bit        Muxes := 1     
Module sc_node_v1_0_10_downsizer 
Detailed RTL Component Info : 
+---Adders : 
	   2 Input      2 Bit       Adders := 2     
+---Registers : 
	                2 Bit    Registers := 2     
	                1 Bit    Registers := 1     
+---Muxes : 
	   2 Input      7 Bit        Muxes := 2     
	   2 Input      2 Bit        Muxes := 1     
	   2 Input      1 Bit        Muxes := 1     
Module sc_util_v1_0_4_counter__parameterized1__15 
Detailed RTL Component Info : 
+---Adders : 
	   2 Input      6 Bit       Adders := 1     
+---XORs : 
	   2 Input      1 Bit         XORs := 1     
+---Registers : 
	                6 Bit    Registers := 1     
	                1 Bit    Registers := 1     
+---Muxes : 
	   2 Input      2 Bit        Muxes := 1     
	   2 Input      1 Bit        Muxes := 1     
Module xpm_memory_base__parameterized8 
Detailed RTL Component Info : 
+---Registers : 
	              167 Bit    Registers := 1     
Module sc_util_v1_0_4_counter__parameterized0__21 
Detailed RTL Component Info : 
+---Adders : 
	   2 Input      6 Bit       Adders := 1     
+---XORs : 
	   2 Input      1 Bit         XORs := 1     
+---Registers : 
	                6 Bit    Registers := 1     
	                1 Bit    Registers := 1     
+---Muxes : 
	   2 Input      2 Bit        Muxes := 1     
	   2 Input      1 Bit        Muxes := 1     
Module sc_util_v1_0_4_counter__parameterized0__22 
Detailed RTL Component Info : 
+---Adders : 
	   2 Input      6 Bit       Adders := 1     
+---XORs : 
	   2 Input      1 Bit         XORs := 1     
+---Registers : 
	                6 Bit    Registers := 1     
	                1 Bit    Registers := 1     
+---Muxes : 
	   2 Input      2 Bit        Muxes := 1     
	   2 Input      1 Bit        Muxes := 1     
Module sc_util_v1_0_4_xpm_memory_fifo__parameterized8 
Detailed RTL Component Info : 
+---Adders : 
	   2 Input      6 Bit       Adders := 3     
+---XORs : 
	   2 Input      1 Bit         XORs := 3     
+---Registers : 
	                1 Bit    Registers := 5     
+---Muxes : 
	   2 Input      6 Bit        Muxes := 1     
Module sc_util_v1_0_4_pipeline__9 
Detailed RTL Component Info : 
+---Registers : 
	                1 Bit    Registers := 1     
Module sc_util_v1_0_4_pipeline__10 
Detailed RTL Component Info : 
+---Registers : 
	                1 Bit    Registers := 1     
Module sc_util_v1_0_4_counter__parameterized2__4 
Detailed RTL Component Info : 
+---Adders : 
	   2 Input      4 Bit       Adders := 1     
+---XORs : 
	   2 Input      1 Bit         XORs := 1     
+---Registers : 
	                4 Bit    Registers := 1     
	                1 Bit    Registers := 1     
+---Muxes : 
	   2 Input      2 Bit        Muxes := 1     
	   2 Input      1 Bit        Muxes := 1     
Module sc_node_v1_0_10_ingress__parameterized5 
Detailed RTL Component Info : 
+---Adders : 
	   3 Input      2 Bit       Adders := 1     
Module sc_node_v1_0_10_mi_handler__parameterized5 
Detailed RTL Component Info : 
+---Registers : 
	                1 Bit    Registers := 2     
Module sc_node_v1_0_10_top__parameterized5 
Detailed RTL Component Info : 
+---Registers : 
	                1 Bit    Registers := 1     
Module sc_util_v1_0_4_pipeline__8 
Detailed RTL Component Info : 
+---Registers : 
	                1 Bit    Registers := 1     
Module sc_util_v1_0_4_counter__parameterized1__14 
Detailed RTL Component Info : 
+---Adders : 
	   2 Input      6 Bit       Adders := 1     
+---XORs : 
	   2 Input      1 Bit         XORs := 1     
+---Registers : 
	                6 Bit    Registers := 1     
	                1 Bit    Registers := 1     
+---Muxes : 
	   2 Input      2 Bit        Muxes := 1     
	   2 Input      1 Bit        Muxes := 1     
Module xpm_memory_base__parameterized6__3 
Detailed RTL Component Info : 
+---Registers : 
	               18 Bit    Registers := 1     
Module sc_util_v1_0_4_counter__parameterized0__19 
Detailed RTL Component Info : 
+---Adders : 
	   2 Input      6 Bit       Adders := 1     
+---XORs : 
	   2 Input      1 Bit         XORs := 1     
+---Registers : 
	                6 Bit    Registers := 1     
	                1 Bit    Registers := 1     
+---Muxes : 
	   2 Input      2 Bit        Muxes := 1     
	   2 Input      1 Bit        Muxes := 1     
Module sc_util_v1_0_4_counter__parameterized0__20 
Detailed RTL Component Info : 
+---Adders : 
	   2 Input      6 Bit       Adders := 1     
+---XORs : 
	   2 Input      1 Bit         XORs := 1     
+---Registers : 
	                6 Bit    Registers := 1     
	                1 Bit    Registers := 1     
+---Muxes : 
	   2 Input      2 Bit        Muxes := 1     
	   2 Input      1 Bit        Muxes := 1     
Module sc_util_v1_0_4_xpm_memory_fifo__parameterized6 
Detailed RTL Component Info : 
+---Adders : 
	   2 Input      6 Bit       Adders := 3     
+---XORs : 
	   2 Input      1 Bit         XORs := 3     
+---Registers : 
	                1 Bit    Registers := 5     
+---Muxes : 
	   2 Input      6 Bit        Muxes := 1     
Module sc_util_v1_0_4_pipeline__7 
Detailed RTL Component Info : 
+---Registers : 
	                1 Bit    Registers := 1     
Module sc_node_v1_0_10_reg_slice3__parameterized1__2 
Detailed RTL Component Info : 
+---Registers : 
	                2 Bit    Registers := 1     
	                1 Bit    Registers := 6     
+---Muxes : 
	   7 Input      2 Bit        Muxes := 1     
	   2 Input      1 Bit        Muxes := 1     
Module sc_util_v1_0_4_counter__parameterized1__13 
Detailed RTL Component Info : 
+---Adders : 
	   2 Input      6 Bit       Adders := 1     
+---XORs : 
	   2 Input      1 Bit         XORs := 1     
+---Registers : 
	                6 Bit    Registers := 1     
	                1 Bit    Registers := 1     
+---Muxes : 
	   2 Input      2 Bit        Muxes := 1     
	   2 Input      1 Bit        Muxes := 1     
Module xpm_memory_base__parameterized7__2 
Detailed RTL Component Info : 
+---Registers : 
	              138 Bit    Registers := 1     
Module sc_util_v1_0_4_counter__parameterized0__17 
Detailed RTL Component Info : 
+---Adders : 
	   2 Input      6 Bit       Adders := 1     
+---XORs : 
	   2 Input      1 Bit         XORs := 1     
+---Registers : 
	                6 Bit    Registers := 1     
	                1 Bit    Registers := 1     
+---Muxes : 
	   2 Input      2 Bit        Muxes := 1     
	   2 Input      1 Bit        Muxes := 1     
Module sc_util_v1_0_4_counter__parameterized0__18 
Detailed RTL Component Info : 
+---Adders : 
	   2 Input      6 Bit       Adders := 1     
+---XORs : 
	   2 Input      1 Bit         XORs := 1     
+---Registers : 
	                6 Bit    Registers := 1     
	                1 Bit    Registers := 1     
+---Muxes : 
	   2 Input      2 Bit        Muxes := 1     
	   2 Input      1 Bit        Muxes := 1     
Module sc_util_v1_0_4_xpm_memory_fifo__parameterized7 
Detailed RTL Component Info : 
+---Adders : 
	   2 Input      6 Bit       Adders := 3     
+---XORs : 
	   2 Input      1 Bit         XORs := 3     
+---Registers : 
	                1 Bit    Registers := 5     
+---Muxes : 
	   2 Input      6 Bit        Muxes := 1     
Module sc_util_v1_0_4_counter__parameterized2__3 
Detailed RTL Component Info : 
+---Adders : 
	   2 Input      4 Bit       Adders := 1     
+---XORs : 
	   2 Input      1 Bit         XORs := 1     
+---Registers : 
	                4 Bit    Registers := 1     
	                1 Bit    Registers := 1     
+---Muxes : 
	   2 Input      2 Bit        Muxes := 1     
	   2 Input      1 Bit        Muxes := 1     
Module sc_node_v1_0_10_mi_handler__parameterized6 
Detailed RTL Component Info : 
+---Registers : 
	                1 Bit    Registers := 2     
Module sc_node_v1_0_10_top__parameterized6 
Detailed RTL Component Info : 
+---Registers : 
	                1 Bit    Registers := 1     
Module sc_util_v1_0_4_pipeline__25 
Detailed RTL Component Info : 
+---Registers : 
	                1 Bit    Registers := 1     
Module sc_util_v1_0_4_counter__parameterized1__12 
Detailed RTL Component Info : 
+---Adders : 
	   2 Input      6 Bit       Adders := 1     
+---XORs : 
	   2 Input      1 Bit         XORs := 1     
+---Registers : 
	                6 Bit    Registers := 1     
	                1 Bit    Registers := 1     
+---Muxes : 
	   2 Input      2 Bit        Muxes := 1     
	   2 Input      1 Bit        Muxes := 1     
Module xpm_memory_base__5 
Detailed RTL Component Info : 
+---Registers : 
	                1 Bit    Registers := 1     
Module sc_util_v1_0_4_counter__parameterized0__15 
Detailed RTL Component Info : 
+---Adders : 
	   2 Input      6 Bit       Adders := 1     
+---XORs : 
	   2 Input      1 Bit         XORs := 1     
+---Registers : 
	                6 Bit    Registers := 1     
	                1 Bit    Registers := 1     
+---Muxes : 
	   2 Input      2 Bit        Muxes := 1     
	   2 Input      1 Bit        Muxes := 1     
Module sc_util_v1_0_4_counter__parameterized0__16 
Detailed RTL Component Info : 
+---Adders : 
	   2 Input      6 Bit       Adders := 1     
+---XORs : 
	   2 Input      1 Bit         XORs := 1     
+---Registers : 
	                6 Bit    Registers := 1     
	                1 Bit    Registers := 1     
+---Muxes : 
	   2 Input      2 Bit        Muxes := 1     
	   2 Input      1 Bit        Muxes := 1     
Module sc_util_v1_0_4_xpm_memory_fifo 
Detailed RTL Component Info : 
+---Adders : 
	   2 Input      6 Bit       Adders := 3     
+---XORs : 
	   2 Input      1 Bit         XORs := 3     
+---Registers : 
	                1 Bit    Registers := 5     
+---Muxes : 
	   2 Input      6 Bit        Muxes := 1     
Module sc_util_v1_0_4_pipeline__5 
Detailed RTL Component Info : 
+---Registers : 
	                1 Bit    Registers := 1     
Module sc_util_v1_0_4_counter__parameterized1__11 
Detailed RTL Component Info : 
+---Adders : 
	   2 Input      6 Bit       Adders := 1     
+---XORs : 
	   2 Input      1 Bit         XORs := 1     
+---Registers : 
	                6 Bit    Registers := 1     
	                1 Bit    Registers := 1     
+---Muxes : 
	   2 Input      2 Bit        Muxes := 1     
	   2 Input      1 Bit        Muxes := 1     
Module xpm_memory_base__parameterized9 
Detailed RTL Component Info : 
+---Registers : 
	               24 Bit    Registers := 1     
Module sc_util_v1_0_4_counter__parameterized0__13 
Detailed RTL Component Info : 
+---Adders : 
	   2 Input      6 Bit       Adders := 1     
+---XORs : 
	   2 Input      1 Bit         XORs := 1     
+---Registers : 
	                6 Bit    Registers := 1     
	                1 Bit    Registers := 1     
+---Muxes : 
	   2 Input      2 Bit        Muxes := 1     
	   2 Input      1 Bit        Muxes := 1     
Module sc_util_v1_0_4_counter__parameterized0__14 
Detailed RTL Component Info : 
+---Adders : 
	   2 Input      6 Bit       Adders := 1     
+---XORs : 
	   2 Input      1 Bit         XORs := 1     
+---Registers : 
	                6 Bit    Registers := 1     
	                1 Bit    Registers := 1     
+---Muxes : 
	   2 Input      2 Bit        Muxes := 1     
	   2 Input      1 Bit        Muxes := 1     
Module sc_util_v1_0_4_xpm_memory_fifo__parameterized9 
Detailed RTL Component Info : 
+---Adders : 
	   2 Input      6 Bit       Adders := 3     
+---XORs : 
	   2 Input      1 Bit         XORs := 3     
+---Registers : 
	                1 Bit    Registers := 5     
+---Muxes : 
	   2 Input      6 Bit        Muxes := 1     
Module sc_util_v1_0_4_pipeline__3 
Detailed RTL Component Info : 
+---Registers : 
	                1 Bit    Registers := 1     
Module sc_util_v1_0_4_pipeline__4 
Detailed RTL Component Info : 
+---Registers : 
	                1 Bit    Registers := 1     
Module sc_util_v1_0_4_counter__parameterized2__2 
Detailed RTL Component Info : 
+---Adders : 
	   2 Input      4 Bit       Adders := 1     
+---XORs : 
	   2 Input      1 Bit         XORs := 1     
+---Registers : 
	                4 Bit    Registers := 1     
	                1 Bit    Registers := 1     
+---Muxes : 
	   2 Input      2 Bit        Muxes := 1     
	   2 Input      1 Bit        Muxes := 1     
Module sc_node_v1_0_10_mi_handler__parameterized7 
Detailed RTL Component Info : 
+---Registers : 
	                1 Bit    Registers := 2     
Module sc_node_v1_0_10_top__parameterized7 
Detailed RTL Component Info : 
+---Registers : 
	                1 Bit    Registers := 1     
Module sc_util_v1_0_4_pipeline__2 
Detailed RTL Component Info : 
+---Registers : 
	                1 Bit    Registers := 1     
Module sc_util_v1_0_4_pipeline__parameterized8 
Detailed RTL Component Info : 
+---Registers : 
	               18 Bit    Registers := 1     
Module sc_node_v1_0_10_upsizer 
Detailed RTL Component Info : 
+---Adders : 
	   2 Input      2 Bit       Adders := 1     
+---Registers : 
	                8 Bit    Registers := 17    
	                7 Bit    Registers := 2     
	                3 Bit    Registers := 1     
	                2 Bit    Registers := 2     
	                1 Bit    Registers := 20    
+---Muxes : 
	   2 Input      8 Bit        Muxes := 16    
	   4 Input      8 Bit        Muxes := 6     
	   2 Input      2 Bit        Muxes := 1     
	   2 Input      1 Bit        Muxes := 62    
	   4 Input      1 Bit        Muxes := 26    
Module sc_node_v1_0_10_fi_regulator 
Detailed RTL Component Info : 
+---Registers : 
	                1 Bit    Registers := 2     
Module sc_util_v1_0_4_counter__parameterized1__10 
Detailed RTL Component Info : 
+---Adders : 
	   2 Input      6 Bit       Adders := 1     
+---XORs : 
	   2 Input      1 Bit         XORs := 1     
+---Registers : 
	                6 Bit    Registers := 1     
	                1 Bit    Registers := 1     
+---Muxes : 
	   2 Input      2 Bit        Muxes := 1     
	   2 Input      1 Bit        Muxes := 1     
Module xpm_memory_base__parameterized6__2 
Detailed RTL Component Info : 
+---Registers : 
	               18 Bit    Registers := 1     
Module sc_util_v1_0_4_counter__parameterized0__11 
Detailed RTL Component Info : 
+---Adders : 
	   2 Input      6 Bit       Adders := 1     
+---XORs : 
	   2 Input      1 Bit         XORs := 1     
+---Registers : 
	                6 Bit    Registers := 1     
	                1 Bit    Registers := 1     
+---Muxes : 
	   2 Input      2 Bit        Muxes := 1     
	   2 Input      1 Bit        Muxes := 1     
Module sc_util_v1_0_4_counter__parameterized0__12 
Detailed RTL Component Info : 
+---Adders : 
	   2 Input      6 Bit       Adders := 1     
+---XORs : 
	   2 Input      1 Bit         XORs := 1     
+---Registers : 
	                6 Bit    Registers := 1     
	                1 Bit    Registers := 1     
+---Muxes : 
	   2 Input      2 Bit        Muxes := 1     
	   2 Input      1 Bit        Muxes := 1     
Module sc_util_v1_0_4_xpm_memory_fifo__parameterized10 
Detailed RTL Component Info : 
+---Adders : 
	   2 Input      6 Bit       Adders := 3     
+---XORs : 
	   2 Input      1 Bit         XORs := 3     
+---Registers : 
	                1 Bit    Registers := 5     
+---Muxes : 
	   2 Input      6 Bit        Muxes := 1     
Module sc_util_v1_0_4_pipeline__1 
Detailed RTL Component Info : 
+---Registers : 
	                1 Bit    Registers := 1     
Module sc_node_v1_0_10_reg_slice3__parameterized1__1 
Detailed RTL Component Info : 
+---Registers : 
	                2 Bit    Registers := 1     
	                1 Bit    Registers := 6     
+---Muxes : 
	   7 Input      2 Bit        Muxes := 1     
	   2 Input      1 Bit        Muxes := 1     
Module sc_util_v1_0_4_counter__parameterized1__9 
Detailed RTL Component Info : 
+---Adders : 
	   2 Input      6 Bit       Adders := 1     
+---XORs : 
	   2 Input      1 Bit         XORs := 1     
+---Registers : 
	                6 Bit    Registers := 1     
	                1 Bit    Registers := 1     
+---Muxes : 
	   2 Input      2 Bit        Muxes := 1     
	   2 Input      1 Bit        Muxes := 1     
Module xpm_memory_base__parameterized10 
Detailed RTL Component Info : 
+---Registers : 
	              160 Bit    Registers := 1     
Module sc_util_v1_0_4_counter__parameterized0__9 
Detailed RTL Component Info : 
+---Adders : 
	   2 Input      6 Bit       Adders := 1     
+---XORs : 
	   2 Input      1 Bit         XORs := 1     
+---Registers : 
	                6 Bit    Registers := 1     
	                1 Bit    Registers := 1     
+---Muxes : 
	   2 Input      2 Bit        Muxes := 1     
	   2 Input      1 Bit        Muxes := 1     
Module sc_util_v1_0_4_counter__parameterized0__10 
Detailed RTL Component Info : 
+---Adders : 
	   2 Input      6 Bit       Adders := 1     
+---XORs : 
	   2 Input      1 Bit         XORs := 1     
+---Registers : 
	                6 Bit    Registers := 1     
	                1 Bit    Registers := 1     
+---Muxes : 
	   2 Input      2 Bit        Muxes := 1     
	   2 Input      1 Bit        Muxes := 1     
Module sc_util_v1_0_4_xpm_memory_fifo__parameterized11 
Detailed RTL Component Info : 
+---Adders : 
	   2 Input      6 Bit       Adders := 3     
+---XORs : 
	   2 Input      1 Bit         XORs := 3     
+---Registers : 
	                1 Bit    Registers := 5     
+---Muxes : 
	   2 Input      6 Bit        Muxes := 1     
Module sc_util_v1_0_4_counter__parameterized2__1 
Detailed RTL Component Info : 
+---Adders : 
	   2 Input      4 Bit       Adders := 1     
+---XORs : 
	   2 Input      1 Bit         XORs := 1     
+---Registers : 
	                4 Bit    Registers := 1     
	                1 Bit    Registers := 1     
+---Muxes : 
	   2 Input      2 Bit        Muxes := 1     
	   2 Input      1 Bit        Muxes := 1     
Module sc_node_v1_0_10_ingress__parameterized8 
Detailed RTL Component Info : 
+---Adders : 
	   3 Input      1 Bit       Adders := 1     
Module sc_node_v1_0_10_mi_handler__parameterized8 
Detailed RTL Component Info : 
+---Registers : 
	                1 Bit    Registers := 2     
Module sc_node_v1_0_10_top__parameterized8 
Detailed RTL Component Info : 
+---Registers : 
	                1 Bit    Registers := 1     
Module sc_util_v1_0_4_mux 
Detailed RTL Component Info : 
+---Muxes : 
	   2 Input    138 Bit        Muxes := 1     
Module sc_util_v1_0_4_pipeline__parameterized11 
Detailed RTL Component Info : 
+---Registers : 
	              138 Bit    Registers := 1     
Module sc_util_v1_0_4_mux__1 
Detailed RTL Component Info : 
+---Muxes : 
	   2 Input    138 Bit        Muxes := 1     
Module sc_util_v1_0_4_pipeline__parameterized11__1 
Detailed RTL Component Info : 
+---Registers : 
	              138 Bit    Registers := 1     
Module sc_util_v1_0_4_mux__parameterized0__1 
Detailed RTL Component Info : 
+---Muxes : 
	   2 Input      6 Bit        Muxes := 1     
Module sc_util_v1_0_4_pipeline__parameterized13__1 
Detailed RTL Component Info : 
+---Registers : 
	                6 Bit    Registers := 1     
Module sc_util_v1_0_4_mux__parameterized0 
Detailed RTL Component Info : 
+---Muxes : 
	   2 Input      6 Bit        Muxes := 1     
Module sc_util_v1_0_4_pipeline__parameterized13 
Detailed RTL Component Info : 
+---Registers : 
	                6 Bit    Registers := 1     
Module sc_util_v1_0_4_mux__parameterized1__1 
Detailed RTL Component Info : 
+---Muxes : 
	   2 Input    148 Bit        Muxes := 1     
Module sc_util_v1_0_4_pipeline__parameterized15__1 
Detailed RTL Component Info : 
+---Registers : 
	              148 Bit    Registers := 1     
Module sc_util_v1_0_4_mux__parameterized1 
Detailed RTL Component Info : 
+---Muxes : 
	   2 Input    148 Bit        Muxes := 1     
Module sc_util_v1_0_4_pipeline__parameterized15 
Detailed RTL Component Info : 
+---Registers : 
	              148 Bit    Registers := 1     
Module sc_util_v1_0_4_mux__parameterized2 
Detailed RTL Component Info : 
+---Muxes : 
	   2 Input    160 Bit        Muxes := 1     
Module sc_util_v1_0_4_pipeline__parameterized17 
Detailed RTL Component Info : 
+---Registers : 
	              160 Bit    Registers := 1     
---------------------------------------------------------------------------------
Finished RTL Hierarchical Component Statistics
---------------------------------------------------------------------------------
---------------------------------------------------------------------------------
Start Part Resource Summary
---------------------------------------------------------------------------------
Part Resources:
DSPs: 1728 (col length:144)
BRAMs: 624 (col length: RAMB18 144 RAMB36 72)
---------------------------------------------------------------------------------
Finished Part Resource Summary
---------------------------------------------------------------------------------
---------------------------------------------------------------------------------
Start Cross Boundary and Area Optimization
---------------------------------------------------------------------------------
Warning: Parallel synthesis criteria is not met 
INFO: [Synth 8-5546] ROM "r_resume" won't be mapped to RAM because it is too sparse
INFO: [Synth 8-5546] ROM "gen_endpoint.decerr_slave_inst/gen_axi.gen_read.s_axi_rlast_i" won't be mapped to RAM because it is too sparse
INFO: [Synth 8-5546] ROM "gen_endpoint.decerr_slave_inst/gen_axi.gen_read.read_cs" won't be mapped to RAM because it is too sparse
INFO: [Synth 8-5545] ROM "gen_endpoint.m_axi_wvalid_i" won't be mapped to RAM because address size (32) is larger than maximum supported(25)
INFO: [Synth 8-5545] ROM "mr_axi_bresp" won't be mapped to RAM because address size (32) is larger than maximum supported(25)
INFO: [Synth 8-5545] ROM "mr_axi_buser" won't be mapped to RAM because address size (32) is larger than maximum supported(25)
INFO: [Synth 8-5545] ROM "mr_axi_rdata" won't be mapped to RAM because address size (32) is larger than maximum supported(25)
INFO: [Synth 8-5545] ROM "mr_axi_rresp" won't be mapped to RAM because address size (32) is larger than maximum supported(25)
INFO: [Synth 8-5545] ROM "mr_axi_ruser" won't be mapped to RAM because address size (32) is larger than maximum supported(25)
INFO: [Synth 8-5546] ROM "r_resume" won't be mapped to RAM because it is too sparse
INFO: [Synth 8-5546] ROM "gen_endpoint.decerr_slave_inst/gen_axi.gen_read.s_axi_rlast_i" won't be mapped to RAM because it is too sparse
INFO: [Synth 8-5546] ROM "gen_endpoint.decerr_slave_inst/gen_axi.gen_read.read_cs" won't be mapped to RAM because it is too sparse
INFO: [Synth 8-5545] ROM "gen_endpoint.m_axi_wvalid_i" won't be mapped to RAM because address size (32) is larger than maximum supported(25)
INFO: [Synth 8-5545] ROM "mr_axi_bresp" won't be mapped to RAM because address size (32) is larger than maximum supported(25)
INFO: [Synth 8-5545] ROM "mr_axi_buser" won't be mapped to RAM because address size (32) is larger than maximum supported(25)
INFO: [Synth 8-5545] ROM "mr_axi_rdata" won't be mapped to RAM because address size (32) is larger than maximum supported(25)
INFO: [Synth 8-5545] ROM "mr_axi_rresp" won't be mapped to RAM because address size (32) is larger than maximum supported(25)
INFO: [Synth 8-5545] ROM "mr_axi_ruser" won't be mapped to RAM because address size (32) is larger than maximum supported(25)
INFO: [Synth 8-5545] ROM "gen_w_ch.accum_reg[bytes][0][userdata]" won't be mapped to RAM because address size (32) is larger than maximum supported(25)
INFO: [Synth 8-5545] ROM "gen_w_ch.accum_reg[bytes][10][userdata]" won't be mapped to RAM because address size (32) is larger than maximum supported(25)
INFO: [Synth 8-5545] ROM "gen_w_ch.accum_reg[bytes][11][userdata]" won't be mapped to RAM because address size (32) is larger than maximum supported(25)
INFO: [Synth 8-5545] ROM "gen_w_ch.accum_reg[bytes][12][userdata]" won't be mapped to RAM because address size (32) is larger than maximum supported(25)
INFO: [Synth 8-5545] ROM "gen_w_ch.accum_reg[bytes][15][strb]" won't be mapped to RAM because address size (32) is larger than maximum supported(25)
INFO: [Synth 8-5545] ROM "gen_w_ch.accum_reg[bytes][14][strb]" won't be mapped to RAM because address size (32) is larger than maximum supported(25)
INFO: [Synth 8-5545] ROM "gen_w_ch.accum_reg[bytes][13][strb]" won't be mapped to RAM because address size (32) is larger than maximum supported(25)
INFO: [Synth 8-5545] ROM "gen_w_ch.accum_reg[bytes][1][userdata]" won't be mapped to RAM because address size (32) is larger than maximum supported(25)
INFO: [Synth 8-5545] ROM "gen_w_ch.accum_reg[bytes][1][strb]" won't be mapped to RAM because address size (32) is larger than maximum supported(25)
INFO: [Synth 8-5545] ROM "gen_w_ch.accum_reg[bytes][1][userdata]" won't be mapped to RAM because address size (32) is larger than maximum supported(25)
INFO: [Synth 8-5545] ROM "gen_w_ch.accum_reg[bytes][2][userdata]" won't be mapped to RAM because address size (32) is larger than maximum supported(25)
INFO: [Synth 8-5545] ROM "gen_w_ch.accum_reg[bytes][3][userdata]" won't be mapped to RAM because address size (32) is larger than maximum supported(25)
INFO: [Synth 8-5545] ROM "gen_w_ch.accum_reg[bytes][4][userdata]" won't be mapped to RAM because address size (32) is larger than maximum supported(25)
INFO: [Synth 8-5545] ROM "gen_w_ch.accum_reg[bytes][5][userdata]" won't be mapped to RAM because address size (32) is larger than maximum supported(25)
INFO: [Synth 8-5545] ROM "gen_w_ch.accum_reg[bytes][6][userdata]" won't be mapped to RAM because address size (32) is larger than maximum supported(25)
INFO: [Synth 8-5545] ROM "gen_w_ch.accum_reg[bytes][7][userdata]" won't be mapped to RAM because address size (32) is larger than maximum supported(25)
INFO: [Synth 8-5545] ROM "gen_w_ch.accum_reg[bytes][8][userdata]" won't be mapped to RAM because address size (32) is larger than maximum supported(25)
INFO: [Synth 8-5545] ROM "gen_w_ch.accum_reg[bytes][9][userdata]" won't be mapped to RAM because address size (32) is larger than maximum supported(25)
INFO: [Synth 8-5545] ROM "gen_w_ch.accum_reg[bytes][15][userdata]" won't be mapped to RAM because address size (32) is larger than maximum supported(25)
INFO: [Synth 8-5545] ROM "gen_w_ch.accum_reg[bytes][14][userdata]" won't be mapped to RAM because address size (32) is larger than maximum supported(25)
INFO: [Synth 8-5545] ROM "gen_w_ch.accum_reg[bytes][13][userdata]" won't be mapped to RAM because address size (32) is larger than maximum supported(25)
INFO: [Synth 8-3886] merging instance 'inst/s00_entry_pipeline/s00_mmu/inst/i_0/gen_endpoint.w_state_reg[30]' (FDRE) to 'inst/s00_entry_pipeline/s00_mmu/inst/i_0/gen_endpoint.w_state_reg[31]'
INFO: [Synth 8-3886] merging instance 'inst/s00_entry_pipeline/s00_mmu/inst/i_0/gen_endpoint.w_state_reg[31]' (FDRE) to 'inst/s00_entry_pipeline/s00_mmu/inst/i_0/gen_endpoint.w_state_reg[29]'
INFO: [Synth 8-3886] merging instance 'inst/s00_entry_pipeline/s00_mmu/inst/i_0/gen_endpoint.w_state_reg[29]' (FDRE) to 'inst/s00_entry_pipeline/s00_mmu/inst/i_0/gen_endpoint.w_state_reg[28]'
INFO: [Synth 8-3886] merging instance 'inst/s00_entry_pipeline/s00_mmu/inst/i_0/gen_endpoint.w_state_reg[28]' (FDRE) to 'inst/s00_entry_pipeline/s00_mmu/inst/i_0/gen_endpoint.w_state_reg[27]'
INFO: [Synth 8-3886] merging instance 'inst/s00_entry_pipeline/s00_mmu/inst/i_0/gen_endpoint.w_state_reg[27]' (FDRE) to 'inst/s00_entry_pipeline/s00_mmu/inst/i_0/gen_endpoint.w_state_reg[26]'
INFO: [Synth 8-3886] merging instance 'inst/s00_entry_pipeline/s00_mmu/inst/i_0/gen_endpoint.w_state_reg[26]' (FDRE) to 'inst/s00_entry_pipeline/s00_mmu/inst/i_0/gen_endpoint.w_state_reg[25]'
INFO: [Synth 8-3886] merging instance 'inst/s00_entry_pipeline/s00_mmu/inst/i_0/gen_endpoint.w_state_reg[25]' (FDRE) to 'inst/s00_entry_pipeline/s00_mmu/inst/i_0/gen_endpoint.w_state_reg[24]'
INFO: [Synth 8-3886] merging instance 'inst/s00_entry_pipeline/s00_mmu/inst/i_0/gen_endpoint.w_state_reg[24]' (FDRE) to 'inst/s00_entry_pipeline/s00_mmu/inst/i_0/gen_endpoint.w_state_reg[23]'
INFO: [Synth 8-3886] merging instance 'inst/s00_entry_pipeline/s00_mmu/inst/i_0/gen_endpoint.w_state_reg[23]' (FDRE) to 'inst/s00_entry_pipeline/s00_mmu/inst/i_0/gen_endpoint.w_state_reg[22]'
INFO: [Synth 8-3886] merging instance 'inst/s00_entry_pipeline/s00_mmu/inst/i_0/gen_endpoint.w_state_reg[22]' (FDRE) to 'inst/s00_entry_pipeline/s00_mmu/inst/i_0/gen_endpoint.w_state_reg[21]'
INFO: [Synth 8-3886] merging instance 'inst/s00_entry_pipeline/s00_mmu/inst/i_0/gen_endpoint.w_state_reg[21]' (FDRE) to 'inst/s00_entry_pipeline/s00_mmu/inst/i_0/gen_endpoint.w_state_reg[20]'
INFO: [Synth 8-3886] merging instance 'inst/s00_entry_pipeline/s00_mmu/inst/i_0/gen_endpoint.w_state_reg[20]' (FDRE) to 'inst/s00_entry_pipeline/s00_mmu/inst/i_0/gen_endpoint.w_state_reg[19]'
INFO: [Synth 8-3886] merging instance 'inst/s00_entry_pipeline/s00_mmu/inst/i_0/gen_endpoint.w_state_reg[19]' (FDRE) to 'inst/s00_entry_pipeline/s00_mmu/inst/i_0/gen_endpoint.w_state_reg[18]'
INFO: [Synth 8-3886] merging instance 'inst/s00_entry_pipeline/s00_mmu/inst/i_0/gen_endpoint.w_state_reg[18]' (FDRE) to 'inst/s00_entry_pipeline/s00_mmu/inst/i_0/gen_endpoint.w_state_reg[17]'
INFO: [Synth 8-3886] merging instance 'inst/s00_entry_pipeline/s00_mmu/inst/i_0/gen_endpoint.w_state_reg[17]' (FDRE) to 'inst/s00_entry_pipeline/s00_mmu/inst/i_0/gen_endpoint.w_state_reg[16]'
INFO: [Synth 8-3886] merging instance 'inst/s00_entry_pipeline/s00_mmu/inst/i_0/gen_endpoint.w_state_reg[16]' (FDRE) to 'inst/s00_entry_pipeline/s00_mmu/inst/i_0/gen_endpoint.w_state_reg[15]'
INFO: [Synth 8-3886] merging instance 'inst/s00_entry_pipeline/s00_mmu/inst/i_0/gen_endpoint.w_state_reg[15]' (FDRE) to 'inst/s00_entry_pipeline/s00_mmu/inst/i_0/gen_endpoint.w_state_reg[14]'
INFO: [Synth 8-3886] merging instance 'inst/s00_entry_pipeline/s00_mmu/inst/i_0/gen_endpoint.w_state_reg[14]' (FDRE) to 'inst/s00_entry_pipeline/s00_mmu/inst/i_0/gen_endpoint.w_state_reg[13]'
INFO: [Synth 8-3886] merging instance 'inst/s00_entry_pipeline/s00_mmu/inst/i_0/gen_endpoint.w_state_reg[13]' (FDRE) to 'inst/s00_entry_pipeline/s00_mmu/inst/i_0/gen_endpoint.w_state_reg[12]'
INFO: [Synth 8-3886] merging instance 'inst/s00_entry_pipeline/s00_mmu/inst/i_0/gen_endpoint.w_state_reg[12]' (FDRE) to 'inst/s00_entry_pipeline/s00_mmu/inst/i_0/gen_endpoint.w_state_reg[11]'
INFO: [Synth 8-3886] merging instance 'inst/s00_entry_pipeline/s00_mmu/inst/i_0/gen_endpoint.w_state_reg[11]' (FDRE) to 'inst/s00_entry_pipeline/s00_mmu/inst/i_0/gen_endpoint.w_state_reg[10]'
INFO: [Synth 8-3886] merging instance 'inst/s00_entry_pipeline/s00_mmu/inst/i_0/gen_endpoint.w_state_reg[10]' (FDRE) to 'inst/s00_entry_pipeline/s00_mmu/inst/i_0/gen_endpoint.w_state_reg[9]'
INFO: [Synth 8-3886] merging instance 'inst/s00_entry_pipeline/s00_mmu/inst/i_0/gen_endpoint.w_state_reg[9]' (FDRE) to 'inst/s00_entry_pipeline/s00_mmu/inst/i_0/gen_endpoint.w_state_reg[8]'
INFO: [Synth 8-3886] merging instance 'inst/s00_entry_pipeline/s00_mmu/inst/i_0/gen_endpoint.w_state_reg[8]' (FDRE) to 'inst/s00_entry_pipeline/s00_mmu/inst/i_0/gen_endpoint.w_state_reg[7]'
INFO: [Synth 8-3886] merging instance 'inst/s00_entry_pipeline/s00_mmu/inst/i_0/gen_endpoint.w_state_reg[7]' (FDRE) to 'inst/s00_entry_pipeline/s00_mmu/inst/i_0/gen_endpoint.w_state_reg[6]'
INFO: [Synth 8-3886] merging instance 'inst/s00_entry_pipeline/s00_mmu/inst/i_0/gen_endpoint.w_state_reg[6]' (FDRE) to 'inst/s00_entry_pipeline/s00_mmu/inst/i_0/gen_endpoint.w_state_reg[5]'
INFO: [Synth 8-3886] merging instance 'inst/s00_entry_pipeline/s00_mmu/inst/i_0/gen_endpoint.w_state_reg[5]' (FDRE) to 'inst/s00_entry_pipeline/s00_mmu/inst/i_0/gen_endpoint.w_state_reg[4]'
INFO: [Synth 8-3886] merging instance 'inst/s00_entry_pipeline/s00_mmu/inst/i_0/gen_endpoint.w_state_reg[4]' (FDRE) to 'inst/s00_entry_pipeline/s00_mmu/inst/i_0/gen_endpoint.w_state_reg[3]'
INFO: [Synth 8-3886] merging instance 'inst/s00_entry_pipeline/s00_mmu/inst/i_0/gen_endpoint.w_state_reg[3]' (FDRE) to 'inst/s00_entry_pipeline/s00_mmu/inst/i_0/gen_endpoint.w_state_reg[2]'
INFO: [Synth 8-3333] propagating constant 0 across sequential element (inst/\s00_entry_pipeline/s00_mmu/inst /i_0/\gen_endpoint.w_state_reg[2] )
INFO: [Synth 8-3333] propagating constant 0 across sequential element (inst/\s00_entry_pipeline/s00_mmu/inst /i_0/\gen_endpoint.decerr_slave_inst/gen_axi.gen_read.s_axi_rid_i_reg[0] )
INFO: [Synth 8-3886] merging instance 'inst/s00_entry_pipeline/s00_mmu/inst/i_0/gen_endpoint.r_state_reg[30]' (FDRE) to 'inst/s00_entry_pipeline/s00_mmu/inst/i_0/gen_endpoint.r_state_reg[2]'
INFO: [Synth 8-3886] merging instance 'inst/s00_entry_pipeline/s00_mmu/inst/i_0/gen_endpoint.r_state_reg[31]' (FDRE) to 'inst/s00_entry_pipeline/s00_mmu/inst/i_0/gen_endpoint.r_state_reg[2]'
INFO: [Synth 8-3886] merging instance 'inst/s00_entry_pipeline/s00_mmu/inst/i_0/gen_endpoint.r_state_reg[29]' (FDRE) to 'inst/s00_entry_pipeline/s00_mmu/inst/i_0/gen_endpoint.r_state_reg[2]'
INFO: [Synth 8-3886] merging instance 'inst/s00_entry_pipeline/s00_mmu/inst/i_0/gen_endpoint.r_state_reg[28]' (FDRE) to 'inst/s00_entry_pipeline/s00_mmu/inst/i_0/gen_endpoint.r_state_reg[2]'
INFO: [Synth 8-3886] merging instance 'inst/s00_entry_pipeline/s00_mmu/inst/i_0/gen_endpoint.r_state_reg[27]' (FDRE) to 'inst/s00_entry_pipeline/s00_mmu/inst/i_0/gen_endpoint.r_state_reg[2]'
INFO: [Synth 8-3886] merging instance 'inst/s00_entry_pipeline/s00_mmu/inst/i_0/gen_endpoint.r_state_reg[26]' (FDRE) to 'inst/s00_entry_pipeline/s00_mmu/inst/i_0/gen_endpoint.r_state_reg[2]'
INFO: [Synth 8-3886] merging instance 'inst/s00_entry_pipeline/s00_mmu/inst/i_0/gen_endpoint.r_state_reg[25]' (FDRE) to 'inst/s00_entry_pipeline/s00_mmu/inst/i_0/gen_endpoint.r_state_reg[2]'
INFO: [Synth 8-3886] merging instance 'inst/s00_entry_pipeline/s00_mmu/inst/i_0/gen_endpoint.r_state_reg[24]' (FDRE) to 'inst/s00_entry_pipeline/s00_mmu/inst/i_0/gen_endpoint.r_state_reg[2]'
INFO: [Synth 8-3886] merging instance 'inst/s00_entry_pipeline/s00_mmu/inst/i_0/gen_endpoint.r_state_reg[23]' (FDRE) to 'inst/s00_entry_pipeline/s00_mmu/inst/i_0/gen_endpoint.r_state_reg[2]'
INFO: [Synth 8-3886] merging instance 'inst/s00_entry_pipeline/s00_mmu/inst/i_0/gen_endpoint.r_state_reg[22]' (FDRE) to 'inst/s00_entry_pipeline/s00_mmu/inst/i_0/gen_endpoint.r_state_reg[2]'
INFO: [Synth 8-3886] merging instance 'inst/s00_entry_pipeline/s00_mmu/inst/i_0/gen_endpoint.r_state_reg[21]' (FDRE) to 'inst/s00_entry_pipeline/s00_mmu/inst/i_0/gen_endpoint.r_state_reg[2]'
INFO: [Synth 8-3886] merging instance 'inst/s00_entry_pipeline/s00_mmu/inst/i_0/gen_endpoint.r_state_reg[20]' (FDRE) to 'inst/s00_entry_pipeline/s00_mmu/inst/i_0/gen_endpoint.r_state_reg[2]'
INFO: [Synth 8-3886] merging instance 'inst/s00_entry_pipeline/s00_mmu/inst/i_0/gen_endpoint.r_state_reg[19]' (FDRE) to 'inst/s00_entry_pipeline/s00_mmu/inst/i_0/gen_endpoint.r_state_reg[2]'
INFO: [Synth 8-3886] merging instance 'inst/s00_entry_pipeline/s00_mmu/inst/i_0/gen_endpoint.r_state_reg[18]' (FDRE) to 'inst/s00_entry_pipeline/s00_mmu/inst/i_0/gen_endpoint.r_state_reg[2]'
INFO: [Synth 8-3886] merging instance 'inst/s00_entry_pipeline/s00_mmu/inst/i_0/gen_endpoint.r_state_reg[17]' (FDRE) to 'inst/s00_entry_pipeline/s00_mmu/inst/i_0/gen_endpoint.r_state_reg[2]'
INFO: [Synth 8-3886] merging instance 'inst/s00_entry_pipeline/s00_mmu/inst/i_0/gen_endpoint.r_state_reg[16]' (FDRE) to 'inst/s00_entry_pipeline/s00_mmu/inst/i_0/gen_endpoint.r_state_reg[2]'
INFO: [Synth 8-3886] merging instance 'inst/s00_entry_pipeline/s00_mmu/inst/i_0/gen_endpoint.r_state_reg[15]' (FDRE) to 'inst/s00_entry_pipeline/s00_mmu/inst/i_0/gen_endpoint.r_state_reg[2]'
INFO: [Synth 8-3886] merging instance 'inst/s00_entry_pipeline/s00_mmu/inst/i_0/gen_endpoint.r_state_reg[14]' (FDRE) to 'inst/s00_entry_pipeline/s00_mmu/inst/i_0/gen_endpoint.r_state_reg[2]'
INFO: [Synth 8-3886] merging instance 'inst/s00_entry_pipeline/s00_mmu/inst/i_0/gen_endpoint.r_state_reg[13]' (FDRE) to 'inst/s00_entry_pipeline/s00_mmu/inst/i_0/gen_endpoint.r_state_reg[2]'
INFO: [Synth 8-3886] merging instance 'inst/s00_entry_pipeline/s00_mmu/inst/i_0/gen_endpoint.r_state_reg[12]' (FDRE) to 'inst/s00_entry_pipeline/s00_mmu/inst/i_0/gen_endpoint.r_state_reg[2]'
INFO: [Synth 8-3886] merging instance 'inst/s00_entry_pipeline/s00_mmu/inst/i_0/gen_endpoint.r_state_reg[11]' (FDRE) to 'inst/s00_entry_pipeline/s00_mmu/inst/i_0/gen_endpoint.r_state_reg[2]'
INFO: [Synth 8-3886] merging instance 'inst/s00_entry_pipeline/s00_mmu/inst/i_0/gen_endpoint.r_state_reg[10]' (FDRE) to 'inst/s00_entry_pipeline/s00_mmu/inst/i_0/gen_endpoint.r_state_reg[2]'
INFO: [Synth 8-3886] merging instance 'inst/s00_entry_pipeline/s00_mmu/inst/i_0/gen_endpoint.r_state_reg[9]' (FDRE) to 'inst/s00_entry_pipeline/s00_mmu/inst/i_0/gen_endpoint.r_state_reg[2]'
INFO: [Synth 8-3886] merging instance 'inst/s00_entry_pipeline/s00_mmu/inst/i_0/gen_endpoint.r_state_reg[8]' (FDRE) to 'inst/s00_entry_pipeline/s00_mmu/inst/i_0/gen_endpoint.r_state_reg[2]'
INFO: [Synth 8-3886] merging instance 'inst/s00_entry_pipeline/s00_mmu/inst/i_0/gen_endpoint.r_state_reg[7]' (FDRE) to 'inst/s00_entry_pipeline/s00_mmu/inst/i_0/gen_endpoint.r_state_reg[2]'
INFO: [Synth 8-3886] merging instance 'inst/s00_entry_pipeline/s00_mmu/inst/i_0/gen_endpoint.r_state_reg[6]' (FDRE) to 'inst/s00_entry_pipeline/s00_mmu/inst/i_0/gen_endpoint.r_state_reg[2]'
INFO: [Synth 8-3886] merging instance 'inst/s00_entry_pipeline/s00_mmu/inst/i_0/gen_endpoint.r_state_reg[5]' (FDRE) to 'inst/s00_entry_pipeline/s00_mmu/inst/i_0/gen_endpoint.r_state_reg[2]'
INFO: [Synth 8-3886] merging instance 'inst/s00_entry_pipeline/s00_mmu/inst/i_0/gen_endpoint.r_state_reg[4]' (FDRE) to 'inst/s00_entry_pipeline/s00_mmu/inst/i_0/gen_endpoint.r_state_reg[2]'
INFO: [Synth 8-3886] merging instance 'inst/s00_entry_pipeline/s00_mmu/inst/i_0/gen_endpoint.r_state_reg[3]' (FDRE) to 'inst/s00_entry_pipeline/s00_mmu/inst/i_0/gen_endpoint.r_state_reg[2]'
INFO: [Synth 8-3333] propagating constant 0 across sequential element (inst/\s00_entry_pipeline/s00_mmu/inst /i_0/\gen_endpoint.r_state_reg[2] )
INFO: [Synth 8-3886] merging instance 'inst/s01_entry_pipeline/s01_mmu/inst/i_0/gen_endpoint.w_state_reg[30]' (FDRE) to 'inst/s01_entry_pipeline/s01_mmu/inst/i_0/gen_endpoint.w_state_reg[31]'
INFO: [Synth 8-3886] merging instance 'inst/s01_entry_pipeline/s01_mmu/inst/i_0/gen_endpoint.w_state_reg[31]' (FDRE) to 'inst/s01_entry_pipeline/s01_mmu/inst/i_0/gen_endpoint.w_state_reg[29]'
INFO: [Synth 8-3886] merging instance 'inst/s01_entry_pipeline/s01_mmu/inst/i_0/gen_endpoint.w_state_reg[29]' (FDRE) to 'inst/s01_entry_pipeline/s01_mmu/inst/i_0/gen_endpoint.w_state_reg[28]'
INFO: [Synth 8-3886] merging instance 'inst/s01_entry_pipeline/s01_mmu/inst/i_0/gen_endpoint.w_state_reg[28]' (FDRE) to 'inst/s01_entry_pipeline/s01_mmu/inst/i_0/gen_endpoint.w_state_reg[27]'
INFO: [Synth 8-3886] merging instance 'inst/s01_entry_pipeline/s01_mmu/inst/i_0/gen_endpoint.w_state_reg[27]' (FDRE) to 'inst/s01_entry_pipeline/s01_mmu/inst/i_0/gen_endpoint.w_state_reg[26]'
INFO: [Synth 8-3886] merging instance 'inst/s01_entry_pipeline/s01_mmu/inst/i_0/gen_endpoint.w_state_reg[26]' (FDRE) to 'inst/s01_entry_pipeline/s01_mmu/inst/i_0/gen_endpoint.w_state_reg[25]'
INFO: [Synth 8-3886] merging instance 'inst/s01_entry_pipeline/s01_mmu/inst/i_0/gen_endpoint.w_state_reg[25]' (FDRE) to 'inst/s01_entry_pipeline/s01_mmu/inst/i_0/gen_endpoint.w_state_reg[24]'
INFO: [Synth 8-3886] merging instance 'inst/s01_entry_pipeline/s01_mmu/inst/i_0/gen_endpoint.w_state_reg[24]' (FDRE) to 'inst/s01_entry_pipeline/s01_mmu/inst/i_0/gen_endpoint.w_state_reg[23]'
INFO: [Synth 8-3886] merging instance 'inst/s01_entry_pipeline/s01_mmu/inst/i_0/gen_endpoint.w_state_reg[23]' (FDRE) to 'inst/s01_entry_pipeline/s01_mmu/inst/i_0/gen_endpoint.w_state_reg[22]'
INFO: [Synth 8-3886] merging instance 'inst/s01_entry_pipeline/s01_mmu/inst/i_0/gen_endpoint.w_state_reg[22]' (FDRE) to 'inst/s01_entry_pipeline/s01_mmu/inst/i_0/gen_endpoint.w_state_reg[21]'
INFO: [Synth 8-3886] merging instance 'inst/s01_entry_pipeline/s01_mmu/inst/i_0/gen_endpoint.w_state_reg[21]' (FDRE) to 'inst/s01_entry_pipeline/s01_mmu/inst/i_0/gen_endpoint.w_state_reg[20]'
INFO: [Synth 8-3886] merging instance 'inst/s01_entry_pipeline/s01_mmu/inst/i_0/gen_endpoint.w_state_reg[20]' (FDRE) to 'inst/s01_entry_pipeline/s01_mmu/inst/i_0/gen_endpoint.w_state_reg[19]'
INFO: [Synth 8-3886] merging instance 'inst/s01_entry_pipeline/s01_mmu/inst/i_0/gen_endpoint.w_state_reg[19]' (FDRE) to 'inst/s01_entry_pipeline/s01_mmu/inst/i_0/gen_endpoint.w_state_reg[18]'
INFO: [Synth 8-3886] merging instance 'inst/s01_entry_pipeline/s01_mmu/inst/i_0/gen_endpoint.w_state_reg[18]' (FDRE) to 'inst/s01_entry_pipeline/s01_mmu/inst/i_0/gen_endpoint.w_state_reg[17]'
INFO: [Synth 8-3886] merging instance 'inst/s01_entry_pipeline/s01_mmu/inst/i_0/gen_endpoint.w_state_reg[17]' (FDRE) to 'inst/s01_entry_pipeline/s01_mmu/inst/i_0/gen_endpoint.w_state_reg[16]'
INFO: [Synth 8-3886] merging instance 'inst/s01_entry_pipeline/s01_mmu/inst/i_0/gen_endpoint.w_state_reg[16]' (FDRE) to 'inst/s01_entry_pipeline/s01_mmu/inst/i_0/gen_endpoint.w_state_reg[15]'
INFO: [Synth 8-3886] merging instance 'inst/s01_entry_pipeline/s01_mmu/inst/i_0/gen_endpoint.w_state_reg[15]' (FDRE) to 'inst/s01_entry_pipeline/s01_mmu/inst/i_0/gen_endpoint.w_state_reg[14]'
INFO: [Synth 8-3886] merging instance 'inst/s01_entry_pipeline/s01_mmu/inst/i_0/gen_endpoint.w_state_reg[14]' (FDRE) to 'inst/s01_entry_pipeline/s01_mmu/inst/i_0/gen_endpoint.w_state_reg[13]'
INFO: [Synth 8-3886] merging instance 'inst/s01_entry_pipeline/s01_mmu/inst/i_0/gen_endpoint.w_state_reg[13]' (FDRE) to 'inst/s01_entry_pipeline/s01_mmu/inst/i_0/gen_endpoint.w_state_reg[12]'
INFO: [Synth 8-3886] merging instance 'inst/s01_entry_pipeline/s01_mmu/inst/i_0/gen_endpoint.w_state_reg[12]' (FDRE) to 'inst/s01_entry_pipeline/s01_mmu/inst/i_0/gen_endpoint.w_state_reg[11]'
INFO: [Synth 8-3886] merging instance 'inst/s01_entry_pipeline/s01_mmu/inst/i_0/gen_endpoint.w_state_reg[11]' (FDRE) to 'inst/s01_entry_pipeline/s01_mmu/inst/i_0/gen_endpoint.w_state_reg[10]'
INFO: [Synth 8-3886] merging instance 'inst/s01_entry_pipeline/s01_mmu/inst/i_0/gen_endpoint.w_state_reg[10]' (FDRE) to 'inst/s01_entry_pipeline/s01_mmu/inst/i_0/gen_endpoint.w_state_reg[9]'
INFO: [Synth 8-3886] merging instance 'inst/s01_entry_pipeline/s01_mmu/inst/i_0/gen_endpoint.w_state_reg[9]' (FDRE) to 'inst/s01_entry_pipeline/s01_mmu/inst/i_0/gen_endpoint.w_state_reg[8]'
INFO: [Synth 8-3886] merging instance 'inst/s01_entry_pipeline/s01_mmu/inst/i_0/gen_endpoint.w_state_reg[8]' (FDRE) to 'inst/s01_entry_pipeline/s01_mmu/inst/i_0/gen_endpoint.w_state_reg[7]'
INFO: [Synth 8-3886] merging instance 'inst/s01_entry_pipeline/s01_mmu/inst/i_0/gen_endpoint.w_state_reg[7]' (FDRE) to 'inst/s01_entry_pipeline/s01_mmu/inst/i_0/gen_endpoint.w_state_reg[6]'
INFO: [Synth 8-3886] merging instance 'inst/s01_entry_pipeline/s01_mmu/inst/i_0/gen_endpoint.w_state_reg[6]' (FDRE) to 'inst/s01_entry_pipeline/s01_mmu/inst/i_0/gen_endpoint.w_state_reg[5]'
INFO: [Synth 8-3886] merging instance 'inst/s01_entry_pipeline/s01_mmu/inst/i_0/gen_endpoint.w_state_reg[5]' (FDRE) to 'inst/s01_entry_pipeline/s01_mmu/inst/i_0/gen_endpoint.w_state_reg[4]'
INFO: [Synth 8-3886] merging instance 'inst/s01_entry_pipeline/s01_mmu/inst/i_0/gen_endpoint.w_state_reg[4]' (FDRE) to 'inst/s01_entry_pipeline/s01_mmu/inst/i_0/gen_endpoint.w_state_reg[3]'
INFO: [Synth 8-3886] merging instance 'inst/s01_entry_pipeline/s01_mmu/inst/i_0/gen_endpoint.w_state_reg[3]' (FDRE) to 'inst/s01_entry_pipeline/s01_mmu/inst/i_0/gen_endpoint.w_state_reg[2]'
INFO: [Synth 8-3333] propagating constant 0 across sequential element (inst/\s01_entry_pipeline/s01_mmu/inst /i_0/\gen_endpoint.w_state_reg[2] )
INFO: [Synth 8-3333] propagating constant 0 across sequential element (inst/\s01_entry_pipeline/s01_mmu/inst /i_0/\gen_endpoint.decerr_slave_inst/gen_axi.gen_read.s_axi_rid_i_reg[0] )
INFO: [Synth 8-3886] merging instance 'inst/s01_entry_pipeline/s01_mmu/inst/i_0/gen_endpoint.r_state_reg[30]' (FDRE) to 'inst/s01_entry_pipeline/s01_mmu/inst/i_0/gen_endpoint.r_state_reg[2]'
INFO: [Synth 8-3886] merging instance 'inst/s01_entry_pipeline/s01_mmu/inst/i_0/gen_endpoint.r_state_reg[31]' (FDRE) to 'inst/s01_entry_pipeline/s01_mmu/inst/i_0/gen_endpoint.r_state_reg[2]'
INFO: [Synth 8-3886] merging instance 'inst/s01_entry_pipeline/s01_mmu/inst/i_0/gen_endpoint.r_state_reg[29]' (FDRE) to 'inst/s01_entry_pipeline/s01_mmu/inst/i_0/gen_endpoint.r_state_reg[2]'
INFO: [Synth 8-3886] merging instance 'inst/s01_entry_pipeline/s01_mmu/inst/i_0/gen_endpoint.r_state_reg[28]' (FDRE) to 'inst/s01_entry_pipeline/s01_mmu/inst/i_0/gen_endpoint.r_state_reg[2]'
INFO: [Synth 8-3886] merging instance 'inst/s01_entry_pipeline/s01_mmu/inst/i_0/gen_endpoint.r_state_reg[27]' (FDRE) to 'inst/s01_entry_pipeline/s01_mmu/inst/i_0/gen_endpoint.r_state_reg[2]'
INFO: [Synth 8-3886] merging instance 'inst/s01_entry_pipeline/s01_mmu/inst/i_0/gen_endpoint.r_state_reg[26]' (FDRE) to 'inst/s01_entry_pipeline/s01_mmu/inst/i_0/gen_endpoint.r_state_reg[2]'
INFO: [Synth 8-3886] merging instance 'inst/s01_entry_pipeline/s01_mmu/inst/i_0/gen_endpoint.r_state_reg[25]' (FDRE) to 'inst/s01_entry_pipeline/s01_mmu/inst/i_0/gen_endpoint.r_state_reg[2]'
INFO: [Synth 8-3886] merging instance 'inst/s01_entry_pipeline/s01_mmu/inst/i_0/gen_endpoint.r_state_reg[24]' (FDRE) to 'inst/s01_entry_pipeline/s01_mmu/inst/i_0/gen_endpoint.r_state_reg[2]'
INFO: [Synth 8-3886] merging instance 'inst/s01_entry_pipeline/s01_mmu/inst/i_0/gen_endpoint.r_state_reg[23]' (FDRE) to 'inst/s01_entry_pipeline/s01_mmu/inst/i_0/gen_endpoint.r_state_reg[2]'
INFO: [Synth 8-3886] merging instance 'inst/s01_entry_pipeline/s01_mmu/inst/i_0/gen_endpoint.r_state_reg[22]' (FDRE) to 'inst/s01_entry_pipeline/s01_mmu/inst/i_0/gen_endpoint.r_state_reg[2]'
INFO: [Synth 8-3886] merging instance 'inst/s01_entry_pipeline/s01_mmu/inst/i_0/gen_endpoint.r_state_reg[21]' (FDRE) to 'inst/s01_entry_pipeline/s01_mmu/inst/i_0/gen_endpoint.r_state_reg[2]'
INFO: [Synth 8-3886] merging instance 'inst/s01_entry_pipeline/s01_mmu/inst/i_0/gen_endpoint.r_state_reg[20]' (FDRE) to 'inst/s01_entry_pipeline/s01_mmu/inst/i_0/gen_endpoint.r_state_reg[2]'
INFO: [Synth 8-3886] merging instance 'inst/s01_entry_pipeline/s01_mmu/inst/i_0/gen_endpoint.r_state_reg[19]' (FDRE) to 'inst/s01_entry_pipeline/s01_mmu/inst/i_0/gen_endpoint.r_state_reg[2]'
INFO: [Common 17-14] Message 'Synth 8-3886' appears 100 times and further instances of the messages will be disabled. Use the Tcl command set_msg_config to change the current settings.
INFO: [Synth 8-3333] propagating constant 0 across sequential element (inst/\s01_entry_pipeline/s01_mmu/inst /i_0/\gen_endpoint.r_state_reg[2] )
INFO: [Synth 8-3333] propagating constant 0 across sequential element (inst/i_0/\clk_map/psr_aclk/U0/EXT_LPF/ACTIVE_LOW_EXT.ACT_LO_EXT/GENERATE_LEVEL_P_S_CDC.SINGLE_BIT.CROSS_PLEVEL_IN2SCNDRY_IN_cdc_to )
INFO: [Synth 8-3333] propagating constant 0 across sequential element (inst/i_0/\m00_nodes/m00_w_node/inst /\inst_si_handler/gen_si_handler.gen_request_fifos.gen_req_fifo[0].inst_req_fifo/gen_xpm_memory_fifo.inst_fifo/gen_mem_rep[0].inst_wr_addra/count_r_reg[0] )
INFO: [Synth 8-3333] propagating constant 0 across sequential element (inst/i_0/\m00_nodes/m00_w_node/inst /\inst_si_handler/gen_si_handler.gen_request_fifos.gen_req_fifo[0].inst_req_fifo/gen_xpm_memory_fifo.inst_fifo/gen_mem_rep[0].inst_wr_addra/count_r_reg[1] )
INFO: [Synth 8-3333] propagating constant 0 across sequential element (inst/i_0/\m00_nodes/m00_w_node/inst /\inst_si_handler/gen_si_handler.gen_request_fifos.gen_req_fifo[0].inst_req_fifo/gen_xpm_memory_fifo.inst_fifo/gen_mem_rep[0].inst_wr_addra/count_r_reg[2] )
INFO: [Synth 8-3333] propagating constant 0 across sequential element (inst/i_0/\m00_nodes/m00_w_node/inst /\inst_si_handler/gen_si_handler.gen_request_fifos.gen_req_fifo[0].inst_req_fifo/gen_xpm_memory_fifo.inst_fifo/gen_mem_rep[0].inst_rd_addrb/count_r_reg[0] )
INFO: [Synth 8-3333] propagating constant 0 across sequential element (inst/i_0/\m00_nodes/m00_w_node/inst /\inst_si_handler/gen_si_handler.gen_request_fifos.gen_req_fifo[0].inst_req_fifo/gen_xpm_memory_fifo.inst_fifo/gen_mem_rep[0].inst_rd_addrb/count_r_reg[1] )
INFO: [Synth 8-3333] propagating constant 0 across sequential element (inst/i_0/\m00_nodes/m00_w_node/inst /\inst_si_handler/gen_si_handler.gen_request_fifos.gen_req_fifo[0].inst_req_fifo/gen_xpm_memory_fifo.inst_fifo/gen_mem_rep[0].inst_rd_addrb/count_r_reg[2] )
INFO: [Synth 8-3333] propagating constant 0 across sequential element (inst/i_0/\s01_nodes/s01_w_node/inst /\inst_mi_handler/gen_normal_area.gen_upsizer.inst_upsizer/inst_upsizer_target_pipeline/gen_pipe[1].pipe_reg[1][17] )
INFO: [Synth 8-3333] propagating constant 0 across sequential element (inst/i_0/\m00_nodes/m00_ar_node/inst /\inst_si_handler/gen_si_handler.gen_request_counters.gen_req_counter[1].inst_req_counter/count_r_reg[0] )
INFO: [Synth 8-3333] propagating constant 0 across sequential element (inst/i_0/\m00_nodes/m00_ar_node/inst /\inst_si_handler/gen_si_handler.gen_request_counters.gen_req_counter[1].inst_req_counter/count_r_reg[1] )
INFO: [Synth 8-3333] propagating constant 1 across sequential element (inst/i_0/\m00_nodes/m00_w_node/inst /\inst_si_handler/gen_si_handler.gen_request_fifos.gen_req_fifo[0].inst_req_fifo/gen_xpm_memory_fifo.inst_fifo/gen_wr.inst_wr_addra_p1/count_r_reg[0] )
INFO: [Synth 8-3333] propagating constant 0 across sequential element (inst/i_0/\m00_nodes/m00_w_node/inst /\inst_si_handler/gen_si_handler.gen_request_fifos.gen_req_fifo[0].inst_req_fifo/gen_xpm_memory_fifo.inst_fifo/gen_wr.inst_wr_addra_p1/count_r_reg[1] )
INFO: [Synth 8-3333] propagating constant 0 across sequential element (inst/i_0/\m00_nodes/m00_w_node/inst /\inst_si_handler/gen_si_handler.gen_request_fifos.gen_req_fifo[0].inst_req_fifo/gen_xpm_memory_fifo.inst_fifo/gen_wr.inst_wr_addra_p1/count_r_reg[2] )
INFO: [Synth 8-3333] propagating constant 1 across sequential element (inst/i_0/\s01_nodes/s01_w_node/inst /\inst_mi_handler/gen_normal_area.inst_fifo_send/gen_AB_reg_slice.payld_b_reg[0] )
INFO: [Synth 8-3333] propagating constant 1 across sequential element (inst/i_0/\s01_nodes/s01_w_node/inst /\inst_mi_handler/gen_normal_area.inst_fifo_send/gen_AB_reg_slice.payld_a_reg[0] )
INFO: [Synth 8-3333] propagating constant 0 across sequential element (inst/i_0/\m00_nodes/m00_aw_node/inst /\inst_si_handler/gen_si_handler.gen_request_counters.gen_req_counter[0].inst_req_counter/count_r_reg[0] )
INFO: [Synth 8-3333] propagating constant 0 across sequential element (inst/i_0/\m00_nodes/m00_aw_node/inst /\inst_si_handler/gen_si_handler.gen_request_counters.gen_req_counter[0].inst_req_counter/count_r_reg[1] )
INFO: [Synth 8-3333] propagating constant 0 across sequential element (inst/i_0/\s01_nodes/s01_w_node/inst /p_0_out_inferred__5/\inst_mi_handler/inst_ingress/inst_incoming_count/count_r_reg[2] )
INFO: [Synth 8-3333] propagating constant 0 across sequential element (inst/i_0/\s01_nodes/s01_w_node/inst /p_0_out_inferred__5/\inst_mi_handler/inst_ingress/inst_incoming_count/count_r_reg[3] )
INFO: [Synth 8-3333] propagating constant 0 across sequential element (inst/i_0/\s01_nodes/s01_w_node/inst /p_0_out_inferred__5/\inst_mi_handler/inst_ingress/inst_incoming_count/count_r_reg[1] )
INFO: [Synth 8-3333] propagating constant 0 across sequential element (inst/i_0/\s01_nodes/s01_w_node/inst /p_0_out_inferred__5/\inst_mi_handler/inst_ingress/inst_incoming_count/count_r_reg[0] )
INFO: [Synth 8-3333] propagating constant 1 across sequential element (inst/i_0/\s01_nodes/s01_aw_node/inst /\inst_mi_handler/gen_normal_area.inst_fifo_send/gen_AB_reg_slice.payld_b_reg[0] )
INFO: [Synth 8-3333] propagating constant 1 across sequential element (inst/i_0/\s01_nodes/s01_aw_node/inst /\inst_mi_handler/gen_normal_area.inst_fifo_send/gen_AB_reg_slice.payld_a_reg[0] )
INFO: [Synth 8-3333] propagating constant 1 across sequential element (inst/i_0/\s00_nodes/s00_ar_node/inst /\inst_mi_handler/gen_normal_area.inst_fifo_send/gen_AB_reg_slice.payld_b_reg[0] )
INFO: [Synth 8-3333] propagating constant 1 across sequential element (inst/i_0/\s00_nodes/s00_ar_node/inst /\inst_mi_handler/gen_normal_area.inst_fifo_send/gen_AB_reg_slice.payld_a_reg[0] )
INFO: [Synth 8-3333] propagating constant 1 across sequential element (inst/i_0/\m00_nodes/m00_ar_node/inst /\inst_si_handler/gen_si_handler.gen_request_counters.gen_req_counter[1].inst_req_counter/is_zero_r_reg )
INFO: [Synth 8-3333] propagating constant 0 across sequential element (inst/i_0/\s01_nodes/s01_w_node/inst /\inst_mi_handler/gen_normal_area.gen_upsizer.inst_upsizer/gen_w_ch.accum_reg[sc_route][0] )
INFO: [Synth 8-3333] propagating constant 1 across sequential element (inst/i_0/\s01_nodes/s01_w_node/inst /\inst_mi_handler/gen_normal_area.gen_upsizer.inst_upsizer/gen_w_ch.post_pntr_shift_reg[1] )
INFO: [Synth 8-3333] propagating constant 0 across sequential element (inst/i_0/\s01_nodes/s01_w_node/inst /\inst_mi_handler/gen_normal_area.gen_upsizer.inst_upsizer/gen_w_ch.post_pntr_shift_reg[4] )
INFO: [Synth 8-3333] propagating constant 1 across sequential element (inst/i_0/\m00_nodes/m00_aw_node/inst /\inst_si_handler/gen_si_handler.gen_request_counters.gen_req_counter[0].inst_req_counter/is_zero_r_reg )
INFO: [Synth 8-3333] propagating constant 1 across sequential element (inst/i_0/\s01_nodes/s01_w_node/inst /\inst_mi_handler/inst_ingress/inst_incoming_count/is_zero_r_reg )
INFO: [Synth 8-3333] propagating constant 0 across sequential element (inst/i_0/\clk_map/psr_aclk/U0/EXT_LPF/EXT_LPF[1].exr_lpf_reg[1] )
INFO: [Synth 8-3333] propagating constant 0 across sequential element (inst/i_0/\clk_map/psr_aclk/U0/EXT_LPF/lpf_exr_reg )
INFO: [Synth 8-3333] propagating constant 1 across sequential element (sc_util_v1_0_4_axi_reg_stall:/\skid_buffer_reg[1024] )
INFO: [Synth 8-3333] propagating constant 0 across sequential element (sc_util_v1_0_4_axi_reg_stall:/\skid_buffer_reg[1025] )
INFO: [Synth 8-3333] propagating constant 0 across sequential element (sc_util_v1_0_4_axi_reg_stall:/\skid_buffer_reg[1093] )
INFO: [Synth 8-3333] propagating constant 0 across sequential element (sc_util_v1_0_4_axi_reg_stall:/\skid_buffer_reg[1094] )
INFO: [Synth 8-3333] propagating constant 0 across sequential element (sc_util_v1_0_4_axi_reg_stall:/\skid_buffer_reg[1095] )
INFO: [Synth 8-3333] propagating constant 0 across sequential element (sc_util_v1_0_4_axi_reg_stall:/\skid_buffer_reg[1096] )
INFO: [Synth 8-3333] propagating constant 0 across sequential element (sc_util_v1_0_4_axi_reg_stall:/\skid_buffer_reg[1097] )
INFO: [Synth 8-3333] propagating constant 0 across sequential element (sc_util_v1_0_4_axi_reg_stall:/\skid_buffer_reg[1098] )
INFO: [Synth 8-3333] propagating constant 0 across sequential element (sc_util_v1_0_4_axi_reg_stall:/\skid_buffer_reg[1099] )
INFO: [Synth 8-3333] propagating constant 0 across sequential element (sc_util_v1_0_4_axi_reg_stall:/\skid_buffer_reg[1100] )
INFO: [Synth 8-3333] propagating constant 0 across sequential element (sc_util_v1_0_4_axi_reg_stall:/\skid_buffer_reg[1101] )
INFO: [Synth 8-3333] propagating constant 0 across sequential element (sc_util_v1_0_4_axi_reg_stall:/\skid_buffer_reg[1102] )
INFO: [Synth 8-3333] propagating constant 0 across sequential element (sc_util_v1_0_4_axi_reg_stall:/\skid_buffer_reg[1103] )
INFO: [Synth 8-3333] propagating constant 0 across sequential element (sc_util_v1_0_4_axi_reg_stall:/\skid_buffer_reg[1104] )
INFO: [Synth 8-3333] propagating constant 0 across sequential element (sc_util_v1_0_4_axi_reg_stall:/\skid_buffer_reg[1105] )
INFO: [Synth 8-3333] propagating constant 0 across sequential element (sc_util_v1_0_4_axi_reg_stall:/\skid_buffer_reg[1106] )
INFO: [Synth 8-3333] propagating constant 0 across sequential element (sc_util_v1_0_4_axi_reg_stall:/\skid_buffer_reg[1107] )
INFO: [Synth 8-3333] propagating constant 0 across sequential element (sc_util_v1_0_4_axi_reg_stall:/\skid_buffer_reg[1108] )
INFO: [Synth 8-3333] propagating constant 0 across sequential element (sc_util_v1_0_4_axi_reg_stall:/\skid_buffer_reg[1109] )
INFO: [Synth 8-3333] propagating constant 0 across sequential element (sc_util_v1_0_4_axi_reg_stall:/\skid_buffer_reg[1133] )
INFO: [Synth 8-3333] propagating constant 1 across sequential element (sc_util_v1_0_4_axi_reg_stall:/\m_vector_i_reg[1024] )
INFO: [Synth 8-3333] propagating constant 0 across sequential element (sc_util_v1_0_4_axi_reg_stall:/\m_vector_i_reg[1025] )
INFO: [Synth 8-3333] propagating constant 0 across sequential element (sc_util_v1_0_4_axi_reg_stall:/\m_vector_i_reg[1093] )
INFO: [Synth 8-3333] propagating constant 0 across sequential element (sc_util_v1_0_4_axi_reg_stall:/\m_vector_i_reg[1094] )
INFO: [Synth 8-3333] propagating constant 0 across sequential element (sc_util_v1_0_4_axi_reg_stall:/\m_vector_i_reg[1095] )
INFO: [Synth 8-3333] propagating constant 0 across sequential element (sc_util_v1_0_4_axi_reg_stall:/\m_vector_i_reg[1096] )
INFO: [Synth 8-3333] propagating constant 0 across sequential element (sc_util_v1_0_4_axi_reg_stall:/\m_vector_i_reg[1097] )
INFO: [Synth 8-3333] propagating constant 0 across sequential element (sc_util_v1_0_4_axi_reg_stall:/\m_vector_i_reg[1098] )
INFO: [Synth 8-3333] propagating constant 0 across sequential element (sc_util_v1_0_4_axi_reg_stall:/\m_vector_i_reg[1099] )
INFO: [Synth 8-3333] propagating constant 0 across sequential element (sc_util_v1_0_4_axi_reg_stall:/\m_vector_i_reg[1100] )
INFO: [Synth 8-3333] propagating constant 0 across sequential element (sc_util_v1_0_4_axi_reg_stall:/\m_vector_i_reg[1101] )
INFO: [Synth 8-3333] propagating constant 0 across sequential element (sc_util_v1_0_4_axi_reg_stall:/\m_vector_i_reg[1102] )
INFO: [Synth 8-3333] propagating constant 0 across sequential element (sc_util_v1_0_4_axi_reg_stall:/\m_vector_i_reg[1103] )
INFO: [Synth 8-3333] propagating constant 0 across sequential element (sc_util_v1_0_4_axi_reg_stall:/\m_vector_i_reg[1104] )
INFO: [Synth 8-3333] propagating constant 0 across sequential element (sc_util_v1_0_4_axi_reg_stall:/\m_vector_i_reg[1105] )
INFO: [Synth 8-3333] propagating constant 0 across sequential element (sc_util_v1_0_4_axi_reg_stall:/\m_vector_i_reg[1106] )
INFO: [Synth 8-3333] propagating constant 0 across sequential element (sc_util_v1_0_4_axi_reg_stall:/\m_vector_i_reg[1107] )
INFO: [Synth 8-3333] propagating constant 0 across sequential element (sc_util_v1_0_4_axi_reg_stall:/\m_vector_i_reg[1108] )
INFO: [Synth 8-3333] propagating constant 0 across sequential element (sc_util_v1_0_4_axi_reg_stall:/\m_vector_i_reg[1109] )
INFO: [Synth 8-3333] propagating constant 0 across sequential element (sc_util_v1_0_4_axi_reg_stall:/\m_vector_i_reg[1133] )
INFO: [Synth 8-3333] propagating constant 1 across sequential element (sc_util_v1_0_4_axi_reg_stall__4:/\skid_buffer_reg[0] )
INFO: [Synth 8-3333] propagating constant 0 across sequential element (sc_util_v1_0_4_axi_reg_stall__4:/\skid_buffer_reg[1] )
INFO: [Synth 8-3333] propagating constant 0 across sequential element (sc_util_v1_0_4_axi_reg_stall__4:/\skid_buffer_reg[2] )
INFO: [Synth 8-3333] propagating constant 0 across sequential element (sc_util_v1_0_4_axi_reg_stall__4:/\skid_buffer_reg[3] )
INFO: [Synth 8-3333] propagating constant 0 across sequential element (sc_util_v1_0_4_axi_reg_stall__4:/\skid_buffer_reg[4] )
INFO: [Synth 8-3333] propagating constant 0 across sequential element (sc_util_v1_0_4_axi_reg_stall__4:/\skid_buffer_reg[5] )
INFO: [Synth 8-3333] propagating constant 0 across sequential element (sc_util_v1_0_4_axi_reg_stall__4:/\skid_buffer_reg[6] )
INFO: [Synth 8-3333] propagating constant 0 across sequential element (sc_util_v1_0_4_axi_reg_stall__4:/\skid_buffer_reg[7] )
INFO: [Synth 8-3333] propagating constant 0 across sequential element (sc_util_v1_0_4_axi_reg_stall__4:/\skid_buffer_reg[8] )
INFO: [Synth 8-3333] propagating constant 0 across sequential element (sc_util_v1_0_4_axi_reg_stall__4:/\skid_buffer_reg[9] )
INFO: [Synth 8-3333] propagating constant 0 across sequential element (sc_util_v1_0_4_axi_reg_stall__4:/\skid_buffer_reg[10] )
INFO: [Synth 8-3333] propagating constant 0 across sequential element (sc_util_v1_0_4_axi_reg_stall__4:/\skid_buffer_reg[11] )
INFO: [Synth 8-3333] propagating constant 0 across sequential element (sc_util_v1_0_4_axi_reg_stall__4:/\skid_buffer_reg[12] )
INFO: [Synth 8-3333] propagating constant 0 across sequential element (sc_util_v1_0_4_axi_reg_stall__4:/\skid_buffer_reg[13] )
INFO: [Synth 8-3333] propagating constant 0 across sequential element (sc_util_v1_0_4_axi_reg_stall__4:/\skid_buffer_reg[14] )
INFO: [Synth 8-3333] propagating constant 0 across sequential element (sc_util_v1_0_4_axi_reg_stall__4:/\skid_buffer_reg[15] )
INFO: [Synth 8-3333] propagating constant 0 across sequential element (sc_util_v1_0_4_axi_reg_stall__4:/\skid_buffer_reg[16] )
INFO: [Synth 8-3333] propagating constant 0 across sequential element (sc_util_v1_0_4_axi_reg_stall__4:/\skid_buffer_reg[17] )
INFO: [Synth 8-3333] propagating constant 0 across sequential element (sc_util_v1_0_4_axi_reg_stall__4:/\skid_buffer_reg[18] )
INFO: [Synth 8-3333] propagating constant 0 across sequential element (sc_util_v1_0_4_axi_reg_stall__4:/\skid_buffer_reg[19] )
INFO: [Synth 8-3333] propagating constant 0 across sequential element (sc_util_v1_0_4_axi_reg_stall__4:/\skid_buffer_reg[20] )
INFO: [Common 17-14] Message 'Synth 8-3333' appears 100 times and further instances of the messages will be disabled. Use the Tcl command set_msg_config to change the current settings.
---------------------------------------------------------------------------------
Finished Cross Boundary and Area Optimization : Time (s): cpu = 00:02:48 ; elapsed = 00:02:53 . Memory (MB): peak = 2104.730 ; gain = 1812.312
---------------------------------------------------------------------------------
---------------------------------------------------------------------------------
Start ROM, RAM, DSP and Shift Register Reporting
---------------------------------------------------------------------------------

Distributed RAM: Preliminary Mapping  Report (see note below)
+--------------------------------------------------------------------------------------------------------------------------------------------------------------------------------------------------------+----------------------------------+----------------+----------------------+-----------------+
|Module Name                                                                                                                                                                                             | RTL Object                       | Inference      | Size (Depth x Width) | Primitives      | 
+--------------------------------------------------------------------------------------------------------------------------------------------------------------------------------------------------------+----------------------------------+----------------+----------------------+-----------------+
|inst/i_0/\m00_nodes/m00_ar_node/inst /\inst_mi_handler/gen_normal_area.gen_node_prog_full.inst_node_prog_full/gen_xpm_memory_fifo.inst_fifo/gen_mem_rep[0].inst_xpm_memory /xpm_memory_base_inst        | gen_wr_a.gen_word_narrow.mem_reg | User Attribute | 32 x 1               | RAM32X1D x 1    | 
|inst/i_0/\m00_nodes/m00_ar_node/inst /\inst_mi_handler/gen_normal_area.inst_fifo_node_payld/gen_xpm_memory_fifo.inst_fifo/gen_mem_rep[0].inst_xpm_memory /xpm_memory_base_inst                          | gen_wr_a.gen_word_narrow.mem_reg | User Attribute | 32 x 156             | RAM32M16 x 12   | 
|inst/i_0/\m00_nodes/m00_aw_node/inst /\inst_mi_handler/gen_normal_area.gen_node_prog_full.inst_node_prog_full/gen_xpm_memory_fifo.inst_fifo/gen_mem_rep[0].inst_xpm_memory /xpm_memory_base_inst        | gen_wr_a.gen_word_narrow.mem_reg | User Attribute | 32 x 1               | RAM32X1D x 1    | 
|inst/i_0/\m00_nodes/m00_aw_node/inst /\inst_mi_handler/gen_normal_area.inst_fifo_node_payld/gen_xpm_memory_fifo.inst_fifo/gen_mem_rep[0].inst_xpm_memory /xpm_memory_base_inst                          | gen_wr_a.gen_word_narrow.mem_reg | User Attribute | 32 x 156             | RAM32M16 x 12   | 
|inst/i_0/\m00_nodes/m00_b_node/inst /\inst_mi_handler/gen_normal_area.gen_fifo_req.inst_fifo_req/gen_xpm_memory_fifo.inst_fifo/gen_mem_rep[0].inst_xpm_memory /xpm_memory_base_inst                     | gen_wr_a.gen_word_narrow.mem_reg | User Attribute | 32 x 19              | RAM32M16 x 2    | 
|inst/i_0/\m00_nodes/m00_b_node/inst /\inst_mi_handler/gen_normal_area.inst_fifo_node_payld/gen_xpm_memory_fifo.inst_fifo/gen_mem_rep[0].inst_xpm_memory /xpm_memory_base_inst                           | gen_wr_a.gen_word_narrow.mem_reg | User Attribute | 32 x 6               | RAM32M16 x 1    | 
|inst/i_0/\m00_nodes/m00_r_node/inst /\inst_mi_handler/gen_normal_area.gen_fifo_req.inst_fifo_req/gen_xpm_memory_fifo.inst_fifo/gen_mem_rep[0].inst_xpm_memory /xpm_memory_base_inst                     | gen_wr_a.gen_word_narrow.mem_reg | User Attribute | 32 x 19              | RAM32M16 x 2    | 
|inst/i_0/\m00_nodes/m00_r_node/inst /\inst_mi_handler/gen_normal_area.inst_fifo_node_payld/gen_xpm_memory_fifo.inst_fifo/gen_mem_rep[0].inst_xpm_memory /xpm_memory_base_inst                           | gen_wr_a.gen_word_narrow.mem_reg | User Attribute | 32 x 148             | RAM32M16 x 11   | 
|inst/i_0/\m00_nodes/m00_w_node/inst /\inst_si_handler/gen_si_handler.gen_request_fifos.gen_req_fifo[0].inst_req_fifo/gen_xpm_memory_fifo.inst_fifo/gen_mem_rep[0].inst_xpm_memory /xpm_memory_base_inst | gen_wr_a.gen_word_narrow.mem_reg | User Attribute | 4 x 1                | RAM16X1D x 1    | 
|inst/i_0/\m00_nodes/m00_w_node/inst /\inst_si_handler/gen_si_handler.gen_request_fifos.gen_req_fifo[1].inst_req_fifo/gen_xpm_memory_fifo.inst_fifo/gen_mem_rep[0].inst_xpm_memory /xpm_memory_base_inst | gen_wr_a.gen_word_narrow.mem_reg | User Attribute | 4 x 1                | RAM16X1D x 1    | 
|inst/i_0/\m00_nodes/m00_w_node/inst /\inst_mi_handler/gen_normal_area.gen_node_prog_full.inst_node_prog_full/gen_xpm_memory_fifo.inst_fifo/gen_mem_rep[0].inst_xpm_memory /xpm_memory_base_inst         | gen_wr_a.gen_word_narrow.mem_reg | User Attribute | 32 x 1               | RAM32X1D x 1    | 
|inst/i_0/\m00_nodes/m00_w_node/inst /\inst_mi_handler/gen_normal_area.inst_fifo_node_payld/gen_xpm_memory_fifo.inst_fifo/gen_mem_rep[0].inst_xpm_memory /xpm_memory_base_inst                           | gen_wr_a.gen_word_narrow.mem_reg | User Attribute | 32 x 178             | RAM32M16 x 13   | 
|inst/i_0/\s00_nodes/s00_ar_node/inst /\inst_mi_handler/gen_normal_area.gen_fifo_req.inst_fifo_req/gen_xpm_memory_fifo.inst_fifo/gen_mem_rep[0].inst_xpm_memory /xpm_memory_base_inst                    | gen_wr_a.gen_word_narrow.mem_reg | User Attribute | 32 x 18              | RAM32M16 x 2    | 
|inst/i_0/\s00_nodes/s00_ar_node/inst /\inst_mi_handler/gen_normal_area.inst_fifo_node_payld/gen_xpm_memory_fifo.inst_fifo/gen_mem_rep[0].inst_xpm_memory /xpm_memory_base_inst                          | gen_wr_a.gen_word_narrow.mem_reg | User Attribute | 32 x 138             | RAM32M16 x 10   | 
|inst/i_0/\s00_nodes/s00_r_node/inst /\inst_mi_handler/gen_normal_area.gen_node_prog_full.inst_node_prog_full/gen_xpm_memory_fifo.inst_fifo/gen_mem_rep[0].inst_xpm_memory /xpm_memory_base_inst         | gen_wr_a.gen_word_narrow.mem_reg | User Attribute | 32 x 1               | RAM32X1D x 1    | 
|inst/i_0/\s00_nodes/s00_r_node/inst /\inst_mi_handler/gen_normal_area.inst_fifo_node_payld/gen_xpm_memory_fifo.inst_fifo/gen_mem_rep[0].inst_xpm_memory /xpm_memory_base_inst                           | gen_wr_a.gen_word_narrow.mem_reg | User Attribute | 32 x 167             | RAM32M16 x 12   | 
|inst/i_0/\s01_nodes/s01_aw_node/inst /\inst_mi_handler/gen_normal_area.gen_fifo_req.inst_fifo_req/gen_xpm_memory_fifo.inst_fifo/gen_mem_rep[0].inst_xpm_memory /xpm_memory_base_inst                    | gen_wr_a.gen_word_narrow.mem_reg | User Attribute | 32 x 18              | RAM32M16 x 2    | 
|inst/i_0/\s01_nodes/s01_aw_node/inst /\inst_mi_handler/gen_normal_area.inst_fifo_node_payld/gen_xpm_memory_fifo.inst_fifo/gen_mem_rep[0].inst_xpm_memory /xpm_memory_base_inst                          | gen_wr_a.gen_word_narrow.mem_reg | User Attribute | 32 x 138             | RAM32M16 x 10   | 
|inst/i_0/\s01_nodes/s01_b_node/inst /\inst_mi_handler/gen_normal_area.gen_node_prog_full.inst_node_prog_full/gen_xpm_memory_fifo.inst_fifo/gen_mem_rep[0].inst_xpm_memory /xpm_memory_base_inst         | gen_wr_a.gen_word_narrow.mem_reg | User Attribute | 32 x 1               | RAM32X1D x 1    | 
|inst/i_0/\s01_nodes/s01_b_node/inst /\inst_mi_handler/gen_normal_area.inst_fifo_node_payld/gen_xpm_memory_fifo.inst_fifo/gen_mem_rep[0].inst_xpm_memory /xpm_memory_base_inst                           | gen_wr_a.gen_word_narrow.mem_reg | User Attribute | 32 x 24              | RAM32M16 x 2    | 
|inst/i_0/\s01_nodes/s01_w_node/inst /\inst_mi_handler/gen_normal_area.gen_fifo_req.inst_fifo_req/gen_xpm_memory_fifo.inst_fifo/gen_mem_rep[0].inst_xpm_memory /xpm_memory_base_inst                     | gen_wr_a.gen_word_narrow.mem_reg | User Attribute | 32 x 18              | RAM32M16 x 2    | 
|inst/i_0/\s01_nodes/s01_w_node/inst /\inst_mi_handler/gen_normal_area.inst_fifo_node_payld/gen_xpm_memory_fifo.inst_fifo/gen_mem_rep[0].inst_xpm_memory /xpm_memory_base_inst                           | gen_wr_a.gen_word_narrow.mem_reg | User Attribute | 32 x 160             | RAM32M16 x 12   | 
+--------------------------------------------------------------------------------------------------------------------------------------------------------------------------------------------------------+----------------------------------+----------------+----------------------+-----------------+

Note: The table above is a preliminary report that shows the Distributed RAMs at the current stage of the synthesis flow. Some Distributed RAMs may be reimplemented as non Distributed RAM primitives later in the synthesis flow. Multiple instantiated RAMs are reported only once.
---------------------------------------------------------------------------------
Finished ROM, RAM, DSP and Shift Register Reporting
---------------------------------------------------------------------------------

Report RTL Partitions: 
+------+--------------------------------------------------------------------+------------+----------+
|      |RTL Partition                                                       |Replication |Instances |
+------+--------------------------------------------------------------------+------------+----------+
|1     |sc_util_v1_0_4_axi_reg_stall                                        |           2|       317|
|2     |sc_exit_v1_0_8_top__GC0                                             |           1|       273|
|3     |sc_mmu_v1_0_7_top__GC0                                              |           1|       323|
|4     |sc_transaction_regulator_v1_0_8_singleorder__parameterized0__GC0    |           1|        70|
|5     |sc_transaction_regulator_v1_0_8_top__GC0                            |           1|         2|
|6     |bd_c34f_s00sic_0                                                    |           1|        42|
|7     |sc_mmu_v1_0_7_top__parameterized0__GC0                              |           1|       285|
|8     |sc_transaction_regulator_v1_0_8_top__parameterized0__GC0            |           1|         2|
|9     |bd_c34f_s01sic_0                                                    |           1|       197|
|10    |bd_c34f__GC0                                                        |           1|      9509|
|11    |sc_util_v1_0_4_axi_reg_stall__1                                     |           1|       772|
|12    |sc_util_v1_0_4_axi_reg_stall__2                                     |           1|       702|
|13    |sc_util_v1_0_4_axi_reg_stall__3                                     |           1|        57|
|14    |sc_util_v1_0_4_axi_reg_stall__4                                     |           2|       334|
|15    |sc_util_v1_0_4_axi_reg_stall__5                                     |           1|        41|
|16    |sc_util_v1_0_4_axi_reg_stall__6                                     |           2|       332|
|17    |sc_util_v1_0_4_axi_reg_stall__7                                     |           1|        30|
|18    |sc_util_v1_0_4_axi_reg_stall__8                                     |           1|        30|
|19    |sc_util_v1_0_4_axi_reg_stall__9                                     |           1|       222|
|20    |sc_util_v1_0_4_axi_reg_stall__10                                    |           1|        28|
|21    |sc_util_v1_0_4_axi_reg_stall__11                                    |           2|       334|
|22    |sc_util_v1_0_4_axi_reg_stall__12                                    |           1|        41|
|23    |sc_util_v1_0_4_axi_reg_stall__13                                    |           1|        30|
|24    |sc_util_v1_0_4_axi_reg_stall__14                                    |           1|       232|
|25    |sc_util_v1_0_4_axi_reg_stall__15                                    |           1|        28|
|26    |sc_util_v1_0_4_axi_reg_stall__16                                    |           1|        57|
|27    |sc_transaction_regulator_v1_0_8_singleorder__parameterized0__GC0__1 |           1|        71|
+------+--------------------------------------------------------------------+------------+----------+
---------------------------------------------------------------------------------
Start Applying XDC Timing Constraints
---------------------------------------------------------------------------------
---------------------------------------------------------------------------------
Finished Applying XDC Timing Constraints : Time (s): cpu = 00:03:01 ; elapsed = 00:03:09 . Memory (MB): peak = 2199.945 ; gain = 1907.527
---------------------------------------------------------------------------------
---------------------------------------------------------------------------------
Start Timing Optimization
---------------------------------------------------------------------------------
---------------------------------------------------------------------------------
Finished Timing Optimization : Time (s): cpu = 00:03:06 ; elapsed = 00:03:14 . Memory (MB): peak = 2251.328 ; gain = 1958.910
---------------------------------------------------------------------------------
---------------------------------------------------------------------------------
Start ROM, RAM, DSP and Shift Register Reporting
---------------------------------------------------------------------------------

Distributed RAM: Final Mapping  Report
+--------------------------------------------------------------------------------------------------------------------------------------------------------------------------------------------------------+----------------------------------+----------------+----------------------+-----------------+
|Module Name                                                                                                                                                                                             | RTL Object                       | Inference      | Size (Depth x Width) | Primitives      | 
+--------------------------------------------------------------------------------------------------------------------------------------------------------------------------------------------------------+----------------------------------+----------------+----------------------+-----------------+
|inst/i_0/\m00_nodes/m00_ar_node/inst /\inst_mi_handler/gen_normal_area.gen_node_prog_full.inst_node_prog_full/gen_xpm_memory_fifo.inst_fifo/gen_mem_rep[0].inst_xpm_memory /xpm_memory_base_inst        | gen_wr_a.gen_word_narrow.mem_reg | User Attribute | 32 x 1               | RAM32X1D x 1    | 
|inst/i_0/\m00_nodes/m00_ar_node/inst /\inst_mi_handler/gen_normal_area.inst_fifo_node_payld/gen_xpm_memory_fifo.inst_fifo/gen_mem_rep[0].inst_xpm_memory /xpm_memory_base_inst                          | gen_wr_a.gen_word_narrow.mem_reg | User Attribute | 32 x 156             | RAM32M16 x 12   | 
|inst/i_0/\m00_nodes/m00_aw_node/inst /\inst_mi_handler/gen_normal_area.gen_node_prog_full.inst_node_prog_full/gen_xpm_memory_fifo.inst_fifo/gen_mem_rep[0].inst_xpm_memory /xpm_memory_base_inst        | gen_wr_a.gen_word_narrow.mem_reg | User Attribute | 32 x 1               | RAM32X1D x 1    | 
|inst/i_0/\m00_nodes/m00_aw_node/inst /\inst_mi_handler/gen_normal_area.inst_fifo_node_payld/gen_xpm_memory_fifo.inst_fifo/gen_mem_rep[0].inst_xpm_memory /xpm_memory_base_inst                          | gen_wr_a.gen_word_narrow.mem_reg | User Attribute | 32 x 156             | RAM32M16 x 12   | 
|inst/i_0/\m00_nodes/m00_b_node/inst /\inst_mi_handler/gen_normal_area.gen_fifo_req.inst_fifo_req/gen_xpm_memory_fifo.inst_fifo/gen_mem_rep[0].inst_xpm_memory /xpm_memory_base_inst                     | gen_wr_a.gen_word_narrow.mem_reg | User Attribute | 32 x 19              | RAM32M16 x 2    | 
|inst/i_0/\m00_nodes/m00_b_node/inst /\inst_mi_handler/gen_normal_area.inst_fifo_node_payld/gen_xpm_memory_fifo.inst_fifo/gen_mem_rep[0].inst_xpm_memory /xpm_memory_base_inst                           | gen_wr_a.gen_word_narrow.mem_reg | User Attribute | 32 x 6               | RAM32M16 x 1    | 
|inst/i_0/\m00_nodes/m00_r_node/inst /\inst_mi_handler/gen_normal_area.gen_fifo_req.inst_fifo_req/gen_xpm_memory_fifo.inst_fifo/gen_mem_rep[0].inst_xpm_memory /xpm_memory_base_inst                     | gen_wr_a.gen_word_narrow.mem_reg | User Attribute | 32 x 19              | RAM32M16 x 2    | 
|inst/i_0/\m00_nodes/m00_r_node/inst /\inst_mi_handler/gen_normal_area.inst_fifo_node_payld/gen_xpm_memory_fifo.inst_fifo/gen_mem_rep[0].inst_xpm_memory /xpm_memory_base_inst                           | gen_wr_a.gen_word_narrow.mem_reg | User Attribute | 32 x 148             | RAM32M16 x 11   | 
|inst/i_0/\m00_nodes/m00_w_node/inst /\inst_si_handler/gen_si_handler.gen_request_fifos.gen_req_fifo[0].inst_req_fifo/gen_xpm_memory_fifo.inst_fifo/gen_mem_rep[0].inst_xpm_memory /xpm_memory_base_inst | gen_wr_a.gen_word_narrow.mem_reg | User Attribute | 4 x 1                | RAM16X1D x 1    | 
|inst/i_0/\m00_nodes/m00_w_node/inst /\inst_si_handler/gen_si_handler.gen_request_fifos.gen_req_fifo[1].inst_req_fifo/gen_xpm_memory_fifo.inst_fifo/gen_mem_rep[0].inst_xpm_memory /xpm_memory_base_inst | gen_wr_a.gen_word_narrow.mem_reg | User Attribute | 4 x 1                | RAM16X1D x 1    | 
|inst/i_0/\m00_nodes/m00_w_node/inst /\inst_mi_handler/gen_normal_area.gen_node_prog_full.inst_node_prog_full/gen_xpm_memory_fifo.inst_fifo/gen_mem_rep[0].inst_xpm_memory /xpm_memory_base_inst         | gen_wr_a.gen_word_narrow.mem_reg | User Attribute | 32 x 1               | RAM32X1D x 1    | 
|inst/i_0/\m00_nodes/m00_w_node/inst /\inst_mi_handler/gen_normal_area.inst_fifo_node_payld/gen_xpm_memory_fifo.inst_fifo/gen_mem_rep[0].inst_xpm_memory /xpm_memory_base_inst                           | gen_wr_a.gen_word_narrow.mem_reg | User Attribute | 32 x 178             | RAM32M16 x 13   | 
|inst/i_0/\s00_nodes/s00_ar_node/inst /\inst_mi_handler/gen_normal_area.gen_fifo_req.inst_fifo_req/gen_xpm_memory_fifo.inst_fifo/gen_mem_rep[0].inst_xpm_memory /xpm_memory_base_inst                    | gen_wr_a.gen_word_narrow.mem_reg | User Attribute | 32 x 18              | RAM32M16 x 2    | 
|inst/i_0/\s00_nodes/s00_ar_node/inst /\inst_mi_handler/gen_normal_area.inst_fifo_node_payld/gen_xpm_memory_fifo.inst_fifo/gen_mem_rep[0].inst_xpm_memory /xpm_memory_base_inst                          | gen_wr_a.gen_word_narrow.mem_reg | User Attribute | 32 x 138             | RAM32M16 x 10   | 
|inst/i_0/\s00_nodes/s00_r_node/inst /\inst_mi_handler/gen_normal_area.gen_node_prog_full.inst_node_prog_full/gen_xpm_memory_fifo.inst_fifo/gen_mem_rep[0].inst_xpm_memory /xpm_memory_base_inst         | gen_wr_a.gen_word_narrow.mem_reg | User Attribute | 32 x 1               | RAM32X1D x 1    | 
|inst/i_0/\s00_nodes/s00_r_node/inst /\inst_mi_handler/gen_normal_area.inst_fifo_node_payld/gen_xpm_memory_fifo.inst_fifo/gen_mem_rep[0].inst_xpm_memory /xpm_memory_base_inst                           | gen_wr_a.gen_word_narrow.mem_reg | User Attribute | 32 x 167             | RAM32M16 x 12   | 
|inst/i_0/\s01_nodes/s01_aw_node/inst /\inst_mi_handler/gen_normal_area.gen_fifo_req.inst_fifo_req/gen_xpm_memory_fifo.inst_fifo/gen_mem_rep[0].inst_xpm_memory /xpm_memory_base_inst                    | gen_wr_a.gen_word_narrow.mem_reg | User Attribute | 32 x 18              | RAM32M16 x 2    | 
|inst/i_0/\s01_nodes/s01_aw_node/inst /\inst_mi_handler/gen_normal_area.inst_fifo_node_payld/gen_xpm_memory_fifo.inst_fifo/gen_mem_rep[0].inst_xpm_memory /xpm_memory_base_inst                          | gen_wr_a.gen_word_narrow.mem_reg | User Attribute | 32 x 138             | RAM32M16 x 10   | 
|inst/i_0/\s01_nodes/s01_b_node/inst /\inst_mi_handler/gen_normal_area.gen_node_prog_full.inst_node_prog_full/gen_xpm_memory_fifo.inst_fifo/gen_mem_rep[0].inst_xpm_memory /xpm_memory_base_inst         | gen_wr_a.gen_word_narrow.mem_reg | User Attribute | 32 x 1               | RAM32X1D x 1    | 
|inst/i_0/\s01_nodes/s01_b_node/inst /\inst_mi_handler/gen_normal_area.inst_fifo_node_payld/gen_xpm_memory_fifo.inst_fifo/gen_mem_rep[0].inst_xpm_memory /xpm_memory_base_inst                           | gen_wr_a.gen_word_narrow.mem_reg | User Attribute | 32 x 24              | RAM32M16 x 2    | 
|inst/i_0/\s01_nodes/s01_w_node/inst /\inst_mi_handler/gen_normal_area.gen_fifo_req.inst_fifo_req/gen_xpm_memory_fifo.inst_fifo/gen_mem_rep[0].inst_xpm_memory /xpm_memory_base_inst                     | gen_wr_a.gen_word_narrow.mem_reg | User Attribute | 32 x 18              | RAM32M16 x 2    | 
|inst/i_0/\s01_nodes/s01_w_node/inst /\inst_mi_handler/gen_normal_area.inst_fifo_node_payld/gen_xpm_memory_fifo.inst_fifo/gen_mem_rep[0].inst_xpm_memory /xpm_memory_base_inst                           | gen_wr_a.gen_word_narrow.mem_reg | User Attribute | 32 x 160             | RAM32M16 x 12   | 
+--------------------------------------------------------------------------------------------------------------------------------------------------------------------------------------------------------+----------------------------------+----------------+----------------------+-----------------+

---------------------------------------------------------------------------------
Finished ROM, RAM, DSP and Shift Register Reporting
---------------------------------------------------------------------------------

Report RTL Partitions: 
+------+--------------------------------------------------------------------+------------+----------+
|      |RTL Partition                                                       |Replication |Instances |
+------+--------------------------------------------------------------------+------------+----------+
|1     |sc_util_v1_0_4_axi_reg_stall                                        |           2|       317|
|2     |sc_exit_v1_0_8_top__GC0                                             |           1|       273|
|3     |sc_mmu_v1_0_7_top__GC0                                              |           1|       323|
|4     |sc_transaction_regulator_v1_0_8_singleorder__parameterized0__GC0    |           1|        70|
|5     |sc_transaction_regulator_v1_0_8_top__GC0                            |           1|         2|
|6     |bd_c34f_s00sic_0                                                    |           1|        42|
|7     |sc_mmu_v1_0_7_top__parameterized0__GC0                              |           1|       285|
|8     |sc_transaction_regulator_v1_0_8_top__parameterized0__GC0            |           1|         2|
|9     |bd_c34f_s01sic_0                                                    |           1|       197|
|10    |bd_c34f__GC0                                                        |           1|      9509|
|11    |sc_util_v1_0_4_axi_reg_stall__1                                     |           1|       772|
|12    |sc_util_v1_0_4_axi_reg_stall__2                                     |           1|       702|
|13    |sc_util_v1_0_4_axi_reg_stall__3                                     |           1|        57|
|14    |sc_util_v1_0_4_axi_reg_stall__4                                     |           2|       334|
|15    |sc_util_v1_0_4_axi_reg_stall__5                                     |           1|        41|
|16    |sc_util_v1_0_4_axi_reg_stall__6                                     |           2|       332|
|17    |sc_util_v1_0_4_axi_reg_stall__7                                     |           1|        30|
|18    |sc_util_v1_0_4_axi_reg_stall__8                                     |           1|        30|
|19    |sc_util_v1_0_4_axi_reg_stall__9                                     |           1|       222|
|20    |sc_util_v1_0_4_axi_reg_stall__10                                    |           1|        28|
|21    |sc_util_v1_0_4_axi_reg_stall__11                                    |           2|       334|
|22    |sc_util_v1_0_4_axi_reg_stall__12                                    |           1|        41|
|23    |sc_util_v1_0_4_axi_reg_stall__13                                    |           1|        30|
|24    |sc_util_v1_0_4_axi_reg_stall__14                                    |           1|       232|
|25    |sc_util_v1_0_4_axi_reg_stall__15                                    |           1|        28|
|26    |sc_util_v1_0_4_axi_reg_stall__16                                    |           1|        57|
|27    |sc_transaction_regulator_v1_0_8_singleorder__parameterized0__GC0__1 |           1|        71|
+------+--------------------------------------------------------------------+------------+----------+
---------------------------------------------------------------------------------
Start Technology Mapping
---------------------------------------------------------------------------------
INFO: [Synth 8-3332] Sequential element (gen_endpoint.decerr_slave_inst/FSM_onehot_gen_axi.gen_write.write_cs_reg[2]) is unused and will be removed from module sc_mmu_v1_0_7_top.
INFO: [Synth 8-3332] Sequential element (gen_endpoint.decerr_slave_inst/FSM_onehot_gen_axi.gen_write.write_cs_reg[1]) is unused and will be removed from module sc_mmu_v1_0_7_top.
INFO: [Synth 8-3332] Sequential element (gen_endpoint.decerr_slave_inst/FSM_onehot_gen_axi.gen_write.write_cs_reg[0]) is unused and will be removed from module sc_mmu_v1_0_7_top.
---------------------------------------------------------------------------------
Finished Technology Mapping : Time (s): cpu = 00:03:13 ; elapsed = 00:03:21 . Memory (MB): peak = 2264.957 ; gain = 1972.539
---------------------------------------------------------------------------------

Report RTL Partitions: 
+-+--------------+------------+----------+
| |RTL Partition |Replication |Instances |
+-+--------------+------------+----------+
+-+--------------+------------+----------+
---------------------------------------------------------------------------------
Start IO Insertion
---------------------------------------------------------------------------------
---------------------------------------------------------------------------------
Start Flattening Before IO Insertion
---------------------------------------------------------------------------------
---------------------------------------------------------------------------------
Finished Flattening Before IO Insertion
---------------------------------------------------------------------------------
---------------------------------------------------------------------------------
Start Final Netlist Cleanup
---------------------------------------------------------------------------------
INFO: [Synth 8-5365] Flop inst_mi_handler/gen_normal_area.gen_node_prog_full.inst_node_prog_full/gen_xpm_memory_fifo.inst_fifo/gen_wr.full_r_reg is being inverted and renamed to inst_mi_handler/gen_normal_area.gen_node_prog_full.inst_node_prog_full/gen_xpm_memory_fifo.inst_fifo/gen_wr.full_r_reg_inv.
INFO: [Synth 8-5365] Flop inst_mi_handler/gen_normal_area.inst_fifo_node_payld/gen_xpm_memory_fifo.inst_fifo/gen_wr.full_r_reg is being inverted and renamed to inst_mi_handler/gen_normal_area.inst_fifo_node_payld/gen_xpm_memory_fifo.inst_fifo/gen_wr.full_r_reg_inv.
INFO: [Synth 8-5365] Flop inst_mi_handler/gen_normal_area.gen_node_prog_full.inst_node_prog_full/gen_xpm_memory_fifo.inst_fifo/gen_wr.full_r_reg is being inverted and renamed to inst_mi_handler/gen_normal_area.gen_node_prog_full.inst_node_prog_full/gen_xpm_memory_fifo.inst_fifo/gen_wr.full_r_reg_inv.
INFO: [Synth 8-5365] Flop inst_mi_handler/gen_normal_area.inst_fifo_node_payld/gen_xpm_memory_fifo.inst_fifo/gen_wr.full_r_reg is being inverted and renamed to inst_mi_handler/gen_normal_area.inst_fifo_node_payld/gen_xpm_memory_fifo.inst_fifo/gen_wr.full_r_reg_inv.
INFO: [Synth 8-5365] Flop inst_mi_handler/gen_normal_area.gen_fifo_req.inst_fifo_req/gen_xpm_memory_fifo.inst_fifo/gen_wr.full_r_reg is being inverted and renamed to inst_mi_handler/gen_normal_area.gen_fifo_req.inst_fifo_req/gen_xpm_memory_fifo.inst_fifo/gen_wr.full_r_reg_inv.
INFO: [Synth 8-5365] Flop inst_mi_handler/gen_normal_area.inst_fifo_node_payld/gen_xpm_memory_fifo.inst_fifo/gen_wr.full_r_reg is being inverted and renamed to inst_mi_handler/gen_normal_area.inst_fifo_node_payld/gen_xpm_memory_fifo.inst_fifo/gen_wr.full_r_reg_inv.
INFO: [Synth 8-5365] Flop inst_mi_handler/gen_normal_area.gen_fifo_req.inst_fifo_req/gen_xpm_memory_fifo.inst_fifo/gen_wr.full_r_reg is being inverted and renamed to inst_mi_handler/gen_normal_area.gen_fifo_req.inst_fifo_req/gen_xpm_memory_fifo.inst_fifo/gen_wr.full_r_reg_inv.
INFO: [Synth 8-5365] Flop inst_mi_handler/gen_normal_area.inst_fifo_node_payld/gen_xpm_memory_fifo.inst_fifo/gen_wr.full_r_reg is being inverted and renamed to inst_mi_handler/gen_normal_area.inst_fifo_node_payld/gen_xpm_memory_fifo.inst_fifo/gen_wr.full_r_reg_inv.
INFO: [Synth 8-5365] Flop inst_mi_handler/gen_normal_area.gen_node_prog_full.inst_node_prog_full/gen_xpm_memory_fifo.inst_fifo/gen_wr.afull_r_reg is being inverted and renamed to inst_mi_handler/gen_normal_area.gen_node_prog_full.inst_node_prog_full/gen_xpm_memory_fifo.inst_fifo/gen_wr.afull_r_reg_inv.
INFO: [Synth 8-5365] Flop inst_si_handler/gen_si_handler.gen_request_fifos.gen_req_fifo[0].inst_req_fifo/gen_xpm_memory_fifo.inst_fifo/gen_wr.full_r_reg is being inverted and renamed to inst_si_handler/gen_si_handler.gen_request_fifos.gen_req_fifo[0].inst_req_fifo/gen_xpm_memory_fifo.inst_fifo/gen_wr.full_r_reg_inv.
INFO: [Synth 8-5365] Flop inst_si_handler/gen_si_handler.gen_request_fifos.gen_req_fifo[0].inst_req_fifo/gen_xpm_memory_fifo.inst_fifo/gen_rd.fifo_empty_r_reg is being inverted and renamed to inst_si_handler/gen_si_handler.gen_request_fifos.gen_req_fifo[0].inst_req_fifo/gen_xpm_memory_fifo.inst_fifo/gen_rd.fifo_empty_r_reg_inv.
INFO: [Synth 8-5365] Flop inst_si_handler/gen_si_handler.gen_request_fifos.gen_req_fifo[1].inst_req_fifo/gen_xpm_memory_fifo.inst_fifo/gen_wr.full_r_reg is being inverted and renamed to inst_si_handler/gen_si_handler.gen_request_fifos.gen_req_fifo[1].inst_req_fifo/gen_xpm_memory_fifo.inst_fifo/gen_wr.full_r_reg_inv.
INFO: [Synth 8-5365] Flop inst_mi_handler/gen_normal_area.gen_node_prog_full.inst_node_prog_full/gen_xpm_memory_fifo.inst_fifo/gen_wr.full_r_reg is being inverted and renamed to inst_mi_handler/gen_normal_area.gen_node_prog_full.inst_node_prog_full/gen_xpm_memory_fifo.inst_fifo/gen_wr.full_r_reg_inv.
INFO: [Synth 8-5365] Flop inst_mi_handler/gen_normal_area.inst_fifo_node_payld/gen_xpm_memory_fifo.inst_fifo/gen_wr.full_r_reg is being inverted and renamed to inst_mi_handler/gen_normal_area.inst_fifo_node_payld/gen_xpm_memory_fifo.inst_fifo/gen_wr.full_r_reg_inv.
INFO: [Synth 8-5365] Flop inst_mi_handler/gen_normal_area.gen_fifo_req.inst_fifo_req/gen_xpm_memory_fifo.inst_fifo/gen_wr.full_r_reg is being inverted and renamed to inst_mi_handler/gen_normal_area.gen_fifo_req.inst_fifo_req/gen_xpm_memory_fifo.inst_fifo/gen_wr.full_r_reg_inv.
INFO: [Synth 8-5365] Flop inst_mi_handler/gen_normal_area.inst_fifo_node_payld/gen_xpm_memory_fifo.inst_fifo/gen_wr.full_r_reg is being inverted and renamed to inst_mi_handler/gen_normal_area.inst_fifo_node_payld/gen_xpm_memory_fifo.inst_fifo/gen_wr.full_r_reg_inv.
INFO: [Synth 8-5365] Flop inst_mi_handler/gen_normal_area.gen_node_prog_full.inst_node_prog_full/gen_xpm_memory_fifo.inst_fifo/gen_wr.full_r_reg is being inverted and renamed to inst_mi_handler/gen_normal_area.gen_node_prog_full.inst_node_prog_full/gen_xpm_memory_fifo.inst_fifo/gen_wr.full_r_reg_inv.
INFO: [Synth 8-5365] Flop inst_mi_handler/gen_normal_area.inst_fifo_node_payld/gen_xpm_memory_fifo.inst_fifo/gen_wr.full_r_reg is being inverted and renamed to inst_mi_handler/gen_normal_area.inst_fifo_node_payld/gen_xpm_memory_fifo.inst_fifo/gen_wr.full_r_reg_inv.
INFO: [Synth 8-5365] Flop inst_mi_handler/gen_normal_area.gen_fifo_req.inst_fifo_req/gen_xpm_memory_fifo.inst_fifo/gen_wr.full_r_reg is being inverted and renamed to inst_mi_handler/gen_normal_area.gen_fifo_req.inst_fifo_req/gen_xpm_memory_fifo.inst_fifo/gen_wr.full_r_reg_inv.
INFO: [Synth 8-5365] Flop inst_mi_handler/gen_normal_area.inst_fifo_node_payld/gen_xpm_memory_fifo.inst_fifo/gen_wr.full_r_reg is being inverted and renamed to inst_mi_handler/gen_normal_area.inst_fifo_node_payld/gen_xpm_memory_fifo.inst_fifo/gen_wr.full_r_reg_inv.
INFO: [Synth 8-5365] Flop inst_mi_handler/gen_normal_area.gen_node_prog_full.inst_node_prog_full/gen_xpm_memory_fifo.inst_fifo/gen_wr.full_r_reg is being inverted and renamed to inst_mi_handler/gen_normal_area.gen_node_prog_full.inst_node_prog_full/gen_xpm_memory_fifo.inst_fifo/gen_wr.full_r_reg_inv.
INFO: [Synth 8-5365] Flop inst_mi_handler/gen_normal_area.inst_fifo_node_payld/gen_xpm_memory_fifo.inst_fifo/gen_wr.full_r_reg is being inverted and renamed to inst_mi_handler/gen_normal_area.inst_fifo_node_payld/gen_xpm_memory_fifo.inst_fifo/gen_wr.full_r_reg_inv.
INFO: [Synth 8-5365] Flop inst_mi_handler/gen_normal_area.gen_fifo_req.inst_fifo_req/gen_xpm_memory_fifo.inst_fifo/gen_wr.full_r_reg is being inverted and renamed to inst_mi_handler/gen_normal_area.gen_fifo_req.inst_fifo_req/gen_xpm_memory_fifo.inst_fifo/gen_wr.full_r_reg_inv.
---------------------------------------------------------------------------------
Finished Final Netlist Cleanup
---------------------------------------------------------------------------------
---------------------------------------------------------------------------------
Finished IO Insertion : Time (s): cpu = 00:03:14 ; elapsed = 00:03:22 . Memory (MB): peak = 2264.957 ; gain = 1972.539
---------------------------------------------------------------------------------

Report Check Netlist: 
+------+------------------+-------+---------+-------+------------------+
|      |Item              |Errors |Warnings |Status |Description       |
+------+------------------+-------+---------+-------+------------------+
|1     |multi_driven_nets |      0|        0|Passed |Multi driven nets |
+------+------------------+-------+---------+-------+------------------+
---------------------------------------------------------------------------------
Start Renaming Generated Instances
---------------------------------------------------------------------------------
---------------------------------------------------------------------------------
Finished Renaming Generated Instances : Time (s): cpu = 00:03:14 ; elapsed = 00:03:22 . Memory (MB): peak = 2264.957 ; gain = 1972.539
---------------------------------------------------------------------------------

Report RTL Partitions: 
+-+--------------+------------+----------+
| |RTL Partition |Replication |Instances |
+-+--------------+------------+----------+
+-+--------------+------------+----------+
---------------------------------------------------------------------------------
Start Rebuilding User Hierarchy
---------------------------------------------------------------------------------
---------------------------------------------------------------------------------
Finished Rebuilding User Hierarchy : Time (s): cpu = 00:03:16 ; elapsed = 00:03:24 . Memory (MB): peak = 2264.957 ; gain = 1972.539
---------------------------------------------------------------------------------
---------------------------------------------------------------------------------
Start Renaming Generated Ports
---------------------------------------------------------------------------------
---------------------------------------------------------------------------------
Finished Renaming Generated Ports : Time (s): cpu = 00:03:16 ; elapsed = 00:03:24 . Memory (MB): peak = 2264.957 ; gain = 1972.539
---------------------------------------------------------------------------------
---------------------------------------------------------------------------------
Start Handling Custom Attributes
---------------------------------------------------------------------------------
---------------------------------------------------------------------------------
Finished Handling Custom Attributes : Time (s): cpu = 00:03:16 ; elapsed = 00:03:24 . Memory (MB): peak = 2264.957 ; gain = 1972.539
---------------------------------------------------------------------------------
---------------------------------------------------------------------------------
Start Renaming Generated Nets
---------------------------------------------------------------------------------
---------------------------------------------------------------------------------
Finished Renaming Generated Nets : Time (s): cpu = 00:03:16 ; elapsed = 00:03:24 . Memory (MB): peak = 2264.957 ; gain = 1972.539
---------------------------------------------------------------------------------
---------------------------------------------------------------------------------
Start ROM, RAM, DSP and Shift Register Reporting
---------------------------------------------------------------------------------

Dynamic Shift Register Report:
+------------+---------------+--------+------------+--------+---------+--------+--------+--------+
|Module Name | RTL Name      | Length | Data Width | SRL16E | SRLC32E | Mux F7 | Mux F8 | Mux F9 | 
+------------+---------------+--------+------------+--------+---------+--------+--------+--------+
|dsrl        | shift_reg_reg | 16     | 1          | 1      | 0       | 0      | 0      | 0      | 
+------------+---------------+--------+------------+--------+---------+--------+--------+--------+

---------------------------------------------------------------------------------
Finished ROM, RAM, DSP and Shift Register Reporting
---------------------------------------------------------------------------------
---------------------------------------------------------------------------------
Start Writing Synthesis Report
---------------------------------------------------------------------------------

Report BlackBoxes: 
+-+--------------+----------+
| |BlackBox name |Instances |
+-+--------------+----------+
+-+--------------+----------+

Report Cell Usage: 
+------+---------+------+
|      |Cell     |Count |
+------+---------+------+
|1     |LUT1     |   140|
|2     |LUT2     |   170|
|3     |LUT3     |   910|
|4     |LUT4     |   297|
|5     |LUT5     |   320|
|6     |LUT6     |   415|
|7     |RAM16X1D |     2|
|8     |RAM32M16 |   105|
|9     |RAM32X1D |     5|
|10    |SRL16    |     1|
|11    |SRL16E   |    31|
|12    |FDR      |     4|
|13    |FDRE     |  4298|
|14    |FDSE     |   133|
+------+---------+------+

Report Instance Areas: 
+------+------------------------------------------------------------------------------------------------+---------------------------------------------------------------+------+
|      |Instance                                                                                        |Module                                                         |Cells |
+------+------------------------------------------------------------------------------------------------+---------------------------------------------------------------+------+
|1     |top                                                                                             |                                                               |  6831|
|2     |  inst                                                                                          |bd_c34f                                                        |  6831|
|3     |    clk_map                                                                                     |clk_map_imp_GMXRYC                                             |    41|
|4     |      psr_aclk                                                                                  |bd_c34f_psr_aclk_0                                             |    41|
|5     |        U0                                                                                      |proc_sys_reset                                                 |    41|
|6     |          EXT_LPF                                                                               |lpf                                                            |     9|
|7     |            \ACTIVE_LOW_AUX.ACT_LO_AUX                                                          |cdc_sync                                                       |     5|
|8     |          SEQ                                                                                   |sequence_psr                                                   |    31|
|9     |            SEQ_COUNTER                                                                         |upcnt_n                                                        |    13|
|10    |    m00_exit_pipeline                                                                           |m00_exit_pipeline_imp_1I79W67                                  |  1355|
|11    |      m00_exit                                                                                  |bd_c34f_m00e_0                                                 |  1355|
|12    |        inst                                                                                    |sc_exit_v1_0_8_top                                             |  1355|
|13    |          ar_reg                                                                                |sc_util_v1_0_4_axi_reg_stall_104                               |   183|
|14    |          aw_reg                                                                                |sc_util_v1_0_4_axi_reg_stall_105                               |   183|
|15    |          b_reg                                                                                 |sc_util_v1_0_4_axi_reg_stall_106                               |    19|
|16    |          exit_inst                                                                             |sc_exit_v1_0_8_exit                                            |   115|
|17    |            \gen_r_cmd_fifo.r_cmd_fifo                                                          |sc_util_v1_0_4_axic_reg_srl_fifo                               |    85|
|18    |              \gen_srls[10].srl_nx1                                                             |sc_util_v1_0_4_srl_rtl_110                                     |     2|
|19    |              \gen_srls[11].srl_nx1                                                             |sc_util_v1_0_4_srl_rtl_111                                     |     2|
|20    |              \gen_srls[12].srl_nx1                                                             |sc_util_v1_0_4_srl_rtl_112                                     |     2|
|21    |              \gen_srls[13].srl_nx1                                                             |sc_util_v1_0_4_srl_rtl_113                                     |     2|
|22    |              \gen_srls[14].srl_nx1                                                             |sc_util_v1_0_4_srl_rtl_114                                     |     2|
|23    |              \gen_srls[15].srl_nx1                                                             |sc_util_v1_0_4_srl_rtl_115                                     |     3|
|24    |              \gen_srls[1].srl_nx1                                                              |sc_util_v1_0_4_srl_rtl_116                                     |     2|
|25    |              \gen_srls[2].srl_nx1                                                              |sc_util_v1_0_4_srl_rtl_117                                     |     2|
|26    |              \gen_srls[3].srl_nx1                                                              |sc_util_v1_0_4_srl_rtl_118                                     |     2|
|27    |              \gen_srls[4].srl_nx1                                                              |sc_util_v1_0_4_srl_rtl_119                                     |     2|
|28    |              \gen_srls[5].srl_nx1                                                              |sc_util_v1_0_4_srl_rtl_120                                     |     2|
|29    |              \gen_srls[6].srl_nx1                                                              |sc_util_v1_0_4_srl_rtl_121                                     |     2|
|30    |              \gen_srls[7].srl_nx1                                                              |sc_util_v1_0_4_srl_rtl_122                                     |     2|
|31    |              \gen_srls[8].srl_nx1                                                              |sc_util_v1_0_4_srl_rtl_123                                     |     2|
|32    |              \gen_srls[9].srl_nx1                                                              |sc_util_v1_0_4_srl_rtl_124                                     |     2|
|33    |            \gen_w_cmd_fifo.w_cmd_fifo                                                          |sc_util_v1_0_4_axic_reg_srl_fifo__parameterized0               |    29|
|34    |              \gen_srls[1].srl_nx1                                                              |sc_util_v1_0_4_srl_rtl_109                                     |     3|
|35    |          r_reg                                                                                 |sc_util_v1_0_4_axi_reg_stall_107                               |   406|
|36    |          w_reg                                                                                 |sc_util_v1_0_4_axi_reg_stall_108                               |   446|
|37    |    m00_nodes                                                                                   |m00_nodes_imp_14WKMK3                                          |  1544|
|38    |      m00_ar_node                                                                               |bd_c34f_m00arn_0                                               |   317|
|39    |        inst                                                                                    |sc_node_v1_0_10_top                                            |   317|
|40    |          inst_mi_handler                                                                       |sc_node_v1_0_10_mi_handler                                     |   298|
|41    |            \gen_normal_area.gen_node_prog_full.inst_node_prog_full                             |sc_node_v1_0_10_fifo__xdcDup__1                                |    70|
|42    |              \gen_xpm_memory_fifo.inst_fifo                                                    |sc_util_v1_0_4_xpm_memory_fifo__xdcDup__1                      |    70|
|43    |                \gen_mem_rep[0].inst_xpm_memory                                                 |xpm_memory_sdpram                                              |     4|
|44    |                  xpm_memory_base_inst                                                          |xpm_memory_base                                                |     4|
|45    |                \gen_mem_rep[0].inst_rd_addrb                                                   |sc_util_v1_0_4_counter__parameterized0_101                     |    14|
|46    |                \gen_mem_rep[0].inst_wr_addra                                                   |sc_util_v1_0_4_counter__parameterized0_102                     |    13|
|47    |                \gen_wr.inst_wr_addra_p1                                                        |sc_util_v1_0_4_counter__parameterized1_103                     |    29|
|48    |            \gen_normal_area.inst_fifo_node_payld                                               |sc_node_v1_0_10_fifo__parameterized0__xdcDup__1                |   225|
|49    |              \gen_xpm_memory_fifo.inst_fifo                                                    |sc_util_v1_0_4_xpm_memory_fifo__parameterized0__xdcDup__1      |   225|
|50    |                \gen_mem_rep[0].inst_xpm_memory                                                 |xpm_memory_sdpram__parameterized0                              |   169|
|51    |                  xpm_memory_base_inst                                                          |xpm_memory_base__parameterized0                                |   169|
|52    |                \gen_mem_rep[0].inst_rd_addrb                                                   |sc_util_v1_0_4_counter__parameterized0_98                      |    14|
|53    |                \gen_mem_rep[0].inst_wr_addra                                                   |sc_util_v1_0_4_counter__parameterized0_99                      |    13|
|54    |                \gen_wr.inst_wr_addra_p1                                                        |sc_util_v1_0_4_counter__parameterized1_100                     |    21|
|55    |            inst_ingress                                                                        |sc_node_v1_0_10_ingress                                        |     1|
|56    |              inst_pipeline_valid                                                               |sc_util_v1_0_4_pipeline_97                                     |     1|
|57    |          inst_si_handler                                                                       |sc_node_v1_0_10_si_handler                                     |    15|
|58    |            \gen_si_handler.gen_arbiter_rr_normal_area.inst_arbiter                             |sc_node_v1_0_10_arb_alg_rr_95                                  |     7|
|59    |            \gen_si_handler.gen_request_counters.gen_req_counter[0].inst_req_counter            |sc_util_v1_0_4_counter_96                                      |     7|
|60    |      m00_aw_node                                                                               |bd_c34f_m00awn_0                                               |   347|
|61    |        inst                                                                                    |sc_node_v1_0_10_top__parameterized0                            |   347|
|62    |          inst_mi_handler                                                                       |sc_node_v1_0_10_mi_handler__parameterized0                     |   299|
|63    |            \gen_normal_area.gen_node_prog_full.inst_node_prog_full                             |sc_node_v1_0_10_fifo__xdcDup__2                                |    70|
|64    |              \gen_xpm_memory_fifo.inst_fifo                                                    |sc_util_v1_0_4_xpm_memory_fifo__xdcDup__2                      |    70|
|65    |                \gen_mem_rep[0].inst_xpm_memory                                                 |xpm_memory_sdpram__8                                           |     4|
|66    |                  xpm_memory_base_inst                                                          |xpm_memory_base__8                                             |     4|
|67    |                \gen_mem_rep[0].inst_rd_addrb                                                   |sc_util_v1_0_4_counter__parameterized0_92                      |    14|
|68    |                \gen_mem_rep[0].inst_wr_addra                                                   |sc_util_v1_0_4_counter__parameterized0_93                      |    13|
|69    |                \gen_wr.inst_wr_addra_p1                                                        |sc_util_v1_0_4_counter__parameterized1_94                      |    29|
|70    |            \gen_normal_area.inst_fifo_node_payld                                               |sc_node_v1_0_10_fifo__parameterized0                           |   225|
|71    |              \gen_xpm_memory_fifo.inst_fifo                                                    |sc_util_v1_0_4_xpm_memory_fifo__parameterized0                 |   225|
|72    |                \gen_mem_rep[0].inst_xpm_memory                                                 |xpm_memory_sdpram__parameterized0__2                           |   169|
|73    |                  xpm_memory_base_inst                                                          |xpm_memory_base__parameterized0__2                             |   169|
|74    |                \gen_mem_rep[0].inst_rd_addrb                                                   |sc_util_v1_0_4_counter__parameterized0_89                      |    14|
|75    |                \gen_mem_rep[0].inst_wr_addra                                                   |sc_util_v1_0_4_counter__parameterized0_90                      |    13|
|76    |                \gen_wr.inst_wr_addra_p1                                                        |sc_util_v1_0_4_counter__parameterized1_91                      |    21|
|77    |            inst_ingress                                                                        |sc_node_v1_0_10_ingress__parameterized0                        |     2|
|78    |              inst_pipeline_recv                                                                |sc_util_v1_0_4_pipeline__parameterized3_87                     |     1|
|79    |              inst_pipeline_valid                                                               |sc_util_v1_0_4_pipeline_88                                     |     1|
|80    |          inst_si_handler                                                                       |sc_node_v1_0_10_si_handler__parameterized0                     |    44|
|81    |            \gen_m_axis_arb_fifo.inst_axis_arb_fifo                                             |sc_util_v1_0_4_axic_reg_srl_fifo__parameterized1               |    33|
|82    |              \gen_srls[1].srl_nx1                                                              |sc_util_v1_0_4_srl_rtl_86                                      |     2|
|83    |            \gen_si_handler.gen_arbiter_rr_normal_area.inst_arbiter                             |sc_node_v1_0_10_arb_alg_rr                                     |     4|
|84    |            \gen_si_handler.gen_request_counters.gen_req_counter[1].inst_req_counter            |sc_util_v1_0_4_counter                                         |     6|
|85    |      m00_b_node                                                                                |bd_c34f_m00bn_0                                                |   177|
|86    |        inst                                                                                    |sc_node_v1_0_10_top__parameterized1                            |   177|
|87    |          inst_mi_handler                                                                       |sc_node_v1_0_10_mi_handler__parameterized1                     |   170|
|88    |            \gen_normal_area.gen_fifo_req.inst_fifo_req                                         |sc_node_v1_0_10_fifo__parameterized1__xdcDup__1                |    77|
|89    |              \gen_xpm_memory_fifo.inst_fifo                                                    |sc_util_v1_0_4_xpm_memory_fifo__parameterized1__xdcDup__1      |    77|
|90    |                \gen_mem_rep[0].inst_xpm_memory                                                 |xpm_memory_sdpram__parameterized1                              |    22|
|91    |                  xpm_memory_base_inst                                                          |xpm_memory_base__parameterized1                                |    22|
|92    |                \gen_mem_rep[0].inst_rd_addrb                                                   |sc_util_v1_0_4_counter__parameterized0_83                      |    14|
|93    |                \gen_mem_rep[0].inst_wr_addra                                                   |sc_util_v1_0_4_counter__parameterized0_84                      |    13|
|94    |                \gen_wr.inst_wr_addra_p1                                                        |sc_util_v1_0_4_counter__parameterized1_85                      |    21|
|95    |            \gen_normal_area.inst_fifo_node_payld                                               |sc_node_v1_0_10_fifo__parameterized2                           |    74|
|96    |              \gen_xpm_memory_fifo.inst_fifo                                                    |sc_util_v1_0_4_xpm_memory_fifo__parameterized2                 |    74|
|97    |                \gen_mem_rep[0].inst_xpm_memory                                                 |xpm_memory_sdpram__parameterized2                              |     8|
|98    |                  xpm_memory_base_inst                                                          |xpm_memory_base__parameterized2                                |     8|
|99    |                \gen_mem_rep[0].inst_rd_addrb                                                   |sc_util_v1_0_4_counter__parameterized0_80                      |    14|
|100   |                \gen_mem_rep[0].inst_wr_addra                                                   |sc_util_v1_0_4_counter__parameterized0_81                      |    13|
|101   |                \gen_wr.inst_wr_addra_p1                                                        |sc_util_v1_0_4_counter__parameterized1_82                      |    29|
|102   |            \gen_normal_area.inst_fifo_send                                                     |sc_node_v1_0_10_reg_slice3__parameterized0_79                  |    17|
|103   |          inst_si_handler                                                                       |sc_node_v1_0_10_si_handler__parameterized1_77                  |     3|
|104   |            inst_arb_stall_late                                                                 |sc_util_v1_0_4_pipeline_78                                     |     3|
|105   |      m00_r_node                                                                                |bd_c34f_m00rn_0                                                |   330|
|106   |        inst                                                                                    |sc_node_v1_0_10_top__parameterized2                            |   330|
|107   |          inst_mi_handler                                                                       |sc_node_v1_0_10_mi_handler__parameterized2                     |   323|
|108   |            \gen_normal_area.gen_fifo_req.inst_fifo_req                                         |sc_node_v1_0_10_fifo__parameterized1                           |    78|
|109   |              \gen_xpm_memory_fifo.inst_fifo                                                    |sc_util_v1_0_4_xpm_memory_fifo__parameterized1                 |    78|
|110   |                \gen_mem_rep[0].inst_xpm_memory                                                 |xpm_memory_sdpram__parameterized1__2                           |    22|
|111   |                  xpm_memory_base_inst                                                          |xpm_memory_base__parameterized1__2                             |    22|
|112   |                \gen_mem_rep[0].inst_rd_addrb                                                   |sc_util_v1_0_4_counter__parameterized0_74                      |    14|
|113   |                \gen_mem_rep[0].inst_wr_addra                                                   |sc_util_v1_0_4_counter__parameterized0_75                      |    13|
|114   |                \gen_wr.inst_wr_addra_p1                                                        |sc_util_v1_0_4_counter__parameterized1_76                      |    21|
|115   |            \gen_normal_area.inst_fifo_node_payld                                               |sc_node_v1_0_10_fifo__parameterized3                           |   226|
|116   |              \gen_xpm_memory_fifo.inst_fifo                                                    |sc_util_v1_0_4_xpm_memory_fifo__parameterized3                 |   226|
|117   |                \gen_mem_rep[0].inst_xpm_memory                                                 |xpm_memory_sdpram__parameterized3                              |   160|
|118   |                  xpm_memory_base_inst                                                          |xpm_memory_base__parameterized3                                |   160|
|119   |                \gen_mem_rep[0].inst_rd_addrb                                                   |sc_util_v1_0_4_counter__parameterized0_71                      |    14|
|120   |                \gen_mem_rep[0].inst_wr_addra                                                   |sc_util_v1_0_4_counter__parameterized0_72                      |    13|
|121   |                \gen_wr.inst_wr_addra_p1                                                        |sc_util_v1_0_4_counter__parameterized1_73                      |    29|
|122   |            \gen_normal_area.inst_fifo_send                                                     |sc_node_v1_0_10_reg_slice3__parameterized0                     |    17|
|123   |          inst_si_handler                                                                       |sc_node_v1_0_10_si_handler__parameterized2_69                  |     3|
|124   |            inst_arb_stall_late                                                                 |sc_util_v1_0_4_pipeline_70                                     |     3|
|125   |      m00_w_node                                                                                |bd_c34f_m00wn_0                                                |   373|
|126   |        inst                                                                                    |sc_node_v1_0_10_top__parameterized3                            |   373|
|127   |          inst_mi_handler                                                                       |sc_node_v1_0_10_mi_handler__parameterized3                     |   324|
|128   |            \gen_normal_area.gen_node_prog_full.inst_node_prog_full                             |sc_node_v1_0_10_fifo__xdcDup__3                                |    71|
|129   |              \gen_xpm_memory_fifo.inst_fifo                                                    |sc_util_v1_0_4_xpm_memory_fifo__xdcDup__3                      |    71|
|130   |                \gen_mem_rep[0].inst_xpm_memory                                                 |xpm_memory_sdpram__7                                           |     4|
|131   |                  xpm_memory_base_inst                                                          |xpm_memory_base__7                                             |     4|
|132   |                \gen_mem_rep[0].inst_rd_addrb                                                   |sc_util_v1_0_4_counter__parameterized0_66                      |    14|
|133   |                \gen_mem_rep[0].inst_wr_addra                                                   |sc_util_v1_0_4_counter__parameterized0_67                      |    13|
|134   |                \gen_wr.inst_wr_addra_p1                                                        |sc_util_v1_0_4_counter__parameterized1_68                      |    30|
|135   |            \gen_normal_area.inst_fifo_node_payld                                               |sc_node_v1_0_10_fifo__parameterized5                           |   249|
|136   |              \gen_xpm_memory_fifo.inst_fifo                                                    |sc_util_v1_0_4_xpm_memory_fifo__parameterized5                 |   249|
|137   |                \gen_mem_rep[0].inst_xpm_memory                                                 |xpm_memory_sdpram__parameterized5                              |   192|
|138   |                  xpm_memory_base_inst                                                          |xpm_memory_base__parameterized5                                |   192|
|139   |                \gen_mem_rep[0].inst_rd_addrb                                                   |sc_util_v1_0_4_counter__parameterized0_63                      |    14|
|140   |                \gen_mem_rep[0].inst_wr_addra                                                   |sc_util_v1_0_4_counter__parameterized0_64                      |    13|
|141   |                \gen_wr.inst_wr_addra_p1                                                        |sc_util_v1_0_4_counter__parameterized1_65                      |    21|
|142   |            inst_ingress                                                                        |sc_node_v1_0_10_ingress__parameterized3                        |     2|
|143   |              inst_pipeline_recv                                                                |sc_util_v1_0_4_pipeline__parameterized3                        |     1|
|144   |              inst_pipeline_valid                                                               |sc_util_v1_0_4_pipeline_62                                     |     1|
|145   |          inst_si_handler                                                                       |sc_node_v1_0_10_si_handler__parameterized3                     |    45|
|146   |            \gen_si_handler.gen_axis_packet_slave_normal_area.inst_allow_transfer_late          |sc_util_v1_0_4_pipeline_60                                     |     2|
|147   |            \gen_si_handler.gen_request_fifos.gen_req_fifo[0].inst_req_fifo                     |sc_node_v1_0_10_fifo__parameterized4__xdcDup__1                |    12|
|148   |              \gen_xpm_memory_fifo.inst_fifo                                                    |sc_util_v1_0_4_xpm_memory_fifo__parameterized4__xdcDup__1      |    12|
|149   |                \gen_mem_rep[0].inst_xpm_memory                                                 |xpm_memory_sdpram__parameterized4                              |     2|
|150   |                  xpm_memory_base_inst                                                          |xpm_memory_base__parameterized4                                |     2|
|151   |            \gen_si_handler.gen_request_fifos.gen_req_fifo[1].inst_req_fifo                     |sc_node_v1_0_10_fifo__parameterized4                           |    30|
|152   |              \gen_xpm_memory_fifo.inst_fifo                                                    |sc_util_v1_0_4_xpm_memory_fifo__parameterized4                 |    30|
|153   |                \gen_mem_rep[0].inst_xpm_memory                                                 |xpm_memory_sdpram__parameterized4__2                           |     2|
|154   |                  xpm_memory_base_inst                                                          |xpm_memory_base__parameterized4__2                             |     2|
|155   |                \gen_mem_rep[0].inst_rd_addrb                                                   |sc_util_v1_0_4_counter__parameterized3                         |     6|
|156   |                \gen_mem_rep[0].inst_wr_addra                                                   |sc_util_v1_0_4_counter__parameterized3_61                      |     6|
|157   |                \gen_wr.inst_wr_addra_p1                                                        |sc_util_v1_0_4_counter__parameterized4                         |    10|
|158   |    s00_entry_pipeline                                                                          |s00_entry_pipeline_imp_HVOMCC                                  |   740|
|159   |      s00_mmu                                                                                   |bd_c34f_s00mmu_0                                               |   548|
|160   |        inst                                                                                    |sc_mmu_v1_0_7_top                                              |   548|
|161   |          ar_reg_stall                                                                          |sc_util_v1_0_4_axi_reg_stall_56                                |   185|
|162   |          ar_sreg                                                                               |sc_util_v1_0_4_axi_reg_stall_57                                |   197|
|163   |          \gen_endpoint.decerr_slave_inst                                                       |sc_mmu_v1_0_7_decerr_slave_58                                  |    32|
|164   |          r_sreg                                                                                |sc_util_v1_0_4_axi_reg_stall_59                                |   119|
|165   |      s00_si_converter                                                                          |bd_c34f_s00sic_0                                               |    14|
|166   |        inst                                                                                    |sc_si_converter_v1_0_7_top                                     |    14|
|167   |      s00_transaction_regulator                                                                 |bd_c34f_s00tr_0                                                |   178|
|168   |        inst                                                                                    |sc_transaction_regulator_v1_0_8_top                            |   178|
|169   |          \gen_endpoint.gen_r_singleorder.r_singleorder                                         |sc_transaction_regulator_v1_0_8_singleorder__parameterized0_54 |   176|
|170   |            \gen_cmd_reg.cmd_reg                                                                |sc_util_v1_0_4_axi_reg_stall_55                                |   176|
|171   |    s00_nodes                                                                                   |s00_nodes_imp_NSWQO6                                           |   679|
|172   |      s00_ar_node                                                                               |bd_c34f_sarn_0                                                 |   309|
|173   |        inst                                                                                    |sc_node_v1_0_10_top__parameterized4                            |   309|
|174   |          inst_mi_handler                                                                       |sc_node_v1_0_10_mi_handler__parameterized4                     |   302|
|175   |            \gen_normal_area.gen_fifo_req.inst_fifo_req                                         |sc_node_v1_0_10_fifo__parameterized6__xdcDup__1                |    76|
|176   |              \gen_xpm_memory_fifo.inst_fifo                                                    |sc_util_v1_0_4_xpm_memory_fifo__parameterized6__xdcDup__1      |    76|
|177   |                \gen_mem_rep[0].inst_xpm_memory                                                 |xpm_memory_sdpram__parameterized6                              |    21|
|178   |                  xpm_memory_base_inst                                                          |xpm_memory_base__parameterized6                                |    21|
|179   |                \gen_mem_rep[0].inst_rd_addrb                                                   |sc_util_v1_0_4_counter__parameterized0_51                      |    14|
|180   |                \gen_mem_rep[0].inst_wr_addra                                                   |sc_util_v1_0_4_counter__parameterized0_52                      |    13|
|181   |                \gen_wr.inst_wr_addra_p1                                                        |sc_util_v1_0_4_counter__parameterized1_53                      |    21|
|182   |            \gen_normal_area.inst_fifo_node_payld                                               |sc_node_v1_0_10_fifo__parameterized7__xdcDup__1                |   215|
|183   |              \gen_xpm_memory_fifo.inst_fifo                                                    |sc_util_v1_0_4_xpm_memory_fifo__parameterized7__xdcDup__1      |   215|
|184   |                \gen_mem_rep[0].inst_xpm_memory                                                 |xpm_memory_sdpram__parameterized7                              |   149|
|185   |                  xpm_memory_base_inst                                                          |xpm_memory_base__parameterized7                                |   149|
|186   |                \gen_mem_rep[0].inst_rd_addrb                                                   |sc_util_v1_0_4_counter__parameterized0_48                      |    14|
|187   |                \gen_mem_rep[0].inst_wr_addra                                                   |sc_util_v1_0_4_counter__parameterized0_49                      |    13|
|188   |                \gen_wr.inst_wr_addra_p1                                                        |sc_util_v1_0_4_counter__parameterized1_50                      |    29|
|189   |            \gen_normal_area.inst_fifo_send                                                     |sc_node_v1_0_10_reg_slice3__parameterized1_47                  |     9|
|190   |          inst_si_handler                                                                       |sc_node_v1_0_10_si_handler__parameterized4                     |     3|
|191   |            inst_arb_stall_late                                                                 |sc_util_v1_0_4_pipeline_46                                     |     3|
|192   |      s00_r_node                                                                                |bd_c34f_srn_0                                                  |   370|
|193   |        inst                                                                                    |sc_node_v1_0_10_top__parameterized5                            |   370|
|194   |          inst_mi_handler                                                                       |sc_node_v1_0_10_mi_handler__parameterized5                     |   363|
|195   |            \gen_normal_area.gen_downsizer.inst_downsizer                                       |sc_node_v1_0_10_downsizer                                      |     9|
|196   |            \gen_normal_area.gen_node_prog_full.inst_node_prog_full                             |sc_node_v1_0_10_fifo__xdcDup__4                                |    74|
|197   |              \gen_xpm_memory_fifo.inst_fifo                                                    |sc_util_v1_0_4_xpm_memory_fifo__xdcDup__4                      |    74|
|198   |                \gen_mem_rep[0].inst_xpm_memory                                                 |xpm_memory_sdpram__6                                           |     4|
|199   |                  xpm_memory_base_inst                                                          |xpm_memory_base__6                                             |     4|
|200   |                \gen_mem_rep[0].inst_rd_addrb                                                   |sc_util_v1_0_4_counter__parameterized0_43                      |    14|
|201   |                \gen_mem_rep[0].inst_wr_addra                                                   |sc_util_v1_0_4_counter__parameterized0_44                      |    13|
|202   |                \gen_wr.inst_wr_addra_p1                                                        |sc_util_v1_0_4_counter__parameterized1_45                      |    32|
|203   |            \gen_normal_area.inst_fifo_node_payld                                               |sc_node_v1_0_10_fifo__parameterized8                           |   277|
|204   |              \gen_xpm_memory_fifo.inst_fifo                                                    |sc_util_v1_0_4_xpm_memory_fifo__parameterized8                 |   277|
|205   |                \gen_mem_rep[0].inst_xpm_memory                                                 |xpm_memory_sdpram__parameterized8                              |   180|
|206   |                  xpm_memory_base_inst                                                          |xpm_memory_base__parameterized8                                |   180|
|207   |                \gen_mem_rep[0].inst_rd_addrb                                                   |sc_util_v1_0_4_counter__parameterized0_40                      |    14|
|208   |                \gen_mem_rep[0].inst_wr_addra                                                   |sc_util_v1_0_4_counter__parameterized0_41                      |    13|
|209   |                \gen_wr.inst_wr_addra_p1                                                        |sc_util_v1_0_4_counter__parameterized1_42                      |    21|
|210   |            inst_ingress                                                                        |sc_node_v1_0_10_ingress__parameterized5                        |     1|
|211   |              inst_pipeline_valid                                                               |sc_util_v1_0_4_pipeline_39                                     |     1|
|212   |          inst_si_handler                                                                       |sc_node_v1_0_10_si_handler__parameterized2                     |     3|
|213   |            inst_arb_stall_late                                                                 |sc_util_v1_0_4_pipeline_38                                     |     3|
|214   |    s01_entry_pipeline                                                                          |s01_entry_pipeline_imp_1ORNAO8                                 |   856|
|215   |      s01_mmu                                                                                   |bd_c34f_s01mmu_0                                               |   572|
|216   |        inst                                                                                    |sc_mmu_v1_0_7_top__parameterized0                              |   572|
|217   |          aw_reg_stall                                                                          |sc_util_v1_0_4_axi_reg_stall_34                                |   181|
|218   |          aw_sreg                                                                               |sc_util_v1_0_4_axi_reg_stall_35                                |   203|
|219   |          b_sreg                                                                                |sc_util_v1_0_4_axi_reg_stall_36                                |    21|
|220   |          \gen_endpoint.decerr_slave_inst                                                       |sc_mmu_v1_0_7_decerr_slave                                     |    16|
|221   |          w_sreg                                                                                |sc_util_v1_0_4_axi_reg_stall_37                                |   127|
|222   |      s01_si_converter                                                                          |bd_c34f_s01sic_0                                               |   106|
|223   |        inst                                                                                    |sc_si_converter_v1_0_7_top__parameterized0                     |   106|
|224   |          splitter_inst                                                                         |sc_si_converter_v1_0_7_splitter                                |    96|
|225   |            \gen_no_wsplitter.gen_endpoint_woffset.gen_wbypass_offset_fifo.wbypass_offset_fifo  |sc_util_v1_0_4_axic_reg_srl_fifo__parameterized2               |    95|
|226   |              \gen_srls[0].srl_nx1                                                              |sc_util_v1_0_4_srl_rtl                                         |     1|
|227   |              \gen_srls[10].srl_nx1                                                             |sc_util_v1_0_4_srl_rtl_21                                      |     2|
|228   |              \gen_srls[11].srl_nx1                                                             |sc_util_v1_0_4_srl_rtl_22                                      |     2|
|229   |              \gen_srls[12].srl_nx1                                                             |sc_util_v1_0_4_srl_rtl_23                                      |     2|
|230   |              \gen_srls[13].srl_nx1                                                             |sc_util_v1_0_4_srl_rtl_24                                      |     3|
|231   |              \gen_srls[1].srl_nx1                                                              |sc_util_v1_0_4_srl_rtl_25                                      |     1|
|232   |              \gen_srls[2].srl_nx1                                                              |sc_util_v1_0_4_srl_rtl_26                                      |     3|
|233   |              \gen_srls[3].srl_nx1                                                              |sc_util_v1_0_4_srl_rtl_27                                      |     3|
|234   |              \gen_srls[4].srl_nx1                                                              |sc_util_v1_0_4_srl_rtl_28                                      |     3|
|235   |              \gen_srls[5].srl_nx1                                                              |sc_util_v1_0_4_srl_rtl_29                                      |     4|
|236   |              \gen_srls[6].srl_nx1                                                              |sc_util_v1_0_4_srl_rtl_30                                      |     3|
|237   |              \gen_srls[7].srl_nx1                                                              |sc_util_v1_0_4_srl_rtl_31                                      |     2|
|238   |              \gen_srls[8].srl_nx1                                                              |sc_util_v1_0_4_srl_rtl_32                                      |     2|
|239   |              \gen_srls[9].srl_nx1                                                              |sc_util_v1_0_4_srl_rtl_33                                      |     2|
|240   |      s01_transaction_regulator                                                                 |bd_c34f_s01tr_0                                                |   178|
|241   |        inst                                                                                    |sc_transaction_regulator_v1_0_8_top__parameterized0            |   178|
|242   |          \gen_endpoint.gen_w_singleorder.w_singleorder                                         |sc_transaction_regulator_v1_0_8_singleorder__parameterized0    |   176|
|243   |            \gen_cmd_reg.cmd_reg                                                                |sc_util_v1_0_4_axi_reg_stall                                   |   176|
|244   |    s01_nodes                                                                                   |s01_nodes_imp_1JPHAWG                                          |  1029|
|245   |      s01_aw_node                                                                               |bd_c34f_sawn_0                                                 |   309|
|246   |        inst                                                                                    |sc_node_v1_0_10_top__parameterized6                            |   309|
|247   |          inst_mi_handler                                                                       |sc_node_v1_0_10_mi_handler__parameterized6                     |   302|
|248   |            \gen_normal_area.gen_fifo_req.inst_fifo_req                                         |sc_node_v1_0_10_fifo__parameterized6                           |    76|
|249   |              \gen_xpm_memory_fifo.inst_fifo                                                    |sc_util_v1_0_4_xpm_memory_fifo__parameterized6                 |    76|
|250   |                \gen_mem_rep[0].inst_xpm_memory                                                 |xpm_memory_sdpram__parameterized6__3                           |    21|
|251   |                  xpm_memory_base_inst                                                          |xpm_memory_base__parameterized6__3                             |    21|
|252   |                \gen_mem_rep[0].inst_rd_addrb                                                   |sc_util_v1_0_4_counter__parameterized0_18                      |    14|
|253   |                \gen_mem_rep[0].inst_wr_addra                                                   |sc_util_v1_0_4_counter__parameterized0_19                      |    13|
|254   |                \gen_wr.inst_wr_addra_p1                                                        |sc_util_v1_0_4_counter__parameterized1_20                      |    21|
|255   |            \gen_normal_area.inst_fifo_node_payld                                               |sc_node_v1_0_10_fifo__parameterized7                           |   215|
|256   |              \gen_xpm_memory_fifo.inst_fifo                                                    |sc_util_v1_0_4_xpm_memory_fifo__parameterized7                 |   215|
|257   |                \gen_mem_rep[0].inst_xpm_memory                                                 |xpm_memory_sdpram__parameterized7__2                           |   149|
|258   |                  xpm_memory_base_inst                                                          |xpm_memory_base__parameterized7__2                             |   149|
|259   |                \gen_mem_rep[0].inst_rd_addrb                                                   |sc_util_v1_0_4_counter__parameterized0_15                      |    14|
|260   |                \gen_mem_rep[0].inst_wr_addra                                                   |sc_util_v1_0_4_counter__parameterized0_16                      |    13|
|261   |                \gen_wr.inst_wr_addra_p1                                                        |sc_util_v1_0_4_counter__parameterized1_17                      |    29|
|262   |            \gen_normal_area.inst_fifo_send                                                     |sc_node_v1_0_10_reg_slice3__parameterized1_14                  |     9|
|263   |          inst_si_handler                                                                       |sc_node_v1_0_10_si_handler__parameterized5                     |     3|
|264   |            inst_arb_stall_late                                                                 |sc_util_v1_0_4_pipeline_13                                     |     3|
|265   |      s01_b_node                                                                                |bd_c34f_sbn_0                                                  |   164|
|266   |        inst                                                                                    |sc_node_v1_0_10_top__parameterized7                            |   164|
|267   |          inst_mi_handler                                                                       |sc_node_v1_0_10_mi_handler__parameterized7                     |   157|
|268   |            \gen_normal_area.gen_node_prog_full.inst_node_prog_full                             |sc_node_v1_0_10_fifo                                           |    70|
|269   |              \gen_xpm_memory_fifo.inst_fifo                                                    |sc_util_v1_0_4_xpm_memory_fifo                                 |    70|
|270   |                \gen_mem_rep[0].inst_xpm_memory                                                 |xpm_memory_sdpram__5                                           |     4|
|271   |                  xpm_memory_base_inst                                                          |xpm_memory_base__5                                             |     4|
|272   |                \gen_mem_rep[0].inst_rd_addrb                                                   |sc_util_v1_0_4_counter__parameterized0_10                      |    14|
|273   |                \gen_mem_rep[0].inst_wr_addra                                                   |sc_util_v1_0_4_counter__parameterized0_11                      |    13|
|274   |                \gen_wr.inst_wr_addra_p1                                                        |sc_util_v1_0_4_counter__parameterized1_12                      |    29|
|275   |            \gen_normal_area.inst_fifo_node_payld                                               |sc_node_v1_0_10_fifo__parameterized9                           |    84|
|276   |              \gen_xpm_memory_fifo.inst_fifo                                                    |sc_util_v1_0_4_xpm_memory_fifo__parameterized9                 |    84|
|277   |                \gen_mem_rep[0].inst_xpm_memory                                                 |xpm_memory_sdpram__parameterized9                              |    27|
|278   |                  xpm_memory_base_inst                                                          |xpm_memory_base__parameterized9                                |    27|
|279   |                \gen_mem_rep[0].inst_rd_addrb                                                   |sc_util_v1_0_4_counter__parameterized0_7                       |    14|
|280   |                \gen_mem_rep[0].inst_wr_addra                                                   |sc_util_v1_0_4_counter__parameterized0_8                       |    13|
|281   |                \gen_wr.inst_wr_addra_p1                                                        |sc_util_v1_0_4_counter__parameterized1_9                       |    21|
|282   |            inst_ingress                                                                        |sc_node_v1_0_10_ingress__parameterized7                        |     1|
|283   |              inst_pipeline_valid                                                               |sc_util_v1_0_4_pipeline_6                                      |     1|
|284   |          inst_si_handler                                                                       |sc_node_v1_0_10_si_handler__parameterized1                     |     3|
|285   |            inst_arb_stall_late                                                                 |sc_util_v1_0_4_pipeline_5                                      |     3|
|286   |      s01_w_node                                                                                |bd_c34f_swn_0                                                  |   556|
|287   |        inst                                                                                    |sc_node_v1_0_10_top__parameterized8                            |   556|
|288   |          inst_mi_handler                                                                       |sc_node_v1_0_10_mi_handler__parameterized8                     |   546|
|289   |            \gen_normal_area.gen_fi_regulator.inst_fi_regulator                                 |sc_node_v1_0_10_fi_regulator                                   |     4|
|290   |            \gen_normal_area.gen_fifo_req.inst_fifo_req                                         |sc_node_v1_0_10_fifo__parameterized10                          |    76|
|291   |              \gen_xpm_memory_fifo.inst_fifo                                                    |sc_util_v1_0_4_xpm_memory_fifo__parameterized10                |    76|
|292   |                \gen_mem_rep[0].inst_xpm_memory                                                 |xpm_memory_sdpram__parameterized6__2                           |    21|
|293   |                  xpm_memory_base_inst                                                          |xpm_memory_base__parameterized6__2                             |    21|
|294   |                \gen_mem_rep[0].inst_rd_addrb                                                   |sc_util_v1_0_4_counter__parameterized0_2                       |    14|
|295   |                \gen_mem_rep[0].inst_wr_addra                                                   |sc_util_v1_0_4_counter__parameterized0_3                       |    13|
|296   |                \gen_wr.inst_wr_addra_p1                                                        |sc_util_v1_0_4_counter__parameterized1_4                       |    21|
|297   |            \gen_normal_area.gen_upsizer.inst_upsizer                                           |sc_node_v1_0_10_upsizer                                        |   215|
|298   |              inst_upsizer_target_pipeline                                                      |sc_util_v1_0_4_pipeline__parameterized8                        |     6|
|299   |            \gen_normal_area.inst_fifo_node_payld                                               |sc_node_v1_0_10_fifo__parameterized11                          |   240|
|300   |              \gen_xpm_memory_fifo.inst_fifo                                                    |sc_util_v1_0_4_xpm_memory_fifo__parameterized11                |   240|
|301   |                \gen_mem_rep[0].inst_xpm_memory                                                 |xpm_memory_sdpram__parameterized10                             |   173|
|302   |                  xpm_memory_base_inst                                                          |xpm_memory_base__parameterized10                               |   173|
|303   |                \gen_mem_rep[0].inst_rd_addrb                                                   |sc_util_v1_0_4_counter__parameterized0                         |    14|
|304   |                \gen_mem_rep[0].inst_wr_addra                                                   |sc_util_v1_0_4_counter__parameterized0_1                       |    13|
|305   |                \gen_wr.inst_wr_addra_p1                                                        |sc_util_v1_0_4_counter__parameterized1                         |    31|
|306   |            \gen_normal_area.inst_fifo_send                                                     |sc_node_v1_0_10_reg_slice3__parameterized1                     |     9|
|307   |          inst_si_handler                                                                       |sc_node_v1_0_10_si_handler__parameterized6                     |     6|
|308   |            inst_arb_stall_late                                                                 |sc_util_v1_0_4_pipeline                                        |     6|
|309   |    switchboards                                                                                |switchboards_imp_H9Q58Y                                        |   587|
|310   |      ar_switchboard                                                                            |bd_c34f_arsw_0                                                 |   137|
|311   |        inst                                                                                    |sc_switchboard_v1_0_6_top                                      |   137|
|312   |          \gen_mi[0].inst_opipe_payld                                                           |sc_util_v1_0_4_pipeline__parameterized11_0                     |   137|
|313   |      aw_switchboard                                                                            |bd_c34f_awsw_0                                                 |   138|
|314   |        inst                                                                                    |sc_switchboard_v1_0_6_top__1                                   |   138|
|315   |          \gen_mi[0].inst_opipe_payld                                                           |sc_util_v1_0_4_pipeline__parameterized11                       |   138|
|316   |      b_switchboard                                                                             |bd_c34f_bsw_0                                                  |     5|
|317   |        inst                                                                                    |sc_switchboard_v1_0_6_top__parameterized0                      |     5|
|318   |          \gen_mi[1].inst_opipe_payld                                                           |sc_util_v1_0_4_pipeline__parameterized13                       |     5|
|319   |      r_switchboard                                                                             |bd_c34f_rsw_0                                                  |   147|
|320   |        inst                                                                                    |sc_switchboard_v1_0_6_top__parameterized1                      |   147|
|321   |          \gen_mi[0].inst_opipe_payld                                                           |sc_util_v1_0_4_pipeline__parameterized15                       |   147|
|322   |      w_switchboard                                                                             |bd_c34f_wsw_0                                                  |   160|
|323   |        inst                                                                                    |sc_switchboard_v1_0_6_top__parameterized2                      |   160|
|324   |          \gen_mi[0].inst_opipe_payld                                                           |sc_util_v1_0_4_pipeline__parameterized17                       |   160|
+------+------------------------------------------------------------------------------------------------+---------------------------------------------------------------+------+
---------------------------------------------------------------------------------
Finished Writing Synthesis Report : Time (s): cpu = 00:03:16 ; elapsed = 00:03:24 . Memory (MB): peak = 2264.957 ; gain = 1972.539
---------------------------------------------------------------------------------
Synthesis finished with 0 errors, 0 critical warnings and 4102 warnings.
Synthesis Optimization Runtime : Time (s): cpu = 00:02:02 ; elapsed = 00:02:35 . Memory (MB): peak = 2264.957 ; gain = 461.047
Synthesis Optimization Complete : Time (s): cpu = 00:03:16 ; elapsed = 00:03:24 . Memory (MB): peak = 2264.957 ; gain = 1972.539
INFO: [Project 1-571] Translating synthesized netlist
INFO: [Netlist 29-17] Analyzing 117 Unisim elements for replacement
INFO: [Netlist 29-28] Unisim Transformation completed in 1 CPU seconds
INFO: [Project 1-570] Preparing netlist for logic optimization
INFO: [Opt 31-138] Pushed 0 inverter(s) to 0 load pin(s).
Netlist sorting complete. Time (s): cpu = 00:00:00 ; elapsed = 00:00:00.005 . Memory (MB): peak = 2280.117 ; gain = 0.000
INFO: [Project 1-111] Unisim Transformation Summary:
  A total of 117 instances were transformed.
  FDR => FDRE: 4 instances
  RAM16X1D => RAM32X1D (RAMD32, RAMD32): 2 instances
  RAM32M16 => RAM32M16 (RAMD32, RAMD32, RAMD32, RAMD32, RAMD32, RAMD32, RAMD32, RAMD32, RAMD32, RAMD32, RAMD32, RAMD32, RAMD32, RAMD32, RAMS32, RAMS32): 105 instances
  RAM32X1D => RAM32X1D (RAMD32, RAMD32): 5 instances
  SRL16 => SRL16E: 1 instances

INFO: [Common 17-83] Releasing license: Synthesis
583 Infos, 127 Warnings, 0 Critical Warnings and 0 Errors encountered.
synth_design completed successfully
synth_design: Time (s): cpu = 00:03:24 ; elapsed = 00:03:33 . Memory (MB): peak = 2280.117 ; gain = 1994.426
Netlist sorting complete. Time (s): cpu = 00:00:00 ; elapsed = 00:00:00.010 . Memory (MB): peak = 2280.117 ; gain = 0.000
WARNING: [Constraints 18-5210] No constraints selected for write.
Resolution: This message can indicate that there are no constraints for the design, or it can indicate that the used_in flags are set such that the constraints are ignored. This later case is used when running synth_design to not write synthesis constraints to the resulting checkpoint. Instead, project constraints are read when the synthesized design is opened.
INFO: [Common 17-1381] The checkpoint 'C:/Users/mcrye/Downloads/bladei_bse_zcu104/bladei_bse_zcu104.runs/bse_smartconnect_0_0_synth_1/bse_smartconnect_0_0.dcp' has been generated.
INFO: [Coretcl 2-1648] Added synthesis output to IP cache for IP bse_smartconnect_0_0, cache-ID = b6d1bf7c3ead4b9a
INFO: [Coretcl 2-1174] Renamed 323 cell refs.
Netlist sorting complete. Time (s): cpu = 00:00:00 ; elapsed = 00:00:00.011 . Memory (MB): peak = 2280.117 ; gain = 0.000
WARNING: [Constraints 18-5210] No constraints selected for write.
Resolution: This message can indicate that there are no constraints for the design, or it can indicate that the used_in flags are set such that the constraints are ignored. This later case is used when running synth_design to not write synthesis constraints to the resulting checkpoint. Instead, project constraints are read when the synthesized design is opened.
INFO: [Common 17-1381] The checkpoint 'C:/Users/mcrye/Downloads/bladei_bse_zcu104/bladei_bse_zcu104.runs/bse_smartconnect_0_0_synth_1/bse_smartconnect_0_0.dcp' has been generated.
INFO: [runtcl-4] Executing : report_utilization -file bse_smartconnect_0_0_utilization_synth.rpt -pb bse_smartconnect_0_0_utilization_synth.pb
INFO: [Common 17-206] Exiting Vivado at Mon May 11 08:21:20 2026...
