Copyright 1986-2018 Xilinx, Inc. All Rights Reserved.
-------------------------------------------------------------------------------------------------------------------------------------------------------------------------------------------------------------
| Tool Version      : Vivado v.2018.3 (win64) Build 2405991 Thu Dec  6 23:38:27 MST 2018
| Date              : Sat Jun 27 09:25:07 2026
| Host              : DESKTOP-6JDSJ0D running 64-bit major release  (build 9200)
| Command           : report_timing_summary -max_paths 10 -file bse_wrapper_timing_summary_routed.rpt -pb bse_wrapper_timing_summary_routed.pb -rpx bse_wrapper_timing_summary_routed.rpx -warn_on_violation
| Design            : bse_wrapper
| Device            : xczu7ev-ffvc1156
| Speed File        : -2  PRODUCTION 1.23 10-29-2018
| Temperature Grade : E
-------------------------------------------------------------------------------------------------------------------------------------------------------------------------------------------------------------

Timing Summary Report

------------------------------------------------------------------------------------------------
| Timer Settings
| --------------
------------------------------------------------------------------------------------------------

  Enable Multi Corner Analysis               :  Yes
  Enable Pessimism Removal                   :  Yes
  Pessimism Removal Resolution               :  Nearest Common Node
  Enable Input Delay Default Clock           :  No
  Enable Preset / Clear Arcs                 :  No
  Disable Flight Delays                      :  No
  Ignore I/O Paths                           :  No
  Timing Early Launch at Borrowing Latches   :  false

  Corner  Analyze    Analyze    
  Name    Max Paths  Min Paths  
  ------  ---------  ---------  
  Slow    Yes        Yes        
  Fast    Yes        Yes        



check_timing report

Table of Contents
-----------------
1. checking no_clock
2. checking constant_clock
3. checking pulse_width_clock
4. checking unconstrained_internal_endpoints
5. checking no_input_delay
6. checking no_output_delay
7. checking multiple_clock
8. checking generated_clocks
9. checking loops
10. checking partial_input_delay
11. checking partial_output_delay
12. checking latch_loops

1. checking no_clock
--------------------
 There are 0 register/latch pins with no clock.


2. checking constant_clock
--------------------------
 There are 0 register/latch pins with constant_clock.


3. checking pulse_width_clock
-----------------------------
 There are 0 register/latch pins which need pulse_width check


4. checking unconstrained_internal_endpoints
--------------------------------------------
 There are 0 pins that are not constrained for maximum delay.

 There are 0 pins that are not constrained for maximum delay due to constant clock.


5. checking no_input_delay
--------------------------
 There are 0 input ports with no input delay specified.

 There are 0 input ports with no input delay but user has a false path constraint.


6. checking no_output_delay
---------------------------
 There are 0 ports with no output delay specified.

 There are 0 ports with no output delay but user has a false path constraint

 There are 0 ports with no output delay but with a timing clock defined on it or propagating through it


7. checking multiple_clock
--------------------------
 There are 0 register/latch pins with multiple clocks.


8. checking generated_clocks
----------------------------
 There are 0 generated clocks that are not connected to a clock source.


9. checking loops
-----------------
 There are 0 combinational loops in the design.


10. checking partial_input_delay
--------------------------------
 There are 0 input ports with partial input delay specified.


11. checking partial_output_delay
---------------------------------
 There are 0 ports with partial output delay specified.


12. checking latch_loops
------------------------
 There are 0 combinational latch loops in the design through latch input



------------------------------------------------------------------------------------------------
| Design Timing Summary
| ---------------------
------------------------------------------------------------------------------------------------

    WNS(ns)      TNS(ns)  TNS Failing Endpoints  TNS Total Endpoints      WHS(ns)      THS(ns)  THS Failing Endpoints  THS Total Endpoints     WPWS(ns)     TPWS(ns)  TPWS Failing Endpoints  TPWS Total Endpoints  
    -------      -------  ---------------------  -------------------      -------      -------  ---------------------  -------------------     --------     --------  ----------------------  --------------------  
      3.607        0.000                      0                66146        0.011        0.000                      0                66146        3.498        0.000                       0                 24037  


All user specified timing constraints are met.


------------------------------------------------------------------------------------------------
| Clock Summary
| -------------
------------------------------------------------------------------------------------------------

Clock     Waveform(ns)       Period(ns)      Frequency(MHz)
-----     ------------       ----------      --------------
clk_pl_0  {0.000 5.000}      10.000          100.000         


------------------------------------------------------------------------------------------------
| Intra Clock Table
| -----------------
------------------------------------------------------------------------------------------------

Clock             WNS(ns)      TNS(ns)  TNS Failing Endpoints  TNS Total Endpoints      WHS(ns)      THS(ns)  THS Failing Endpoints  THS Total Endpoints     WPWS(ns)     TPWS(ns)  TPWS Failing Endpoints  TPWS Total Endpoints  
-----             -------      -------  ---------------------  -------------------      -------      -------  ---------------------  -------------------     --------     --------  ----------------------  --------------------  
clk_pl_0            3.607        0.000                      0                66050        0.011        0.000                      0                66050        3.498        0.000                       0                 24037  


------------------------------------------------------------------------------------------------
| Inter Clock Table
| -----------------
------------------------------------------------------------------------------------------------

From Clock    To Clock          WNS(ns)      TNS(ns)  TNS Failing Endpoints  TNS Total Endpoints      WHS(ns)      THS(ns)  THS Failing Endpoints  THS Total Endpoints  
----------    --------          -------      -------  ---------------------  -------------------      -------      -------  ---------------------  -------------------  


------------------------------------------------------------------------------------------------
| Other Path Groups Table
| -----------------------
------------------------------------------------------------------------------------------------

Path Group         From Clock         To Clock               WNS(ns)      TNS(ns)  TNS Failing Endpoints  TNS Total Endpoints      WHS(ns)      THS(ns)  THS Failing Endpoints  THS Total Endpoints  
----------         ----------         --------               -------      -------  ---------------------  -------------------      -------      -------  ---------------------  -------------------  
**async_default**  clk_pl_0           clk_pl_0                 8.900        0.000                      0                   96        0.144        0.000                      0                   96  


------------------------------------------------------------------------------------------------
| Timing Details
| --------------
------------------------------------------------------------------------------------------------


---------------------------------------------------------------------------------------------------
From Clock:  clk_pl_0
  To Clock:  clk_pl_0

Setup :            0  Failing Endpoints,  Worst Slack        3.607ns,  Total Violation        0.000ns
Hold  :            0  Failing Endpoints,  Worst Slack        0.011ns,  Total Violation        0.000ns
PW    :            0  Failing Endpoints,  Worst Slack        3.498ns,  Total Violation        0.000ns
---------------------------------------------------------------------------------------------------


Max Delay Paths
--------------------------------------------------------------------------------------
Slack (MET) :             3.607ns  (required time - arrival time)
  Source:                 bse_i/byte_statistics_engi_0/inst/i7_reg_5298_reg[1]_rep__9/C
                            (rising edge-triggered cell FDRE clocked by clk_pl_0  {rise@0.000ns fall@5.000ns period=10.000ns})
  Destination:            bse_i/byte_statistics_engi_0/inst/out_stream_V_data_V_1_payload_A_reg[11]/D
                            (rising edge-triggered cell FDRE clocked by clk_pl_0  {rise@0.000ns fall@5.000ns period=10.000ns})
  Path Group:             clk_pl_0
  Path Type:              Setup (Max at Slow Process Corner)
  Requirement:            10.000ns  (clk_pl_0 rise@10.000ns - clk_pl_0 rise@0.000ns)
  Data Path Delay:        6.191ns  (logic 0.502ns (8.109%)  route 5.689ns (91.891%))
  Logic Levels:           6  (LUT5=1 LUT6=2 MUXF7=2 MUXF8=1)
  Clock Path Skew:        -0.098ns (DCD - SCD + CPR)
    Destination Clock Delay (DCD):    1.810ns = ( 11.810 - 10.000 ) 
    Source Clock Delay      (SCD):    2.083ns
    Clock Pessimism Removal (CPR):    0.175ns
  Clock Uncertainty:      0.130ns  ((TSJ^2 + DJ^2)^1/2) / 2 + PE
    Total System Jitter     (TSJ):    0.071ns
    Discrete Jitter          (DJ):    0.250ns
    Phase Error              (PE):    0.000ns
  Clock Net Delay (Source):      1.875ns (routing 0.666ns, distribution 1.209ns)
  Clock Net Delay (Destination): 1.642ns (routing 0.600ns, distribution 1.042ns)

    Location             Delay type                Incr(ns)  Path(ns)    Netlist Resource(s)
  -------------------------------------------------------------------    -------------------
                         (clock clk_pl_0 rise edge)
                                                      0.000     0.000 r  
    PS8_X0Y0             PS8                          0.000     0.000 r  bse_i/zynq_ultra_ps_e_0/inst/PS8_i/PLCLK[0]
                         net (fo=1, routed)           0.180     0.180    bse_i/zynq_ultra_ps_e_0/inst/pl_clk_unbuffered[0]
    BUFG_PS_X0Y95        BUFG_PS (Prop_BUFG_PS_I_O)
                                                      0.028     0.208 r  bse_i/zynq_ultra_ps_e_0/inst/buffer_pl_clk_0.PL_CLK_0_BUFG/O
    X1Y2 (CLOCK_ROOT)    net (fo=24139, routed)       1.875     2.083    bse_i/byte_statistics_engi_0/inst/ap_clk
    SLICE_X58Y109        FDRE                                         r  bse_i/byte_statistics_engi_0/inst/i7_reg_5298_reg[1]_rep__9/C
  -------------------------------------------------------------------    -------------------
    SLICE_X58Y109        FDRE (Prop_EFF_SLICEL_C_Q)
                                                      0.079     2.162 r  bse_i/byte_statistics_engi_0/inst/i7_reg_5298_reg[1]_rep__9/Q
                         net (fo=69, routed)          3.814     5.976    bse_i/byte_statistics_engi_0/inst/i7_reg_5298_reg[1]_rep__9_n_4
    SLICE_X66Y18         LUT6 (Prop_A6LUT_SLICEL_I2_O)
                                                      0.098     6.074 r  bse_i/byte_statistics_engi_0/inst/out_stream_V_data_V_1_payload_A[11]_i_123/O
                         net (fo=1, routed)           0.009     6.083    bse_i/byte_statistics_engi_0/inst/byte_statistics_evdy_U30/mux_2_23[11]
    SLICE_X66Y18         MUXF7 (Prop_F7MUX_AB_SLICEL_I1_O)
                                                      0.057     6.140 r  bse_i/byte_statistics_engi_0/inst/out_stream_V_data_V_1_payload_A_reg[11]_i_61/O
                         net (fo=1, routed)           0.000     6.140    bse_i/byte_statistics_engi_0/inst/byte_statistics_evdy_U30/mux_3_11[11]
    SLICE_X66Y18         MUXF8 (Prop_F8MUX_BOT_SLICEL_I1_O)
                                                      0.026     6.166 r  bse_i/byte_statistics_engi_0/inst/out_stream_V_data_V_1_payload_A_reg[11]_i_30/O
                         net (fo=1, routed)           1.049     7.215    bse_i/byte_statistics_engi_0/inst/byte_statistics_evdy_U30/mux_4_5[11]
    SLICE_X63Y20         LUT6 (Prop_C6LUT_SLICEM_I3_O)
                                                      0.051     7.266 r  bse_i/byte_statistics_engi_0/inst/out_stream_V_data_V_1_payload_A[11]_i_10/O
                         net (fo=1, routed)           0.021     7.287    bse_i/byte_statistics_engi_0/inst/byte_statistics_evdy_U30/mux_6_1[11]
    SLICE_X63Y20         MUXF7 (Prop_F7MUX_CD_SLICEM_I1_O)
                                                      0.068     7.355 r  bse_i/byte_statistics_engi_0/inst/out_stream_V_data_V_1_payload_A_reg[11]_i_4/O
                         net (fo=1, routed)           0.730     8.085    bse_i/byte_statistics_engi_0/inst/byte_statistics_evdy_U30/mux_7_0[11]
    SLICE_X63Y95         LUT5 (Prop_G6LUT_SLICEM_I4_O)
                                                      0.123     8.208 r  bse_i/byte_statistics_engi_0/inst/out_stream_V_data_V_1_payload_A[11]_i_1/O
                         net (fo=2, routed)           0.066     8.274    bse_i/byte_statistics_engi_0/inst/tmp_data_V_fu_11577_p1[11]
    SLICE_X63Y95         FDRE                                         r  bse_i/byte_statistics_engi_0/inst/out_stream_V_data_V_1_payload_A_reg[11]/D
  -------------------------------------------------------------------    -------------------

                         (clock clk_pl_0 rise edge)
                                                     10.000    10.000 r  
    PS8_X0Y0             PS8                          0.000    10.000 r  bse_i/zynq_ultra_ps_e_0/inst/PS8_i/PLCLK[0]
                         net (fo=1, routed)           0.143    10.143    bse_i/zynq_ultra_ps_e_0/inst/pl_clk_unbuffered[0]
    BUFG_PS_X0Y95        BUFG_PS (Prop_BUFG_PS_I_O)
                                                      0.025    10.168 r  bse_i/zynq_ultra_ps_e_0/inst/buffer_pl_clk_0.PL_CLK_0_BUFG/O
    X1Y2 (CLOCK_ROOT)    net (fo=24139, routed)       1.642    11.810    bse_i/byte_statistics_engi_0/inst/ap_clk
    SLICE_X63Y95         FDRE                                         r  bse_i/byte_statistics_engi_0/inst/out_stream_V_data_V_1_payload_A_reg[11]/C
                         clock pessimism              0.175    11.985    
                         clock uncertainty           -0.130    11.856    
    SLICE_X63Y95         FDRE (Setup_GFF_SLICEM_C_D)
                                                      0.025    11.881    bse_i/byte_statistics_engi_0/inst/out_stream_V_data_V_1_payload_A_reg[11]
  -------------------------------------------------------------------
                         required time                         11.881    
                         arrival time                          -8.274    
  -------------------------------------------------------------------
                         slack                                  3.607    

Slack (MET) :             3.609ns  (required time - arrival time)
  Source:                 bse_i/byte_statistics_engi_0/inst/i7_reg_5298_reg[1]_rep__9/C
                            (rising edge-triggered cell FDRE clocked by clk_pl_0  {rise@0.000ns fall@5.000ns period=10.000ns})
  Destination:            bse_i/byte_statistics_engi_0/inst/out_stream_V_data_V_1_payload_B_reg[11]/D
                            (rising edge-triggered cell FDRE clocked by clk_pl_0  {rise@0.000ns fall@5.000ns period=10.000ns})
  Path Group:             clk_pl_0
  Path Type:              Setup (Max at Slow Process Corner)
  Requirement:            10.000ns  (clk_pl_0 rise@10.000ns - clk_pl_0 rise@0.000ns)
  Data Path Delay:        6.189ns  (logic 0.502ns (8.111%)  route 5.687ns (91.889%))
  Logic Levels:           6  (LUT5=1 LUT6=2 MUXF7=2 MUXF8=1)
  Clock Path Skew:        -0.098ns (DCD - SCD + CPR)
    Destination Clock Delay (DCD):    1.810ns = ( 11.810 - 10.000 ) 
    Source Clock Delay      (SCD):    2.083ns
    Clock Pessimism Removal (CPR):    0.175ns
  Clock Uncertainty:      0.130ns  ((TSJ^2 + DJ^2)^1/2) / 2 + PE
    Total System Jitter     (TSJ):    0.071ns
    Discrete Jitter          (DJ):    0.250ns
    Phase Error              (PE):    0.000ns
  Clock Net Delay (Source):      1.875ns (routing 0.666ns, distribution 1.209ns)
  Clock Net Delay (Destination): 1.642ns (routing 0.600ns, distribution 1.042ns)

    Location             Delay type                Incr(ns)  Path(ns)    Netlist Resource(s)
  -------------------------------------------------------------------    -------------------
                         (clock clk_pl_0 rise edge)
                                                      0.000     0.000 r  
    PS8_X0Y0             PS8                          0.000     0.000 r  bse_i/zynq_ultra_ps_e_0/inst/PS8_i/PLCLK[0]
                         net (fo=1, routed)           0.180     0.180    bse_i/zynq_ultra_ps_e_0/inst/pl_clk_unbuffered[0]
    BUFG_PS_X0Y95        BUFG_PS (Prop_BUFG_PS_I_O)
                                                      0.028     0.208 r  bse_i/zynq_ultra_ps_e_0/inst/buffer_pl_clk_0.PL_CLK_0_BUFG/O
    X1Y2 (CLOCK_ROOT)    net (fo=24139, routed)       1.875     2.083    bse_i/byte_statistics_engi_0/inst/ap_clk
    SLICE_X58Y109        FDRE                                         r  bse_i/byte_statistics_engi_0/inst/i7_reg_5298_reg[1]_rep__9/C
  -------------------------------------------------------------------    -------------------
    SLICE_X58Y109        FDRE (Prop_EFF_SLICEL_C_Q)
                                                      0.079     2.162 r  bse_i/byte_statistics_engi_0/inst/i7_reg_5298_reg[1]_rep__9/Q
                         net (fo=69, routed)          3.814     5.976    bse_i/byte_statistics_engi_0/inst/i7_reg_5298_reg[1]_rep__9_n_4
    SLICE_X66Y18         LUT6 (Prop_A6LUT_SLICEL_I2_O)
                                                      0.098     6.074 r  bse_i/byte_statistics_engi_0/inst/out_stream_V_data_V_1_payload_A[11]_i_123/O
                         net (fo=1, routed)           0.009     6.083    bse_i/byte_statistics_engi_0/inst/byte_statistics_evdy_U30/mux_2_23[11]
    SLICE_X66Y18         MUXF7 (Prop_F7MUX_AB_SLICEL_I1_O)
                                                      0.057     6.140 r  bse_i/byte_statistics_engi_0/inst/out_stream_V_data_V_1_payload_A_reg[11]_i_61/O
                         net (fo=1, routed)           0.000     6.140    bse_i/byte_statistics_engi_0/inst/byte_statistics_evdy_U30/mux_3_11[11]
    SLICE_X66Y18         MUXF8 (Prop_F8MUX_BOT_SLICEL_I1_O)
                                                      0.026     6.166 r  bse_i/byte_statistics_engi_0/inst/out_stream_V_data_V_1_payload_A_reg[11]_i_30/O
                         net (fo=1, routed)           1.049     7.215    bse_i/byte_statistics_engi_0/inst/byte_statistics_evdy_U30/mux_4_5[11]
    SLICE_X63Y20         LUT6 (Prop_C6LUT_SLICEM_I3_O)
                                                      0.051     7.266 r  bse_i/byte_statistics_engi_0/inst/out_stream_V_data_V_1_payload_A[11]_i_10/O
                         net (fo=1, routed)           0.021     7.287    bse_i/byte_statistics_engi_0/inst/byte_statistics_evdy_U30/mux_6_1[11]
    SLICE_X63Y20         MUXF7 (Prop_F7MUX_CD_SLICEM_I1_O)
                                                      0.068     7.355 r  bse_i/byte_statistics_engi_0/inst/out_stream_V_data_V_1_payload_A_reg[11]_i_4/O
                         net (fo=1, routed)           0.730     8.085    bse_i/byte_statistics_engi_0/inst/byte_statistics_evdy_U30/mux_7_0[11]
    SLICE_X63Y95         LUT5 (Prop_G6LUT_SLICEM_I4_O)
                                                      0.123     8.208 r  bse_i/byte_statistics_engi_0/inst/out_stream_V_data_V_1_payload_A[11]_i_1/O
                         net (fo=2, routed)           0.064     8.272    bse_i/byte_statistics_engi_0/inst/tmp_data_V_fu_11577_p1[11]
    SLICE_X63Y95         FDRE                                         r  bse_i/byte_statistics_engi_0/inst/out_stream_V_data_V_1_payload_B_reg[11]/D
  -------------------------------------------------------------------    -------------------

                         (clock clk_pl_0 rise edge)
                                                     10.000    10.000 r  
    PS8_X0Y0             PS8                          0.000    10.000 r  bse_i/zynq_ultra_ps_e_0/inst/PS8_i/PLCLK[0]
                         net (fo=1, routed)           0.143    10.143    bse_i/zynq_ultra_ps_e_0/inst/pl_clk_unbuffered[0]
    BUFG_PS_X0Y95        BUFG_PS (Prop_BUFG_PS_I_O)
                                                      0.025    10.168 r  bse_i/zynq_ultra_ps_e_0/inst/buffer_pl_clk_0.PL_CLK_0_BUFG/O
    X1Y2 (CLOCK_ROOT)    net (fo=24139, routed)       1.642    11.810    bse_i/byte_statistics_engi_0/inst/ap_clk
    SLICE_X63Y95         FDRE                                         r  bse_i/byte_statistics_engi_0/inst/out_stream_V_data_V_1_payload_B_reg[11]/C
                         clock pessimism              0.175    11.985    
                         clock uncertainty           -0.130    11.856    
    SLICE_X63Y95         FDRE (Setup_GFF2_SLICEM_C_D)
                                                      0.025    11.881    bse_i/byte_statistics_engi_0/inst/out_stream_V_data_V_1_payload_B_reg[11]
  -------------------------------------------------------------------
                         required time                         11.881    
                         arrival time                          -8.272    
  -------------------------------------------------------------------
                         slack                                  3.609    

Slack (MET) :             3.675ns  (required time - arrival time)
  Source:                 bse_i/byte_statistics_engi_0/inst/i7_reg_5298_reg[0]_rep__0/C
                            (rising edge-triggered cell FDRE clocked by clk_pl_0  {rise@0.000ns fall@5.000ns period=10.000ns})
  Destination:            bse_i/byte_statistics_engi_0/inst/out_stream_V_data_V_1_payload_B_reg[2]/D
                            (rising edge-triggered cell FDRE clocked by clk_pl_0  {rise@0.000ns fall@5.000ns period=10.000ns})
  Path Group:             clk_pl_0
  Path Type:              Setup (Max at Slow Process Corner)
  Requirement:            10.000ns  (clk_pl_0 rise@10.000ns - clk_pl_0 rise@0.000ns)
  Data Path Delay:        6.096ns  (logic 0.547ns (8.973%)  route 5.549ns (91.027%))
  Logic Levels:           6  (LUT5=1 LUT6=2 MUXF7=2 MUXF8=1)
  Clock Path Skew:        -0.125ns (DCD - SCD + CPR)
    Destination Clock Delay (DCD):    1.817ns = ( 11.817 - 10.000 ) 
    Source Clock Delay      (SCD):    2.117ns
    Clock Pessimism Removal (CPR):    0.175ns
  Clock Uncertainty:      0.130ns  ((TSJ^2 + DJ^2)^1/2) / 2 + PE
    Total System Jitter     (TSJ):    0.071ns
    Discrete Jitter          (DJ):    0.250ns
    Phase Error              (PE):    0.000ns
  Clock Net Delay (Source):      1.909ns (routing 0.666ns, distribution 1.243ns)
  Clock Net Delay (Destination): 1.649ns (routing 0.600ns, distribution 1.049ns)

    Location             Delay type                Incr(ns)  Path(ns)    Netlist Resource(s)
  -------------------------------------------------------------------    -------------------
                         (clock clk_pl_0 rise edge)
                                                      0.000     0.000 r  
    PS8_X0Y0             PS8                          0.000     0.000 r  bse_i/zynq_ultra_ps_e_0/inst/PS8_i/PLCLK[0]
                         net (fo=1, routed)           0.180     0.180    bse_i/zynq_ultra_ps_e_0/inst/pl_clk_unbuffered[0]
    BUFG_PS_X0Y95        BUFG_PS (Prop_BUFG_PS_I_O)
                                                      0.028     0.208 r  bse_i/zynq_ultra_ps_e_0/inst/buffer_pl_clk_0.PL_CLK_0_BUFG/O
    X1Y2 (CLOCK_ROOT)    net (fo=24139, routed)       1.909     2.117    bse_i/byte_statistics_engi_0/inst/ap_clk
    SLICE_X58Y108        FDRE                                         r  bse_i/byte_statistics_engi_0/inst/i7_reg_5298_reg[0]_rep__0/C
  -------------------------------------------------------------------    -------------------
    SLICE_X58Y108        FDRE (Prop_EFF_SLICEL_C_Q)
                                                      0.079     2.196 r  bse_i/byte_statistics_engi_0/inst/i7_reg_5298_reg[0]_rep__0/Q
                         net (fo=70, routed)          3.866     6.062    bse_i/byte_statistics_engi_0/inst/i7_reg_5298_reg[0]_rep__0_n_4
    SLICE_X79Y31         LUT6 (Prop_B6LUT_SLICEM_I4_O)
                                                      0.089     6.151 r  bse_i/byte_statistics_engi_0/inst/out_stream_V_data_V_1_payload_A[2]_i_114/O
                         net (fo=1, routed)           0.017     6.168    bse_i/byte_statistics_engi_0/inst/byte_statistics_evdy_U30/mux_2_30[2]
    SLICE_X79Y31         MUXF7 (Prop_F7MUX_AB_SLICEM_I0_O)
                                                      0.060     6.228 r  bse_i/byte_statistics_engi_0/inst/out_stream_V_data_V_1_payload_A_reg[2]_i_57/O
                         net (fo=1, routed)           0.000     6.228    bse_i/byte_statistics_engi_0/inst/byte_statistics_evdy_U30/mux_3_15[2]
    SLICE_X79Y31         MUXF8 (Prop_F8MUX_BOT_SLICEM_I1_O)
                                                      0.028     6.256 r  bse_i/byte_statistics_engi_0/inst/out_stream_V_data_V_1_payload_A_reg[2]_i_28/O
                         net (fo=1, routed)           0.618     6.874    bse_i/byte_statistics_engi_0/inst/byte_statistics_evdy_U30/mux_4_7[2]
    SLICE_X64Y31         LUT6 (Prop_C6LUT_SLICEM_I0_O)
                                                      0.123     6.997 r  bse_i/byte_statistics_engi_0/inst/out_stream_V_data_V_1_payload_A[2]_i_10/O
                         net (fo=1, routed)           0.021     7.018    bse_i/byte_statistics_engi_0/inst/byte_statistics_evdy_U30/mux_6_1[2]
    SLICE_X64Y31         MUXF7 (Prop_F7MUX_CD_SLICEM_I1_O)
                                                      0.068     7.086 r  bse_i/byte_statistics_engi_0/inst/out_stream_V_data_V_1_payload_A_reg[2]_i_4/O
                         net (fo=1, routed)           0.780     7.866    bse_i/byte_statistics_engi_0/inst/byte_statistics_evdy_U30/mux_7_0[2]
    SLICE_X64Y95         LUT5 (Prop_B6LUT_SLICEM_I4_O)
                                                      0.100     7.966 r  bse_i/byte_statistics_engi_0/inst/out_stream_V_data_V_1_payload_A[2]_i_1/O
                         net (fo=2, routed)           0.247     8.213    bse_i/byte_statistics_engi_0/inst/tmp_data_V_fu_11577_p1[2]
    SLICE_X64Y95         FDRE                                         r  bse_i/byte_statistics_engi_0/inst/out_stream_V_data_V_1_payload_B_reg[2]/D
  -------------------------------------------------------------------    -------------------

                         (clock clk_pl_0 rise edge)
                                                     10.000    10.000 r  
    PS8_X0Y0             PS8                          0.000    10.000 r  bse_i/zynq_ultra_ps_e_0/inst/PS8_i/PLCLK[0]
                         net (fo=1, routed)           0.143    10.143    bse_i/zynq_ultra_ps_e_0/inst/pl_clk_unbuffered[0]
    BUFG_PS_X0Y95        BUFG_PS (Prop_BUFG_PS_I_O)
                                                      0.025    10.168 r  bse_i/zynq_ultra_ps_e_0/inst/buffer_pl_clk_0.PL_CLK_0_BUFG/O
    X1Y2 (CLOCK_ROOT)    net (fo=24139, routed)       1.649    11.817    bse_i/byte_statistics_engi_0/inst/ap_clk
    SLICE_X64Y95         FDRE                                         r  bse_i/byte_statistics_engi_0/inst/out_stream_V_data_V_1_payload_B_reg[2]/C
                         clock pessimism              0.175    11.992    
                         clock uncertainty           -0.130    11.862    
    SLICE_X64Y95         FDRE (Setup_CFF_SLICEM_C_D)
                                                      0.025    11.887    bse_i/byte_statistics_engi_0/inst/out_stream_V_data_V_1_payload_B_reg[2]
  -------------------------------------------------------------------
                         required time                         11.887    
                         arrival time                          -8.213    
  -------------------------------------------------------------------
                         slack                                  3.675    

Slack (MET) :             3.789ns  (required time - arrival time)
  Source:                 bse_i/byte_statistics_engi_0/inst/i7_reg_5298_reg[0]_rep__4/C
                            (rising edge-triggered cell FDRE clocked by clk_pl_0  {rise@0.000ns fall@5.000ns period=10.000ns})
  Destination:            bse_i/byte_statistics_engi_0/inst/out_stream_V_data_V_1_payload_B_reg[6]/D
                            (rising edge-triggered cell FDRE clocked by clk_pl_0  {rise@0.000ns fall@5.000ns period=10.000ns})
  Path Group:             clk_pl_0
  Path Type:              Setup (Max at Slow Process Corner)
  Requirement:            10.000ns  (clk_pl_0 rise@10.000ns - clk_pl_0 rise@0.000ns)
  Data Path Delay:        5.967ns  (logic 0.480ns (8.044%)  route 5.487ns (91.956%))
  Logic Levels:           6  (LUT5=1 LUT6=2 MUXF7=2 MUXF8=1)
  Clock Path Skew:        -0.140ns (DCD - SCD + CPR)
    Destination Clock Delay (DCD):    1.802ns = ( 11.802 - 10.000 ) 
    Source Clock Delay      (SCD):    2.117ns
    Clock Pessimism Removal (CPR):    0.175ns
  Clock Uncertainty:      0.130ns  ((TSJ^2 + DJ^2)^1/2) / 2 + PE
    Total System Jitter     (TSJ):    0.071ns
    Discrete Jitter          (DJ):    0.250ns
    Phase Error              (PE):    0.000ns
  Clock Net Delay (Source):      1.909ns (routing 0.666ns, distribution 1.243ns)
  Clock Net Delay (Destination): 1.634ns (routing 0.600ns, distribution 1.034ns)

    Location             Delay type                Incr(ns)  Path(ns)    Netlist Resource(s)
  -------------------------------------------------------------------    -------------------
                         (clock clk_pl_0 rise edge)
                                                      0.000     0.000 r  
    PS8_X0Y0             PS8                          0.000     0.000 r  bse_i/zynq_ultra_ps_e_0/inst/PS8_i/PLCLK[0]
                         net (fo=1, routed)           0.180     0.180    bse_i/zynq_ultra_ps_e_0/inst/pl_clk_unbuffered[0]
    BUFG_PS_X0Y95        BUFG_PS (Prop_BUFG_PS_I_O)
                                                      0.028     0.208 r  bse_i/zynq_ultra_ps_e_0/inst/buffer_pl_clk_0.PL_CLK_0_BUFG/O
    X1Y2 (CLOCK_ROOT)    net (fo=24139, routed)       1.909     2.117    bse_i/byte_statistics_engi_0/inst/ap_clk
    SLICE_X58Y108        FDRE                                         r  bse_i/byte_statistics_engi_0/inst/i7_reg_5298_reg[0]_rep__4/C
  -------------------------------------------------------------------    -------------------
    SLICE_X58Y108        FDRE (Prop_HFF_SLICEL_C_Q)
                                                      0.079     2.196 r  bse_i/byte_statistics_engi_0/inst/i7_reg_5298_reg[0]_rep__4/Q
                         net (fo=70, routed)          3.551     5.747    bse_i/byte_statistics_engi_0/inst/i7_reg_5298_reg[0]_rep__4_n_4
    SLICE_X76Y23         LUT6 (Prop_A6LUT_SLICEL_I4_O)
                                                      0.090     5.837 r  bse_i/byte_statistics_engi_0/inst/out_stream_V_data_V_1_payload_A[6]_i_115/O
                         net (fo=1, routed)           0.009     5.846    bse_i/byte_statistics_engi_0/inst/byte_statistics_evdy_U30/mux_2_31[6]
    SLICE_X76Y23         MUXF7 (Prop_F7MUX_AB_SLICEL_I1_O)
                                                      0.057     5.903 r  bse_i/byte_statistics_engi_0/inst/out_stream_V_data_V_1_payload_A_reg[6]_i_57/O
                         net (fo=1, routed)           0.000     5.903    bse_i/byte_statistics_engi_0/inst/byte_statistics_evdy_U30/mux_3_15[6]
    SLICE_X76Y23         MUXF8 (Prop_F8MUX_BOT_SLICEL_I1_O)
                                                      0.026     5.929 r  bse_i/byte_statistics_engi_0/inst/out_stream_V_data_V_1_payload_A_reg[6]_i_28/O
                         net (fo=1, routed)           0.912     6.841    bse_i/byte_statistics_engi_0/inst/byte_statistics_evdy_U30/mux_4_7[6]
    SLICE_X64Y22         LUT6 (Prop_C6LUT_SLICEM_I0_O)
                                                      0.037     6.878 r  bse_i/byte_statistics_engi_0/inst/out_stream_V_data_V_1_payload_A[6]_i_10/O
                         net (fo=1, routed)           0.021     6.899    bse_i/byte_statistics_engi_0/inst/byte_statistics_evdy_U30/mux_6_1[6]
    SLICE_X64Y22         MUXF7 (Prop_F7MUX_CD_SLICEM_I1_O)
                                                      0.068     6.967 r  bse_i/byte_statistics_engi_0/inst/out_stream_V_data_V_1_payload_A_reg[6]_i_4/O
                         net (fo=1, routed)           0.839     7.806    bse_i/byte_statistics_engi_0/inst/byte_statistics_evdy_U30/mux_7_0[6]
    SLICE_X64Y92         LUT5 (Prop_G6LUT_SLICEM_I4_O)
                                                      0.123     7.929 r  bse_i/byte_statistics_engi_0/inst/out_stream_V_data_V_1_payload_A[6]_i_1/O
                         net (fo=2, routed)           0.155     8.084    bse_i/byte_statistics_engi_0/inst/tmp_data_V_fu_11577_p1[6]
    SLICE_X64Y92         FDRE                                         r  bse_i/byte_statistics_engi_0/inst/out_stream_V_data_V_1_payload_B_reg[6]/D
  -------------------------------------------------------------------    -------------------

                         (clock clk_pl_0 rise edge)
                                                     10.000    10.000 r  
    PS8_X0Y0             PS8                          0.000    10.000 r  bse_i/zynq_ultra_ps_e_0/inst/PS8_i/PLCLK[0]
                         net (fo=1, routed)           0.143    10.143    bse_i/zynq_ultra_ps_e_0/inst/pl_clk_unbuffered[0]
    BUFG_PS_X0Y95        BUFG_PS (Prop_BUFG_PS_I_O)
                                                      0.025    10.168 r  bse_i/zynq_ultra_ps_e_0/inst/buffer_pl_clk_0.PL_CLK_0_BUFG/O
    X1Y2 (CLOCK_ROOT)    net (fo=24139, routed)       1.634    11.802    bse_i/byte_statistics_engi_0/inst/ap_clk
    SLICE_X64Y92         FDRE                                         r  bse_i/byte_statistics_engi_0/inst/out_stream_V_data_V_1_payload_B_reg[6]/C
                         clock pessimism              0.175    11.977    
                         clock uncertainty           -0.130    11.848    
    SLICE_X64Y92         FDRE (Setup_EFF_SLICEM_C_D)
                                                      0.025    11.873    bse_i/byte_statistics_engi_0/inst/out_stream_V_data_V_1_payload_B_reg[6]
  -------------------------------------------------------------------
                         required time                         11.873    
                         arrival time                          -8.084    
  -------------------------------------------------------------------
                         slack                                  3.789    

Slack (MET) :             3.798ns  (required time - arrival time)
  Source:                 bse_i/byte_statistics_engi_0/inst/i7_reg_5298_reg[0]_rep__0/C
                            (rising edge-triggered cell FDRE clocked by clk_pl_0  {rise@0.000ns fall@5.000ns period=10.000ns})
  Destination:            bse_i/byte_statistics_engi_0/inst/out_stream_V_data_V_1_payload_A_reg[2]/D
                            (rising edge-triggered cell FDRE clocked by clk_pl_0  {rise@0.000ns fall@5.000ns period=10.000ns})
  Path Group:             clk_pl_0
  Path Type:              Setup (Max at Slow Process Corner)
  Requirement:            10.000ns  (clk_pl_0 rise@10.000ns - clk_pl_0 rise@0.000ns)
  Data Path Delay:        5.973ns  (logic 0.547ns (9.158%)  route 5.426ns (90.842%))
  Logic Levels:           6  (LUT5=1 LUT6=2 MUXF7=2 MUXF8=1)
  Clock Path Skew:        -0.125ns (DCD - SCD + CPR)
    Destination Clock Delay (DCD):    1.817ns = ( 11.817 - 10.000 ) 
    Source Clock Delay      (SCD):    2.117ns
    Clock Pessimism Removal (CPR):    0.175ns
  Clock Uncertainty:      0.130ns  ((TSJ^2 + DJ^2)^1/2) / 2 + PE
    Total System Jitter     (TSJ):    0.071ns
    Discrete Jitter          (DJ):    0.250ns
    Phase Error              (PE):    0.000ns
  Clock Net Delay (Source):      1.909ns (routing 0.666ns, distribution 1.243ns)
  Clock Net Delay (Destination): 1.649ns (routing 0.600ns, distribution 1.049ns)

    Location             Delay type                Incr(ns)  Path(ns)    Netlist Resource(s)
  -------------------------------------------------------------------    -------------------
                         (clock clk_pl_0 rise edge)
                                                      0.000     0.000 r  
    PS8_X0Y0             PS8                          0.000     0.000 r  bse_i/zynq_ultra_ps_e_0/inst/PS8_i/PLCLK[0]
                         net (fo=1, routed)           0.180     0.180    bse_i/zynq_ultra_ps_e_0/inst/pl_clk_unbuffered[0]
    BUFG_PS_X0Y95        BUFG_PS (Prop_BUFG_PS_I_O)
                                                      0.028     0.208 r  bse_i/zynq_ultra_ps_e_0/inst/buffer_pl_clk_0.PL_CLK_0_BUFG/O
    X1Y2 (CLOCK_ROOT)    net (fo=24139, routed)       1.909     2.117    bse_i/byte_statistics_engi_0/inst/ap_clk
    SLICE_X58Y108        FDRE                                         r  bse_i/byte_statistics_engi_0/inst/i7_reg_5298_reg[0]_rep__0/C
  -------------------------------------------------------------------    -------------------
    SLICE_X58Y108        FDRE (Prop_EFF_SLICEL_C_Q)
                                                      0.079     2.196 r  bse_i/byte_statistics_engi_0/inst/i7_reg_5298_reg[0]_rep__0/Q
                         net (fo=70, routed)          3.866     6.062    bse_i/byte_statistics_engi_0/inst/i7_reg_5298_reg[0]_rep__0_n_4
    SLICE_X79Y31         LUT6 (Prop_B6LUT_SLICEM_I4_O)
                                                      0.089     6.151 r  bse_i/byte_statistics_engi_0/inst/out_stream_V_data_V_1_payload_A[2]_i_114/O
                         net (fo=1, routed)           0.017     6.168    bse_i/byte_statistics_engi_0/inst/byte_statistics_evdy_U30/mux_2_30[2]
    SLICE_X79Y31         MUXF7 (Prop_F7MUX_AB_SLICEM_I0_O)
                                                      0.060     6.228 r  bse_i/byte_statistics_engi_0/inst/out_stream_V_data_V_1_payload_A_reg[2]_i_57/O
                         net (fo=1, routed)           0.000     6.228    bse_i/byte_statistics_engi_0/inst/byte_statistics_evdy_U30/mux_3_15[2]
    SLICE_X79Y31         MUXF8 (Prop_F8MUX_BOT_SLICEM_I1_O)
                                                      0.028     6.256 r  bse_i/byte_statistics_engi_0/inst/out_stream_V_data_V_1_payload_A_reg[2]_i_28/O
                         net (fo=1, routed)           0.618     6.874    bse_i/byte_statistics_engi_0/inst/byte_statistics_evdy_U30/mux_4_7[2]
    SLICE_X64Y31         LUT6 (Prop_C6LUT_SLICEM_I0_O)
                                                      0.123     6.997 r  bse_i/byte_statistics_engi_0/inst/out_stream_V_data_V_1_payload_A[2]_i_10/O
                         net (fo=1, routed)           0.021     7.018    bse_i/byte_statistics_engi_0/inst/byte_statistics_evdy_U30/mux_6_1[2]
    SLICE_X64Y31         MUXF7 (Prop_F7MUX_CD_SLICEM_I1_O)
                                                      0.068     7.086 r  bse_i/byte_statistics_engi_0/inst/out_stream_V_data_V_1_payload_A_reg[2]_i_4/O
                         net (fo=1, routed)           0.780     7.866    bse_i/byte_statistics_engi_0/inst/byte_statistics_evdy_U30/mux_7_0[2]
    SLICE_X64Y95         LUT5 (Prop_B6LUT_SLICEM_I4_O)
                                                      0.100     7.966 r  bse_i/byte_statistics_engi_0/inst/out_stream_V_data_V_1_payload_A[2]_i_1/O
                         net (fo=2, routed)           0.124     8.090    bse_i/byte_statistics_engi_0/inst/tmp_data_V_fu_11577_p1[2]
    SLICE_X64Y95         FDRE                                         r  bse_i/byte_statistics_engi_0/inst/out_stream_V_data_V_1_payload_A_reg[2]/D
  -------------------------------------------------------------------    -------------------

                         (clock clk_pl_0 rise edge)
                                                     10.000    10.000 r  
    PS8_X0Y0             PS8                          0.000    10.000 r  bse_i/zynq_ultra_ps_e_0/inst/PS8_i/PLCLK[0]
                         net (fo=1, routed)           0.143    10.143    bse_i/zynq_ultra_ps_e_0/inst/pl_clk_unbuffered[0]
    BUFG_PS_X0Y95        BUFG_PS (Prop_BUFG_PS_I_O)
                                                      0.025    10.168 r  bse_i/zynq_ultra_ps_e_0/inst/buffer_pl_clk_0.PL_CLK_0_BUFG/O
    X1Y2 (CLOCK_ROOT)    net (fo=24139, routed)       1.649    11.817    bse_i/byte_statistics_engi_0/inst/ap_clk
    SLICE_X64Y95         FDRE                                         r  bse_i/byte_statistics_engi_0/inst/out_stream_V_data_V_1_payload_A_reg[2]/C
                         clock pessimism              0.175    11.992    
                         clock uncertainty           -0.130    11.862    
    SLICE_X64Y95         FDRE (Setup_CFF2_SLICEM_C_D)
                                                      0.025    11.887    bse_i/byte_statistics_engi_0/inst/out_stream_V_data_V_1_payload_A_reg[2]
  -------------------------------------------------------------------
                         required time                         11.887    
                         arrival time                          -8.090    
  -------------------------------------------------------------------
                         slack                                  3.798    

Slack (MET) :             3.812ns  (required time - arrival time)
  Source:                 bse_i/byte_statistics_engi_0/inst/byte_statistics_epcA_U10/byte_statistics_engine_ap_fsqrt_5_no_dsp_32_u/U0/i_synth/SQRT_OP.SPD.OP/i_mant_calc.MANT_SQRT/RT[13].Q_DEL/i_pipe/opt_has_pipe.first_q_reg[2]/C
                            (rising edge-triggered cell FDRE clocked by clk_pl_0  {rise@0.000ns fall@5.000ns period=10.000ns})
  Destination:            bse_i/byte_statistics_engi_0/inst/byte_statistics_epcA_U10/byte_statistics_engine_ap_fsqrt_5_no_dsp_32_u/U0/i_synth/SQRT_OP.SPD.OP/i_mant_calc.MANT_SQRT/RT[20].ADDSUB/ADDSUB/Q_DEL/i_pipe/opt_has_pipe.first_q_reg[23]/D
                            (rising edge-triggered cell FDRE clocked by clk_pl_0  {rise@0.000ns fall@5.000ns period=10.000ns})
  Path Group:             clk_pl_0
  Path Type:              Setup (Max at Slow Process Corner)
  Requirement:            10.000ns  (clk_pl_0 rise@10.000ns - clk_pl_0 rise@0.000ns)
  Data Path Delay:        6.146ns  (logic 2.709ns (44.077%)  route 3.437ns (55.923%))
  Logic Levels:           26  (CARRY8=20 LUT3=6)
  Clock Path Skew:        0.063ns (DCD - SCD + CPR)
    Destination Clock Delay (DCD):    1.925ns = ( 11.925 - 10.000 ) 
    Source Clock Delay      (SCD):    2.033ns
    Clock Pessimism Removal (CPR):    0.171ns
  Clock Uncertainty:      0.130ns  ((TSJ^2 + DJ^2)^1/2) / 2 + PE
    Total System Jitter     (TSJ):    0.071ns
    Discrete Jitter          (DJ):    0.250ns
    Phase Error              (PE):    0.000ns
  Clock Net Delay (Source):      1.825ns (routing 0.666ns, distribution 1.159ns)
  Clock Net Delay (Destination): 1.757ns (routing 0.600ns, distribution 1.157ns)

    Location             Delay type                Incr(ns)  Path(ns)    Netlist Resource(s)
  -------------------------------------------------------------------    -------------------
                         (clock clk_pl_0 rise edge)
                                                      0.000     0.000 r  
    PS8_X0Y0             PS8                          0.000     0.000 r  bse_i/zynq_ultra_ps_e_0/inst/PS8_i/PLCLK[0]
                         net (fo=1, routed)           0.180     0.180    bse_i/zynq_ultra_ps_e_0/inst/pl_clk_unbuffered[0]
    BUFG_PS_X0Y95        BUFG_PS (Prop_BUFG_PS_I_O)
                                                      0.028     0.208 r  bse_i/zynq_ultra_ps_e_0/inst/buffer_pl_clk_0.PL_CLK_0_BUFG/O
    X1Y2 (CLOCK_ROOT)    net (fo=24139, routed)       1.825     2.033    bse_i/byte_statistics_engi_0/inst/byte_statistics_epcA_U10/byte_statistics_engine_ap_fsqrt_5_no_dsp_32_u/U0/i_synth/SQRT_OP.SPD.OP/i_mant_calc.MANT_SQRT/RT[13].Q_DEL/i_pipe/aclk
    SLICE_X62Y149        FDRE                                         r  bse_i/byte_statistics_engi_0/inst/byte_statistics_epcA_U10/byte_statistics_engine_ap_fsqrt_5_no_dsp_32_u/U0/i_synth/SQRT_OP.SPD.OP/i_mant_calc.MANT_SQRT/RT[13].Q_DEL/i_pipe/opt_has_pipe.first_q_reg[2]/C
  -------------------------------------------------------------------    -------------------
    SLICE_X62Y149        FDRE (Prop_GFF_SLICEL_C_Q)
                                                      0.079     2.112 r  bse_i/byte_statistics_engi_0/inst/byte_statistics_epcA_U10/byte_statistics_engine_ap_fsqrt_5_no_dsp_32_u/U0/i_synth/SQRT_OP.SPD.OP/i_mant_calc.MANT_SQRT/RT[13].Q_DEL/i_pipe/opt_has_pipe.first_q_reg[2]/Q
                         net (fo=8, routed)           0.424     2.536    bse_i/byte_statistics_engi_0/inst/byte_statistics_epcA_U10/byte_statistics_engine_ap_fsqrt_5_no_dsp_32_u/U0/i_synth/SQRT_OP.SPD.OP/i_mant_calc.MANT_SQRT/RT[14].ADDSUB/addend_a[2]
    SLICE_X65Y137        LUT3 (Prop_G6LUT_SLICEL_I1_O)
                                                      0.097     2.633 r  bse_i/byte_statistics_engi_0/inst/byte_statistics_epcA_U10/byte_statistics_engine_ap_fsqrt_5_no_dsp_32_u/U0/i_synth/SQRT_OP.SPD.OP/i_mant_calc.MANT_SQRT/RT[14].ADDSUB/CHAIN_GEN[6].C_MUX.CARRY_MUX_i_1/O
                         net (fo=1, routed)           0.008     2.641    bse_i/byte_statistics_engi_0/inst/byte_statistics_epcA_U10/byte_statistics_engine_ap_fsqrt_5_no_dsp_32_u/U0/i_synth/SQRT_OP.SPD.OP/i_mant_calc.MANT_SQRT/RT[14].ADDSUB/ADDSUB/opt_has_pipe.first_q_reg[5][3]
    SLICE_X65Y137        CARRY8 (Prop_CARRY8_SLICEL_S[6]_CO[7])
                                                      0.115     2.756 r  bse_i/byte_statistics_engi_0/inst/byte_statistics_epcA_U10/byte_statistics_engine_ap_fsqrt_5_no_dsp_32_u/U0/i_synth/SQRT_OP.SPD.OP/i_mant_calc.MANT_SQRT/RT[14].ADDSUB/ADDSUB/CHAIN_GEN[0].C_MUX.CARRY_MUX_CARRY4_CARRY8/CO[7]
                         net (fo=1, routed)           0.026     2.782    bse_i/byte_statistics_engi_0/inst/byte_statistics_epcA_U10/byte_statistics_engine_ap_fsqrt_5_no_dsp_32_u/U0/i_synth/SQRT_OP.SPD.OP/i_mant_calc.MANT_SQRT/RT[14].ADDSUB/ADDSUB/CHAIN_GEN[7].C_MUX.CARRY_MUX_n_4
    SLICE_X65Y138        CARRY8 (Prop_CARRY8_SLICEL_CI_CO[7])
                                                      0.015     2.797 r  bse_i/byte_statistics_engi_0/inst/byte_statistics_epcA_U10/byte_statistics_engine_ap_fsqrt_5_no_dsp_32_u/U0/i_synth/SQRT_OP.SPD.OP/i_mant_calc.MANT_SQRT/RT[14].ADDSUB/ADDSUB/CHAIN_GEN[8].C_MUX.CARRY_MUX_CARRY4_CARRY8/CO[7]
                         net (fo=1, routed)           0.026     2.823    bse_i/byte_statistics_engi_0/inst/byte_statistics_epcA_U10/byte_statistics_engine_ap_fsqrt_5_no_dsp_32_u/U0/i_synth/SQRT_OP.SPD.OP/i_mant_calc.MANT_SQRT/RT[14].ADDSUB/ADDSUB/CHAIN_GEN[15].C_MUX.CARRY_MUX_n_4
    SLICE_X65Y139        CARRY8 (Prop_CARRY8_SLICEL_CI_O[1])
                                                      0.076     2.899 r  bse_i/byte_statistics_engi_0/inst/byte_statistics_epcA_U10/byte_statistics_engine_ap_fsqrt_5_no_dsp_32_u/U0/i_synth/SQRT_OP.SPD.OP/i_mant_calc.MANT_SQRT/RT[14].ADDSUB/ADDSUB/CHAIN_GEN[16].C_MUX.CARRY_MUX_CARRY4_CARRY8/O[1]
                         net (fo=18, routed)          0.870     3.769    bse_i/byte_statistics_engi_0/inst/byte_statistics_epcA_U10/byte_statistics_engine_ap_fsqrt_5_no_dsp_32_u/U0/i_synth/SQRT_OP.SPD.OP/i_mant_calc.MANT_SQRT/RT[15].ADDSUB/p_56_out[16]
    SLICE_X67Y137        LUT3 (Prop_D6LUT_SLICEM_I2_O)
                                                      0.099     3.868 r  bse_i/byte_statistics_engi_0/inst/byte_statistics_epcA_U10/byte_statistics_engine_ap_fsqrt_5_no_dsp_32_u/U0/i_synth/SQRT_OP.SPD.OP/i_mant_calc.MANT_SQRT/RT[15].ADDSUB/CHAIN_GEN[3].C_MUX.CARRY_MUX_i_1/O
                         net (fo=1, routed)           0.025     3.893    bse_i/byte_statistics_engi_0/inst/byte_statistics_epcA_U10/byte_statistics_engine_ap_fsqrt_5_no_dsp_32_u/U0/i_synth/SQRT_OP.SPD.OP/i_mant_calc.MANT_SQRT/RT[15].ADDSUB/ADDSUB/opt_has_pipe.first_q_reg[4][0]
    SLICE_X67Y137        CARRY8 (Prop_CARRY8_SLICEM_S[3]_CO[7])
                                                      0.163     4.056 r  bse_i/byte_statistics_engi_0/inst/byte_statistics_epcA_U10/byte_statistics_engine_ap_fsqrt_5_no_dsp_32_u/U0/i_synth/SQRT_OP.SPD.OP/i_mant_calc.MANT_SQRT/RT[15].ADDSUB/ADDSUB/CHAIN_GEN[0].C_MUX.CARRY_MUX_CARRY4_CARRY8/CO[7]
                         net (fo=1, routed)           0.026     4.082    bse_i/byte_statistics_engi_0/inst/byte_statistics_epcA_U10/byte_statistics_engine_ap_fsqrt_5_no_dsp_32_u/U0/i_synth/SQRT_OP.SPD.OP/i_mant_calc.MANT_SQRT/RT[15].ADDSUB/ADDSUB/CHAIN_GEN[7].C_MUX.CARRY_MUX_n_4
    SLICE_X67Y138        CARRY8 (Prop_CARRY8_SLICEM_CI_CO[7])
                                                      0.015     4.097 r  bse_i/byte_statistics_engi_0/inst/byte_statistics_epcA_U10/byte_statistics_engine_ap_fsqrt_5_no_dsp_32_u/U0/i_synth/SQRT_OP.SPD.OP/i_mant_calc.MANT_SQRT/RT[15].ADDSUB/ADDSUB/CHAIN_GEN[8].C_MUX.CARRY_MUX_CARRY4_CARRY8/CO[7]
                         net (fo=1, routed)           0.026     4.123    bse_i/byte_statistics_engi_0/inst/byte_statistics_epcA_U10/byte_statistics_engine_ap_fsqrt_5_no_dsp_32_u/U0/i_synth/SQRT_OP.SPD.OP/i_mant_calc.MANT_SQRT/RT[15].ADDSUB/ADDSUB/CHAIN_GEN[15].C_MUX.CARRY_MUX_n_4
    SLICE_X67Y139        CARRY8 (Prop_CARRY8_SLICEM_CI_O[2])
                                                      0.067     4.190 r  bse_i/byte_statistics_engi_0/inst/byte_statistics_epcA_U10/byte_statistics_engine_ap_fsqrt_5_no_dsp_32_u/U0/i_synth/SQRT_OP.SPD.OP/i_mant_calc.MANT_SQRT/RT[15].ADDSUB/ADDSUB/CHAIN_GEN[16].C_MUX.CARRY_MUX_CARRY4_CARRY8/O[2]
                         net (fo=19, routed)          0.410     4.600    bse_i/byte_statistics_engi_0/inst/byte_statistics_epcA_U10/byte_statistics_engine_ap_fsqrt_5_no_dsp_32_u/U0/i_synth/SQRT_OP.SPD.OP/i_mant_calc.MANT_SQRT/RT[16].ADDSUB/p_53_out[17]
    SLICE_X70Y139        LUT3 (Prop_D6LUT_SLICEM_I2_O)
                                                      0.122     4.722 r  bse_i/byte_statistics_engi_0/inst/byte_statistics_epcA_U10/byte_statistics_engine_ap_fsqrt_5_no_dsp_32_u/U0/i_synth/SQRT_OP.SPD.OP/i_mant_calc.MANT_SQRT/RT[16].ADDSUB/CHAIN_GEN[3].C_MUX.CARRY_MUX_i_1/O
                         net (fo=1, routed)           0.025     4.747    bse_i/byte_statistics_engi_0/inst/byte_statistics_epcA_U10/byte_statistics_engine_ap_fsqrt_5_no_dsp_32_u/U0/i_synth/SQRT_OP.SPD.OP/i_mant_calc.MANT_SQRT/RT[16].ADDSUB/ADDSUB/opt_has_pipe.first_q_reg[3][0]
    SLICE_X70Y139        CARRY8 (Prop_CARRY8_SLICEM_S[3]_CO[7])
                                                      0.163     4.910 r  bse_i/byte_statistics_engi_0/inst/byte_statistics_epcA_U10/byte_statistics_engine_ap_fsqrt_5_no_dsp_32_u/U0/i_synth/SQRT_OP.SPD.OP/i_mant_calc.MANT_SQRT/RT[16].ADDSUB/ADDSUB/CHAIN_GEN[0].C_MUX.CARRY_MUX_CARRY4_CARRY8/CO[7]
                         net (fo=1, routed)           0.026     4.936    bse_i/byte_statistics_engi_0/inst/byte_statistics_epcA_U10/byte_statistics_engine_ap_fsqrt_5_no_dsp_32_u/U0/i_synth/SQRT_OP.SPD.OP/i_mant_calc.MANT_SQRT/RT[16].ADDSUB/ADDSUB/CHAIN_GEN[7].C_MUX.CARRY_MUX_n_4
    SLICE_X70Y140        CARRY8 (Prop_CARRY8_SLICEM_CI_CO[7])
                                                      0.015     4.951 r  bse_i/byte_statistics_engi_0/inst/byte_statistics_epcA_U10/byte_statistics_engine_ap_fsqrt_5_no_dsp_32_u/U0/i_synth/SQRT_OP.SPD.OP/i_mant_calc.MANT_SQRT/RT[16].ADDSUB/ADDSUB/CHAIN_GEN[8].C_MUX.CARRY_MUX_CARRY4_CARRY8/CO[7]
                         net (fo=1, routed)           0.026     4.977    bse_i/byte_statistics_engi_0/inst/byte_statistics_epcA_U10/byte_statistics_engine_ap_fsqrt_5_no_dsp_32_u/U0/i_synth/SQRT_OP.SPD.OP/i_mant_calc.MANT_SQRT/RT[16].ADDSUB/ADDSUB/CHAIN_GEN[15].C_MUX.CARRY_MUX_n_4
    SLICE_X70Y141        CARRY8 (Prop_CARRY8_SLICEM_CI_O[3])
                                                      0.082     5.059 r  bse_i/byte_statistics_engi_0/inst/byte_statistics_epcA_U10/byte_statistics_engine_ap_fsqrt_5_no_dsp_32_u/U0/i_synth/SQRT_OP.SPD.OP/i_mant_calc.MANT_SQRT/RT[16].ADDSUB/ADDSUB/CHAIN_GEN[16].C_MUX.CARRY_MUX_CARRY4_CARRY8/O[3]
                         net (fo=20, routed)          0.278     5.337    bse_i/byte_statistics_engi_0/inst/byte_statistics_epcA_U10/byte_statistics_engine_ap_fsqrt_5_no_dsp_32_u/U0/i_synth/SQRT_OP.SPD.OP/i_mant_calc.MANT_SQRT/RT[17].ADDSUB/p_50_out[18]
    SLICE_X72Y139        LUT3 (Prop_F6LUT_SLICEL_I2_O)
                                                      0.148     5.485 r  bse_i/byte_statistics_engi_0/inst/byte_statistics_epcA_U10/byte_statistics_engine_ap_fsqrt_5_no_dsp_32_u/U0/i_synth/SQRT_OP.SPD.OP/i_mant_calc.MANT_SQRT/RT[17].ADDSUB/CHAIN_GEN[5].C_MUX.CARRY_MUX_i_1/O
                         net (fo=1, routed)           0.011     5.496    bse_i/byte_statistics_engi_0/inst/byte_statistics_epcA_U10/byte_statistics_engine_ap_fsqrt_5_no_dsp_32_u/U0/i_synth/SQRT_OP.SPD.OP/i_mant_calc.MANT_SQRT/RT[17].ADDSUB/ADDSUB/opt_has_pipe.first_q_reg[2][2]
    SLICE_X72Y139        CARRY8 (Prop_CARRY8_SLICEL_S[5]_CO[7])
                                                      0.155     5.651 r  bse_i/byte_statistics_engi_0/inst/byte_statistics_epcA_U10/byte_statistics_engine_ap_fsqrt_5_no_dsp_32_u/U0/i_synth/SQRT_OP.SPD.OP/i_mant_calc.MANT_SQRT/RT[17].ADDSUB/ADDSUB/CHAIN_GEN[0].C_MUX.CARRY_MUX_CARRY4_CARRY8/CO[7]
                         net (fo=1, routed)           0.026     5.677    bse_i/byte_statistics_engi_0/inst/byte_statistics_epcA_U10/byte_statistics_engine_ap_fsqrt_5_no_dsp_32_u/U0/i_synth/SQRT_OP.SPD.OP/i_mant_calc.MANT_SQRT/RT[17].ADDSUB/ADDSUB/CHAIN_GEN[7].C_MUX.CARRY_MUX_n_4
    SLICE_X72Y140        CARRY8 (Prop_CARRY8_SLICEL_CI_CO[7])
                                                      0.015     5.692 r  bse_i/byte_statistics_engi_0/inst/byte_statistics_epcA_U10/byte_statistics_engine_ap_fsqrt_5_no_dsp_32_u/U0/i_synth/SQRT_OP.SPD.OP/i_mant_calc.MANT_SQRT/RT[17].ADDSUB/ADDSUB/CHAIN_GEN[8].C_MUX.CARRY_MUX_CARRY4_CARRY8/CO[7]
                         net (fo=1, routed)           0.026     5.718    bse_i/byte_statistics_engi_0/inst/byte_statistics_epcA_U10/byte_statistics_engine_ap_fsqrt_5_no_dsp_32_u/U0/i_synth/SQRT_OP.SPD.OP/i_mant_calc.MANT_SQRT/RT[17].ADDSUB/ADDSUB/CHAIN_GEN[15].C_MUX.CARRY_MUX_n_4
    SLICE_X72Y141        CARRY8 (Prop_CARRY8_SLICEL_CI_O[4])
                                                      0.086     5.804 r  bse_i/byte_statistics_engi_0/inst/byte_statistics_epcA_U10/byte_statistics_engine_ap_fsqrt_5_no_dsp_32_u/U0/i_synth/SQRT_OP.SPD.OP/i_mant_calc.MANT_SQRT/RT[17].ADDSUB/ADDSUB/CHAIN_GEN[16].C_MUX.CARRY_MUX_CARRY4_CARRY8/O[4]
                         net (fo=21, routed)          0.461     6.265    bse_i/byte_statistics_engi_0/inst/byte_statistics_epcA_U10/byte_statistics_engine_ap_fsqrt_5_no_dsp_32_u/U0/i_synth/SQRT_OP.SPD.OP/i_mant_calc.MANT_SQRT/RT[18].ADDSUB/ADDSUB/p_47_out[19]
    SLICE_X73Y137        CARRY8 (Prop_CARRY8_SLICEM_S[1]_CO[7])
                                                      0.190     6.455 r  bse_i/byte_statistics_engi_0/inst/byte_statistics_epcA_U10/byte_statistics_engine_ap_fsqrt_5_no_dsp_32_u/U0/i_synth/SQRT_OP.SPD.OP/i_mant_calc.MANT_SQRT/RT[18].ADDSUB/ADDSUB/CHAIN_GEN[0].C_MUX.CARRY_MUX_CARRY4_CARRY8/CO[7]
                         net (fo=1, routed)           0.026     6.481    bse_i/byte_statistics_engi_0/inst/byte_statistics_epcA_U10/byte_statistics_engine_ap_fsqrt_5_no_dsp_32_u/U0/i_synth/SQRT_OP.SPD.OP/i_mant_calc.MANT_SQRT/RT[18].ADDSUB/ADDSUB/CHAIN_GEN[7].C_MUX.CARRY_MUX_n_4
    SLICE_X73Y138        CARRY8 (Prop_CARRY8_SLICEM_CI_CO[7])
                                                      0.015     6.496 r  bse_i/byte_statistics_engi_0/inst/byte_statistics_epcA_U10/byte_statistics_engine_ap_fsqrt_5_no_dsp_32_u/U0/i_synth/SQRT_OP.SPD.OP/i_mant_calc.MANT_SQRT/RT[18].ADDSUB/ADDSUB/CHAIN_GEN[8].C_MUX.CARRY_MUX_CARRY4_CARRY8/CO[7]
                         net (fo=1, routed)           0.026     6.522    bse_i/byte_statistics_engi_0/inst/byte_statistics_epcA_U10/byte_statistics_engine_ap_fsqrt_5_no_dsp_32_u/U0/i_synth/SQRT_OP.SPD.OP/i_mant_calc.MANT_SQRT/RT[18].ADDSUB/ADDSUB/CHAIN_GEN[15].C_MUX.CARRY_MUX_n_4
    SLICE_X73Y139        CARRY8 (Prop_CARRY8_SLICEM_CI_O[5])
                                                      0.116     6.638 r  bse_i/byte_statistics_engi_0/inst/byte_statistics_epcA_U10/byte_statistics_engine_ap_fsqrt_5_no_dsp_32_u/U0/i_synth/SQRT_OP.SPD.OP/i_mant_calc.MANT_SQRT/RT[18].ADDSUB/ADDSUB/CHAIN_GEN[16].C_MUX.CARRY_MUX_CARRY4_CARRY8/O[5]
                         net (fo=22, routed)          0.323     6.961    bse_i/byte_statistics_engi_0/inst/byte_statistics_epcA_U10/byte_statistics_engine_ap_fsqrt_5_no_dsp_32_u/U0/i_synth/SQRT_OP.SPD.OP/i_mant_calc.MANT_SQRT/RT[19].ADDSUB/p_44_out[20]
    SLICE_X72Y136        LUT3 (Prop_F6LUT_SLICEL_I2_O)
                                                      0.148     7.109 r  bse_i/byte_statistics_engi_0/inst/byte_statistics_epcA_U10/byte_statistics_engine_ap_fsqrt_5_no_dsp_32_u/U0/i_synth/SQRT_OP.SPD.OP/i_mant_calc.MANT_SQRT/RT[19].ADDSUB/CHAIN_GEN[5].C_MUX.CARRY_MUX_i_1/O
                         net (fo=1, routed)           0.011     7.120    bse_i/byte_statistics_engi_0/inst/byte_statistics_epcA_U10/byte_statistics_engine_ap_fsqrt_5_no_dsp_32_u/U0/i_synth/SQRT_OP.SPD.OP/i_mant_calc.MANT_SQRT/RT[19].ADDSUB/ADDSUB/A[2]
    SLICE_X72Y136        CARRY8 (Prop_CARRY8_SLICEL_S[5]_CO[7])
                                                      0.155     7.275 r  bse_i/byte_statistics_engi_0/inst/byte_statistics_epcA_U10/byte_statistics_engine_ap_fsqrt_5_no_dsp_32_u/U0/i_synth/SQRT_OP.SPD.OP/i_mant_calc.MANT_SQRT/RT[19].ADDSUB/ADDSUB/CHAIN_GEN[0].C_MUX.CARRY_MUX_CARRY4_CARRY8/CO[7]
                         net (fo=1, routed)           0.026     7.301    bse_i/byte_statistics_engi_0/inst/byte_statistics_epcA_U10/byte_statistics_engine_ap_fsqrt_5_no_dsp_32_u/U0/i_synth/SQRT_OP.SPD.OP/i_mant_calc.MANT_SQRT/RT[19].ADDSUB/ADDSUB/CHAIN_GEN[7].C_MUX.CARRY_MUX_n_4
    SLICE_X72Y137        CARRY8 (Prop_CARRY8_SLICEL_CI_CO[7])
                                                      0.015     7.316 r  bse_i/byte_statistics_engi_0/inst/byte_statistics_epcA_U10/byte_statistics_engine_ap_fsqrt_5_no_dsp_32_u/U0/i_synth/SQRT_OP.SPD.OP/i_mant_calc.MANT_SQRT/RT[19].ADDSUB/ADDSUB/CHAIN_GEN[8].C_MUX.CARRY_MUX_CARRY4_CARRY8/CO[7]
                         net (fo=1, routed)           0.026     7.342    bse_i/byte_statistics_engi_0/inst/byte_statistics_epcA_U10/byte_statistics_engine_ap_fsqrt_5_no_dsp_32_u/U0/i_synth/SQRT_OP.SPD.OP/i_mant_calc.MANT_SQRT/RT[19].ADDSUB/ADDSUB/CHAIN_GEN[15].C_MUX.CARRY_MUX_n_4
    SLICE_X72Y138        CARRY8 (Prop_CARRY8_SLICEL_CI_O[6])
                                                      0.103     7.445 r  bse_i/byte_statistics_engi_0/inst/byte_statistics_epcA_U10/byte_statistics_engine_ap_fsqrt_5_no_dsp_32_u/U0/i_synth/SQRT_OP.SPD.OP/i_mant_calc.MANT_SQRT/RT[19].ADDSUB/ADDSUB/CHAIN_GEN[16].C_MUX.CARRY_MUX_CARRY4_CARRY8/O[6]
                         net (fo=23, routed)          0.211     7.656    bse_i/byte_statistics_engi_0/inst/byte_statistics_epcA_U10/byte_statistics_engine_ap_fsqrt_5_no_dsp_32_u/U0/i_synth/SQRT_OP.SPD.OP/i_mant_calc.MANT_SQRT/RT[20].ADDSUB/Q[21]
    SLICE_X71Y137        LUT3 (Prop_B6LUT_SLICEM_I2_O)
                                                      0.149     7.805 r  bse_i/byte_statistics_engi_0/inst/byte_statistics_epcA_U10/byte_statistics_engine_ap_fsqrt_5_no_dsp_32_u/U0/i_synth/SQRT_OP.SPD.OP/i_mant_calc.MANT_SQRT/RT[20].ADDSUB/CHAIN_GEN[9].C_MUX.CARRY_MUX_i_1/O
                         net (fo=1, routed)           0.016     7.821    bse_i/byte_statistics_engi_0/inst/byte_statistics_epcA_U10/byte_statistics_engine_ap_fsqrt_5_no_dsp_32_u/U0/i_synth/SQRT_OP.SPD.OP/i_mant_calc.MANT_SQRT/RT[20].ADDSUB/ADDSUB/a_ip[6]
    SLICE_X71Y137        CARRY8 (Prop_CARRY8_SLICEM_S[1]_CO[7])
                                                      0.190     8.011 r  bse_i/byte_statistics_engi_0/inst/byte_statistics_epcA_U10/byte_statistics_engine_ap_fsqrt_5_no_dsp_32_u/U0/i_synth/SQRT_OP.SPD.OP/i_mant_calc.MANT_SQRT/RT[20].ADDSUB/ADDSUB/CHAIN_GEN[8].C_MUX.CARRY_MUX_CARRY4_CARRY8/CO[7]
                         net (fo=1, routed)           0.026     8.037    bse_i/byte_statistics_engi_0/inst/byte_statistics_epcA_U10/byte_statistics_engine_ap_fsqrt_5_no_dsp_32_u/U0/i_synth/SQRT_OP.SPD.OP/i_mant_calc.MANT_SQRT/RT[20].ADDSUB/ADDSUB/CHAIN_GEN[15].C_MUX.CARRY_MUX_n_4
    SLICE_X71Y138        CARRY8 (Prop_CARRY8_SLICEM_CI_O[7])
                                                      0.116     8.153 r  bse_i/byte_statistics_engi_0/inst/byte_statistics_epcA_U10/byte_statistics_engine_ap_fsqrt_5_no_dsp_32_u/U0/i_synth/SQRT_OP.SPD.OP/i_mant_calc.MANT_SQRT/RT[20].ADDSUB/ADDSUB/CHAIN_GEN[16].C_MUX.CARRY_MUX_CARRY4_CARRY8/O[7]
                         net (fo=1, routed)           0.026     8.179    bse_i/byte_statistics_engi_0/inst/byte_statistics_epcA_U10/byte_statistics_engine_ap_fsqrt_5_no_dsp_32_u/U0/i_synth/SQRT_OP.SPD.OP/i_mant_calc.MANT_SQRT/RT[20].ADDSUB/ADDSUB/Q_DEL/i_pipe/CHAIN_GEN[23].Q_XOR.SUM_XOR__0
    SLICE_X71Y138        FDRE                                         r  bse_i/byte_statistics_engi_0/inst/byte_statistics_epcA_U10/byte_statistics_engine_ap_fsqrt_5_no_dsp_32_u/U0/i_synth/SQRT_OP.SPD.OP/i_mant_calc.MANT_SQRT/RT[20].ADDSUB/ADDSUB/Q_DEL/i_pipe/opt_has_pipe.first_q_reg[23]/D
  -------------------------------------------------------------------    -------------------

                         (clock clk_pl_0 rise edge)
                                                     10.000    10.000 r  
    PS8_X0Y0             PS8                          0.000    10.000 r  bse_i/zynq_ultra_ps_e_0/inst/PS8_i/PLCLK[0]
                         net (fo=1, routed)           0.143    10.143    bse_i/zynq_ultra_ps_e_0/inst/pl_clk_unbuffered[0]
    BUFG_PS_X0Y95        BUFG_PS (Prop_BUFG_PS_I_O)
                                                      0.025    10.168 r  bse_i/zynq_ultra_ps_e_0/inst/buffer_pl_clk_0.PL_CLK_0_BUFG/O
    X1Y2 (CLOCK_ROOT)    net (fo=24139, routed)       1.757    11.925    bse_i/byte_statistics_engi_0/inst/byte_statistics_epcA_U10/byte_statistics_engine_ap_fsqrt_5_no_dsp_32_u/U0/i_synth/SQRT_OP.SPD.OP/i_mant_calc.MANT_SQRT/RT[20].ADDSUB/ADDSUB/Q_DEL/i_pipe/aclk
    SLICE_X71Y138        FDRE                                         r  bse_i/byte_statistics_engi_0/inst/byte_statistics_epcA_U10/byte_statistics_engine_ap_fsqrt_5_no_dsp_32_u/U0/i_synth/SQRT_OP.SPD.OP/i_mant_calc.MANT_SQRT/RT[20].ADDSUB/ADDSUB/Q_DEL/i_pipe/opt_has_pipe.first_q_reg[23]/C
                         clock pessimism              0.171    12.096    
                         clock uncertainty           -0.130    11.966    
    SLICE_X71Y138        FDRE (Setup_HFF_SLICEM_C_D)
                                                      0.025    11.991    bse_i/byte_statistics_engi_0/inst/byte_statistics_epcA_U10/byte_statistics_engine_ap_fsqrt_5_no_dsp_32_u/U0/i_synth/SQRT_OP.SPD.OP/i_mant_calc.MANT_SQRT/RT[20].ADDSUB/ADDSUB/Q_DEL/i_pipe/opt_has_pipe.first_q_reg[23]
  -------------------------------------------------------------------
                         required time                         11.991    
                         arrival time                          -8.179    
  -------------------------------------------------------------------
                         slack                                  3.812    

Slack (MET) :             3.813ns  (required time - arrival time)
  Source:                 bse_i/byte_statistics_engi_0/inst/byte_statistics_epcA_U10/byte_statistics_engine_ap_fsqrt_5_no_dsp_32_u/U0/i_synth/SQRT_OP.SPD.OP/i_mant_calc.MANT_SQRT/RT[13].Q_DEL/i_pipe/opt_has_pipe.first_q_reg[2]/C
                            (rising edge-triggered cell FDRE clocked by clk_pl_0  {rise@0.000ns fall@5.000ns period=10.000ns})
  Destination:            bse_i/byte_statistics_engi_0/inst/byte_statistics_epcA_U10/byte_statistics_engine_ap_fsqrt_5_no_dsp_32_u/U0/i_synth/SQRT_OP.SPD.OP/i_mant_calc.MANT_SQRT/RT[20].ADDSUB/ADDSUB/Q_DEL/i_pipe/opt_has_pipe.first_q_reg[21]/D
                            (rising edge-triggered cell FDRE clocked by clk_pl_0  {rise@0.000ns fall@5.000ns period=10.000ns})
  Path Group:             clk_pl_0
  Path Type:              Setup (Max at Slow Process Corner)
  Requirement:            10.000ns  (clk_pl_0 rise@10.000ns - clk_pl_0 rise@0.000ns)
  Data Path Delay:        6.145ns  (logic 2.709ns (44.085%)  route 3.436ns (55.915%))
  Logic Levels:           26  (CARRY8=20 LUT3=6)
  Clock Path Skew:        0.063ns (DCD - SCD + CPR)
    Destination Clock Delay (DCD):    1.925ns = ( 11.925 - 10.000 ) 
    Source Clock Delay      (SCD):    2.033ns
    Clock Pessimism Removal (CPR):    0.171ns
  Clock Uncertainty:      0.130ns  ((TSJ^2 + DJ^2)^1/2) / 2 + PE
    Total System Jitter     (TSJ):    0.071ns
    Discrete Jitter          (DJ):    0.250ns
    Phase Error              (PE):    0.000ns
  Clock Net Delay (Source):      1.825ns (routing 0.666ns, distribution 1.159ns)
  Clock Net Delay (Destination): 1.757ns (routing 0.600ns, distribution 1.157ns)

    Location             Delay type                Incr(ns)  Path(ns)    Netlist Resource(s)
  -------------------------------------------------------------------    -------------------
                         (clock clk_pl_0 rise edge)
                                                      0.000     0.000 r  
    PS8_X0Y0             PS8                          0.000     0.000 r  bse_i/zynq_ultra_ps_e_0/inst/PS8_i/PLCLK[0]
                         net (fo=1, routed)           0.180     0.180    bse_i/zynq_ultra_ps_e_0/inst/pl_clk_unbuffered[0]
    BUFG_PS_X0Y95        BUFG_PS (Prop_BUFG_PS_I_O)
                                                      0.028     0.208 r  bse_i/zynq_ultra_ps_e_0/inst/buffer_pl_clk_0.PL_CLK_0_BUFG/O
    X1Y2 (CLOCK_ROOT)    net (fo=24139, routed)       1.825     2.033    bse_i/byte_statistics_engi_0/inst/byte_statistics_epcA_U10/byte_statistics_engine_ap_fsqrt_5_no_dsp_32_u/U0/i_synth/SQRT_OP.SPD.OP/i_mant_calc.MANT_SQRT/RT[13].Q_DEL/i_pipe/aclk
    SLICE_X62Y149        FDRE                                         r  bse_i/byte_statistics_engi_0/inst/byte_statistics_epcA_U10/byte_statistics_engine_ap_fsqrt_5_no_dsp_32_u/U0/i_synth/SQRT_OP.SPD.OP/i_mant_calc.MANT_SQRT/RT[13].Q_DEL/i_pipe/opt_has_pipe.first_q_reg[2]/C
  -------------------------------------------------------------------    -------------------
    SLICE_X62Y149        FDRE (Prop_GFF_SLICEL_C_Q)
                                                      0.079     2.112 r  bse_i/byte_statistics_engi_0/inst/byte_statistics_epcA_U10/byte_statistics_engine_ap_fsqrt_5_no_dsp_32_u/U0/i_synth/SQRT_OP.SPD.OP/i_mant_calc.MANT_SQRT/RT[13].Q_DEL/i_pipe/opt_has_pipe.first_q_reg[2]/Q
                         net (fo=8, routed)           0.424     2.536    bse_i/byte_statistics_engi_0/inst/byte_statistics_epcA_U10/byte_statistics_engine_ap_fsqrt_5_no_dsp_32_u/U0/i_synth/SQRT_OP.SPD.OP/i_mant_calc.MANT_SQRT/RT[14].ADDSUB/addend_a[2]
    SLICE_X65Y137        LUT3 (Prop_G6LUT_SLICEL_I1_O)
                                                      0.097     2.633 r  bse_i/byte_statistics_engi_0/inst/byte_statistics_epcA_U10/byte_statistics_engine_ap_fsqrt_5_no_dsp_32_u/U0/i_synth/SQRT_OP.SPD.OP/i_mant_calc.MANT_SQRT/RT[14].ADDSUB/CHAIN_GEN[6].C_MUX.CARRY_MUX_i_1/O
                         net (fo=1, routed)           0.008     2.641    bse_i/byte_statistics_engi_0/inst/byte_statistics_epcA_U10/byte_statistics_engine_ap_fsqrt_5_no_dsp_32_u/U0/i_synth/SQRT_OP.SPD.OP/i_mant_calc.MANT_SQRT/RT[14].ADDSUB/ADDSUB/opt_has_pipe.first_q_reg[5][3]
    SLICE_X65Y137        CARRY8 (Prop_CARRY8_SLICEL_S[6]_CO[7])
                                                      0.115     2.756 r  bse_i/byte_statistics_engi_0/inst/byte_statistics_epcA_U10/byte_statistics_engine_ap_fsqrt_5_no_dsp_32_u/U0/i_synth/SQRT_OP.SPD.OP/i_mant_calc.MANT_SQRT/RT[14].ADDSUB/ADDSUB/CHAIN_GEN[0].C_MUX.CARRY_MUX_CARRY4_CARRY8/CO[7]
                         net (fo=1, routed)           0.026     2.782    bse_i/byte_statistics_engi_0/inst/byte_statistics_epcA_U10/byte_statistics_engine_ap_fsqrt_5_no_dsp_32_u/U0/i_synth/SQRT_OP.SPD.OP/i_mant_calc.MANT_SQRT/RT[14].ADDSUB/ADDSUB/CHAIN_GEN[7].C_MUX.CARRY_MUX_n_4
    SLICE_X65Y138        CARRY8 (Prop_CARRY8_SLICEL_CI_CO[7])
                                                      0.015     2.797 r  bse_i/byte_statistics_engi_0/inst/byte_statistics_epcA_U10/byte_statistics_engine_ap_fsqrt_5_no_dsp_32_u/U0/i_synth/SQRT_OP.SPD.OP/i_mant_calc.MANT_SQRT/RT[14].ADDSUB/ADDSUB/CHAIN_GEN[8].C_MUX.CARRY_MUX_CARRY4_CARRY8/CO[7]
                         net (fo=1, routed)           0.026     2.823    bse_i/byte_statistics_engi_0/inst/byte_statistics_epcA_U10/byte_statistics_engine_ap_fsqrt_5_no_dsp_32_u/U0/i_synth/SQRT_OP.SPD.OP/i_mant_calc.MANT_SQRT/RT[14].ADDSUB/ADDSUB/CHAIN_GEN[15].C_MUX.CARRY_MUX_n_4
    SLICE_X65Y139        CARRY8 (Prop_CARRY8_SLICEL_CI_O[1])
                                                      0.076     2.899 r  bse_i/byte_statistics_engi_0/inst/byte_statistics_epcA_U10/byte_statistics_engine_ap_fsqrt_5_no_dsp_32_u/U0/i_synth/SQRT_OP.SPD.OP/i_mant_calc.MANT_SQRT/RT[14].ADDSUB/ADDSUB/CHAIN_GEN[16].C_MUX.CARRY_MUX_CARRY4_CARRY8/O[1]
                         net (fo=18, routed)          0.870     3.769    bse_i/byte_statistics_engi_0/inst/byte_statistics_epcA_U10/byte_statistics_engine_ap_fsqrt_5_no_dsp_32_u/U0/i_synth/SQRT_OP.SPD.OP/i_mant_calc.MANT_SQRT/RT[15].ADDSUB/p_56_out[16]
    SLICE_X67Y137        LUT3 (Prop_D6LUT_SLICEM_I2_O)
                                                      0.099     3.868 r  bse_i/byte_statistics_engi_0/inst/byte_statistics_epcA_U10/byte_statistics_engine_ap_fsqrt_5_no_dsp_32_u/U0/i_synth/SQRT_OP.SPD.OP/i_mant_calc.MANT_SQRT/RT[15].ADDSUB/CHAIN_GEN[3].C_MUX.CARRY_MUX_i_1/O
                         net (fo=1, routed)           0.025     3.893    bse_i/byte_statistics_engi_0/inst/byte_statistics_epcA_U10/byte_statistics_engine_ap_fsqrt_5_no_dsp_32_u/U0/i_synth/SQRT_OP.SPD.OP/i_mant_calc.MANT_SQRT/RT[15].ADDSUB/ADDSUB/opt_has_pipe.first_q_reg[4][0]
    SLICE_X67Y137        CARRY8 (Prop_CARRY8_SLICEM_S[3]_CO[7])
                                                      0.163     4.056 r  bse_i/byte_statistics_engi_0/inst/byte_statistics_epcA_U10/byte_statistics_engine_ap_fsqrt_5_no_dsp_32_u/U0/i_synth/SQRT_OP.SPD.OP/i_mant_calc.MANT_SQRT/RT[15].ADDSUB/ADDSUB/CHAIN_GEN[0].C_MUX.CARRY_MUX_CARRY4_CARRY8/CO[7]
                         net (fo=1, routed)           0.026     4.082    bse_i/byte_statistics_engi_0/inst/byte_statistics_epcA_U10/byte_statistics_engine_ap_fsqrt_5_no_dsp_32_u/U0/i_synth/SQRT_OP.SPD.OP/i_mant_calc.MANT_SQRT/RT[15].ADDSUB/ADDSUB/CHAIN_GEN[7].C_MUX.CARRY_MUX_n_4
    SLICE_X67Y138        CARRY8 (Prop_CARRY8_SLICEM_CI_CO[7])
                                                      0.015     4.097 r  bse_i/byte_statistics_engi_0/inst/byte_statistics_epcA_U10/byte_statistics_engine_ap_fsqrt_5_no_dsp_32_u/U0/i_synth/SQRT_OP.SPD.OP/i_mant_calc.MANT_SQRT/RT[15].ADDSUB/ADDSUB/CHAIN_GEN[8].C_MUX.CARRY_MUX_CARRY4_CARRY8/CO[7]
                         net (fo=1, routed)           0.026     4.123    bse_i/byte_statistics_engi_0/inst/byte_statistics_epcA_U10/byte_statistics_engine_ap_fsqrt_5_no_dsp_32_u/U0/i_synth/SQRT_OP.SPD.OP/i_mant_calc.MANT_SQRT/RT[15].ADDSUB/ADDSUB/CHAIN_GEN[15].C_MUX.CARRY_MUX_n_4
    SLICE_X67Y139        CARRY8 (Prop_CARRY8_SLICEM_CI_O[2])
                                                      0.067     4.190 r  bse_i/byte_statistics_engi_0/inst/byte_statistics_epcA_U10/byte_statistics_engine_ap_fsqrt_5_no_dsp_32_u/U0/i_synth/SQRT_OP.SPD.OP/i_mant_calc.MANT_SQRT/RT[15].ADDSUB/ADDSUB/CHAIN_GEN[16].C_MUX.CARRY_MUX_CARRY4_CARRY8/O[2]
                         net (fo=19, routed)          0.410     4.600    bse_i/byte_statistics_engi_0/inst/byte_statistics_epcA_U10/byte_statistics_engine_ap_fsqrt_5_no_dsp_32_u/U0/i_synth/SQRT_OP.SPD.OP/i_mant_calc.MANT_SQRT/RT[16].ADDSUB/p_53_out[17]
    SLICE_X70Y139        LUT3 (Prop_D6LUT_SLICEM_I2_O)
                                                      0.122     4.722 r  bse_i/byte_statistics_engi_0/inst/byte_statistics_epcA_U10/byte_statistics_engine_ap_fsqrt_5_no_dsp_32_u/U0/i_synth/SQRT_OP.SPD.OP/i_mant_calc.MANT_SQRT/RT[16].ADDSUB/CHAIN_GEN[3].C_MUX.CARRY_MUX_i_1/O
                         net (fo=1, routed)           0.025     4.747    bse_i/byte_statistics_engi_0/inst/byte_statistics_epcA_U10/byte_statistics_engine_ap_fsqrt_5_no_dsp_32_u/U0/i_synth/SQRT_OP.SPD.OP/i_mant_calc.MANT_SQRT/RT[16].ADDSUB/ADDSUB/opt_has_pipe.first_q_reg[3][0]
    SLICE_X70Y139        CARRY8 (Prop_CARRY8_SLICEM_S[3]_CO[7])
                                                      0.163     4.910 r  bse_i/byte_statistics_engi_0/inst/byte_statistics_epcA_U10/byte_statistics_engine_ap_fsqrt_5_no_dsp_32_u/U0/i_synth/SQRT_OP.SPD.OP/i_mant_calc.MANT_SQRT/RT[16].ADDSUB/ADDSUB/CHAIN_GEN[0].C_MUX.CARRY_MUX_CARRY4_CARRY8/CO[7]
                         net (fo=1, routed)           0.026     4.936    bse_i/byte_statistics_engi_0/inst/byte_statistics_epcA_U10/byte_statistics_engine_ap_fsqrt_5_no_dsp_32_u/U0/i_synth/SQRT_OP.SPD.OP/i_mant_calc.MANT_SQRT/RT[16].ADDSUB/ADDSUB/CHAIN_GEN[7].C_MUX.CARRY_MUX_n_4
    SLICE_X70Y140        CARRY8 (Prop_CARRY8_SLICEM_CI_CO[7])
                                                      0.015     4.951 r  bse_i/byte_statistics_engi_0/inst/byte_statistics_epcA_U10/byte_statistics_engine_ap_fsqrt_5_no_dsp_32_u/U0/i_synth/SQRT_OP.SPD.OP/i_mant_calc.MANT_SQRT/RT[16].ADDSUB/ADDSUB/CHAIN_GEN[8].C_MUX.CARRY_MUX_CARRY4_CARRY8/CO[7]
                         net (fo=1, routed)           0.026     4.977    bse_i/byte_statistics_engi_0/inst/byte_statistics_epcA_U10/byte_statistics_engine_ap_fsqrt_5_no_dsp_32_u/U0/i_synth/SQRT_OP.SPD.OP/i_mant_calc.MANT_SQRT/RT[16].ADDSUB/ADDSUB/CHAIN_GEN[15].C_MUX.CARRY_MUX_n_4
    SLICE_X70Y141        CARRY8 (Prop_CARRY8_SLICEM_CI_O[3])
                                                      0.082     5.059 r  bse_i/byte_statistics_engi_0/inst/byte_statistics_epcA_U10/byte_statistics_engine_ap_fsqrt_5_no_dsp_32_u/U0/i_synth/SQRT_OP.SPD.OP/i_mant_calc.MANT_SQRT/RT[16].ADDSUB/ADDSUB/CHAIN_GEN[16].C_MUX.CARRY_MUX_CARRY4_CARRY8/O[3]
                         net (fo=20, routed)          0.278     5.337    bse_i/byte_statistics_engi_0/inst/byte_statistics_epcA_U10/byte_statistics_engine_ap_fsqrt_5_no_dsp_32_u/U0/i_synth/SQRT_OP.SPD.OP/i_mant_calc.MANT_SQRT/RT[17].ADDSUB/p_50_out[18]
    SLICE_X72Y139        LUT3 (Prop_F6LUT_SLICEL_I2_O)
                                                      0.148     5.485 r  bse_i/byte_statistics_engi_0/inst/byte_statistics_epcA_U10/byte_statistics_engine_ap_fsqrt_5_no_dsp_32_u/U0/i_synth/SQRT_OP.SPD.OP/i_mant_calc.MANT_SQRT/RT[17].ADDSUB/CHAIN_GEN[5].C_MUX.CARRY_MUX_i_1/O
                         net (fo=1, routed)           0.011     5.496    bse_i/byte_statistics_engi_0/inst/byte_statistics_epcA_U10/byte_statistics_engine_ap_fsqrt_5_no_dsp_32_u/U0/i_synth/SQRT_OP.SPD.OP/i_mant_calc.MANT_SQRT/RT[17].ADDSUB/ADDSUB/opt_has_pipe.first_q_reg[2][2]
    SLICE_X72Y139        CARRY8 (Prop_CARRY8_SLICEL_S[5]_CO[7])
                                                      0.155     5.651 r  bse_i/byte_statistics_engi_0/inst/byte_statistics_epcA_U10/byte_statistics_engine_ap_fsqrt_5_no_dsp_32_u/U0/i_synth/SQRT_OP.SPD.OP/i_mant_calc.MANT_SQRT/RT[17].ADDSUB/ADDSUB/CHAIN_GEN[0].C_MUX.CARRY_MUX_CARRY4_CARRY8/CO[7]
                         net (fo=1, routed)           0.026     5.677    bse_i/byte_statistics_engi_0/inst/byte_statistics_epcA_U10/byte_statistics_engine_ap_fsqrt_5_no_dsp_32_u/U0/i_synth/SQRT_OP.SPD.OP/i_mant_calc.MANT_SQRT/RT[17].ADDSUB/ADDSUB/CHAIN_GEN[7].C_MUX.CARRY_MUX_n_4
    SLICE_X72Y140        CARRY8 (Prop_CARRY8_SLICEL_CI_CO[7])
                                                      0.015     5.692 r  bse_i/byte_statistics_engi_0/inst/byte_statistics_epcA_U10/byte_statistics_engine_ap_fsqrt_5_no_dsp_32_u/U0/i_synth/SQRT_OP.SPD.OP/i_mant_calc.MANT_SQRT/RT[17].ADDSUB/ADDSUB/CHAIN_GEN[8].C_MUX.CARRY_MUX_CARRY4_CARRY8/CO[7]
                         net (fo=1, routed)           0.026     5.718    bse_i/byte_statistics_engi_0/inst/byte_statistics_epcA_U10/byte_statistics_engine_ap_fsqrt_5_no_dsp_32_u/U0/i_synth/SQRT_OP.SPD.OP/i_mant_calc.MANT_SQRT/RT[17].ADDSUB/ADDSUB/CHAIN_GEN[15].C_MUX.CARRY_MUX_n_4
    SLICE_X72Y141        CARRY8 (Prop_CARRY8_SLICEL_CI_O[4])
                                                      0.086     5.804 r  bse_i/byte_statistics_engi_0/inst/byte_statistics_epcA_U10/byte_statistics_engine_ap_fsqrt_5_no_dsp_32_u/U0/i_synth/SQRT_OP.SPD.OP/i_mant_calc.MANT_SQRT/RT[17].ADDSUB/ADDSUB/CHAIN_GEN[16].C_MUX.CARRY_MUX_CARRY4_CARRY8/O[4]
                         net (fo=21, routed)          0.461     6.265    bse_i/byte_statistics_engi_0/inst/byte_statistics_epcA_U10/byte_statistics_engine_ap_fsqrt_5_no_dsp_32_u/U0/i_synth/SQRT_OP.SPD.OP/i_mant_calc.MANT_SQRT/RT[18].ADDSUB/ADDSUB/p_47_out[19]
    SLICE_X73Y137        CARRY8 (Prop_CARRY8_SLICEM_S[1]_CO[7])
                                                      0.190     6.455 r  bse_i/byte_statistics_engi_0/inst/byte_statistics_epcA_U10/byte_statistics_engine_ap_fsqrt_5_no_dsp_32_u/U0/i_synth/SQRT_OP.SPD.OP/i_mant_calc.MANT_SQRT/RT[18].ADDSUB/ADDSUB/CHAIN_GEN[0].C_MUX.CARRY_MUX_CARRY4_CARRY8/CO[7]
                         net (fo=1, routed)           0.026     6.481    bse_i/byte_statistics_engi_0/inst/byte_statistics_epcA_U10/byte_statistics_engine_ap_fsqrt_5_no_dsp_32_u/U0/i_synth/SQRT_OP.SPD.OP/i_mant_calc.MANT_SQRT/RT[18].ADDSUB/ADDSUB/CHAIN_GEN[7].C_MUX.CARRY_MUX_n_4
    SLICE_X73Y138        CARRY8 (Prop_CARRY8_SLICEM_CI_CO[7])
                                                      0.015     6.496 r  bse_i/byte_statistics_engi_0/inst/byte_statistics_epcA_U10/byte_statistics_engine_ap_fsqrt_5_no_dsp_32_u/U0/i_synth/SQRT_OP.SPD.OP/i_mant_calc.MANT_SQRT/RT[18].ADDSUB/ADDSUB/CHAIN_GEN[8].C_MUX.CARRY_MUX_CARRY4_CARRY8/CO[7]
                         net (fo=1, routed)           0.026     6.522    bse_i/byte_statistics_engi_0/inst/byte_statistics_epcA_U10/byte_statistics_engine_ap_fsqrt_5_no_dsp_32_u/U0/i_synth/SQRT_OP.SPD.OP/i_mant_calc.MANT_SQRT/RT[18].ADDSUB/ADDSUB/CHAIN_GEN[15].C_MUX.CARRY_MUX_n_4
    SLICE_X73Y139        CARRY8 (Prop_CARRY8_SLICEM_CI_O[5])
                                                      0.116     6.638 r  bse_i/byte_statistics_engi_0/inst/byte_statistics_epcA_U10/byte_statistics_engine_ap_fsqrt_5_no_dsp_32_u/U0/i_synth/SQRT_OP.SPD.OP/i_mant_calc.MANT_SQRT/RT[18].ADDSUB/ADDSUB/CHAIN_GEN[16].C_MUX.CARRY_MUX_CARRY4_CARRY8/O[5]
                         net (fo=22, routed)          0.323     6.961    bse_i/byte_statistics_engi_0/inst/byte_statistics_epcA_U10/byte_statistics_engine_ap_fsqrt_5_no_dsp_32_u/U0/i_synth/SQRT_OP.SPD.OP/i_mant_calc.MANT_SQRT/RT[19].ADDSUB/p_44_out[20]
    SLICE_X72Y136        LUT3 (Prop_F6LUT_SLICEL_I2_O)
                                                      0.148     7.109 r  bse_i/byte_statistics_engi_0/inst/byte_statistics_epcA_U10/byte_statistics_engine_ap_fsqrt_5_no_dsp_32_u/U0/i_synth/SQRT_OP.SPD.OP/i_mant_calc.MANT_SQRT/RT[19].ADDSUB/CHAIN_GEN[5].C_MUX.CARRY_MUX_i_1/O
                         net (fo=1, routed)           0.011     7.120    bse_i/byte_statistics_engi_0/inst/byte_statistics_epcA_U10/byte_statistics_engine_ap_fsqrt_5_no_dsp_32_u/U0/i_synth/SQRT_OP.SPD.OP/i_mant_calc.MANT_SQRT/RT[19].ADDSUB/ADDSUB/A[2]
    SLICE_X72Y136        CARRY8 (Prop_CARRY8_SLICEL_S[5]_CO[7])
                                                      0.155     7.275 r  bse_i/byte_statistics_engi_0/inst/byte_statistics_epcA_U10/byte_statistics_engine_ap_fsqrt_5_no_dsp_32_u/U0/i_synth/SQRT_OP.SPD.OP/i_mant_calc.MANT_SQRT/RT[19].ADDSUB/ADDSUB/CHAIN_GEN[0].C_MUX.CARRY_MUX_CARRY4_CARRY8/CO[7]
                         net (fo=1, routed)           0.026     7.301    bse_i/byte_statistics_engi_0/inst/byte_statistics_epcA_U10/byte_statistics_engine_ap_fsqrt_5_no_dsp_32_u/U0/i_synth/SQRT_OP.SPD.OP/i_mant_calc.MANT_SQRT/RT[19].ADDSUB/ADDSUB/CHAIN_GEN[7].C_MUX.CARRY_MUX_n_4
    SLICE_X72Y137        CARRY8 (Prop_CARRY8_SLICEL_CI_CO[7])
                                                      0.015     7.316 r  bse_i/byte_statistics_engi_0/inst/byte_statistics_epcA_U10/byte_statistics_engine_ap_fsqrt_5_no_dsp_32_u/U0/i_synth/SQRT_OP.SPD.OP/i_mant_calc.MANT_SQRT/RT[19].ADDSUB/ADDSUB/CHAIN_GEN[8].C_MUX.CARRY_MUX_CARRY4_CARRY8/CO[7]
                         net (fo=1, routed)           0.026     7.342    bse_i/byte_statistics_engi_0/inst/byte_statistics_epcA_U10/byte_statistics_engine_ap_fsqrt_5_no_dsp_32_u/U0/i_synth/SQRT_OP.SPD.OP/i_mant_calc.MANT_SQRT/RT[19].ADDSUB/ADDSUB/CHAIN_GEN[15].C_MUX.CARRY_MUX_n_4
    SLICE_X72Y138        CARRY8 (Prop_CARRY8_SLICEL_CI_O[6])
                                                      0.103     7.445 r  bse_i/byte_statistics_engi_0/inst/byte_statistics_epcA_U10/byte_statistics_engine_ap_fsqrt_5_no_dsp_32_u/U0/i_synth/SQRT_OP.SPD.OP/i_mant_calc.MANT_SQRT/RT[19].ADDSUB/ADDSUB/CHAIN_GEN[16].C_MUX.CARRY_MUX_CARRY4_CARRY8/O[6]
                         net (fo=23, routed)          0.211     7.656    bse_i/byte_statistics_engi_0/inst/byte_statistics_epcA_U10/byte_statistics_engine_ap_fsqrt_5_no_dsp_32_u/U0/i_synth/SQRT_OP.SPD.OP/i_mant_calc.MANT_SQRT/RT[20].ADDSUB/Q[21]
    SLICE_X71Y137        LUT3 (Prop_B6LUT_SLICEM_I2_O)
                                                      0.149     7.805 r  bse_i/byte_statistics_engi_0/inst/byte_statistics_epcA_U10/byte_statistics_engine_ap_fsqrt_5_no_dsp_32_u/U0/i_synth/SQRT_OP.SPD.OP/i_mant_calc.MANT_SQRT/RT[20].ADDSUB/CHAIN_GEN[9].C_MUX.CARRY_MUX_i_1/O
                         net (fo=1, routed)           0.016     7.821    bse_i/byte_statistics_engi_0/inst/byte_statistics_epcA_U10/byte_statistics_engine_ap_fsqrt_5_no_dsp_32_u/U0/i_synth/SQRT_OP.SPD.OP/i_mant_calc.MANT_SQRT/RT[20].ADDSUB/ADDSUB/a_ip[6]
    SLICE_X71Y137        CARRY8 (Prop_CARRY8_SLICEM_S[1]_CO[7])
                                                      0.190     8.011 r  bse_i/byte_statistics_engi_0/inst/byte_statistics_epcA_U10/byte_statistics_engine_ap_fsqrt_5_no_dsp_32_u/U0/i_synth/SQRT_OP.SPD.OP/i_mant_calc.MANT_SQRT/RT[20].ADDSUB/ADDSUB/CHAIN_GEN[8].C_MUX.CARRY_MUX_CARRY4_CARRY8/CO[7]
                         net (fo=1, routed)           0.026     8.037    bse_i/byte_statistics_engi_0/inst/byte_statistics_epcA_U10/byte_statistics_engine_ap_fsqrt_5_no_dsp_32_u/U0/i_synth/SQRT_OP.SPD.OP/i_mant_calc.MANT_SQRT/RT[20].ADDSUB/ADDSUB/CHAIN_GEN[15].C_MUX.CARRY_MUX_n_4
    SLICE_X71Y138        CARRY8 (Prop_CARRY8_SLICEM_CI_O[5])
                                                      0.116     8.153 r  bse_i/byte_statistics_engi_0/inst/byte_statistics_epcA_U10/byte_statistics_engine_ap_fsqrt_5_no_dsp_32_u/U0/i_synth/SQRT_OP.SPD.OP/i_mant_calc.MANT_SQRT/RT[20].ADDSUB/ADDSUB/CHAIN_GEN[16].C_MUX.CARRY_MUX_CARRY4_CARRY8/O[5]
                         net (fo=1, routed)           0.025     8.178    bse_i/byte_statistics_engi_0/inst/byte_statistics_epcA_U10/byte_statistics_engine_ap_fsqrt_5_no_dsp_32_u/U0/i_synth/SQRT_OP.SPD.OP/i_mant_calc.MANT_SQRT/RT[20].ADDSUB/ADDSUB/Q_DEL/i_pipe/p_3_out
    SLICE_X71Y138        FDRE                                         r  bse_i/byte_statistics_engi_0/inst/byte_statistics_epcA_U10/byte_statistics_engine_ap_fsqrt_5_no_dsp_32_u/U0/i_synth/SQRT_OP.SPD.OP/i_mant_calc.MANT_SQRT/RT[20].ADDSUB/ADDSUB/Q_DEL/i_pipe/opt_has_pipe.first_q_reg[21]/D
  -------------------------------------------------------------------    -------------------

                         (clock clk_pl_0 rise edge)
                                                     10.000    10.000 r  
    PS8_X0Y0             PS8                          0.000    10.000 r  bse_i/zynq_ultra_ps_e_0/inst/PS8_i/PLCLK[0]
                         net (fo=1, routed)           0.143    10.143    bse_i/zynq_ultra_ps_e_0/inst/pl_clk_unbuffered[0]
    BUFG_PS_X0Y95        BUFG_PS (Prop_BUFG_PS_I_O)
                                                      0.025    10.168 r  bse_i/zynq_ultra_ps_e_0/inst/buffer_pl_clk_0.PL_CLK_0_BUFG/O
    X1Y2 (CLOCK_ROOT)    net (fo=24139, routed)       1.757    11.925    bse_i/byte_statistics_engi_0/inst/byte_statistics_epcA_U10/byte_statistics_engine_ap_fsqrt_5_no_dsp_32_u/U0/i_synth/SQRT_OP.SPD.OP/i_mant_calc.MANT_SQRT/RT[20].ADDSUB/ADDSUB/Q_DEL/i_pipe/aclk
    SLICE_X71Y138        FDRE                                         r  bse_i/byte_statistics_engi_0/inst/byte_statistics_epcA_U10/byte_statistics_engine_ap_fsqrt_5_no_dsp_32_u/U0/i_synth/SQRT_OP.SPD.OP/i_mant_calc.MANT_SQRT/RT[20].ADDSUB/ADDSUB/Q_DEL/i_pipe/opt_has_pipe.first_q_reg[21]/C
                         clock pessimism              0.171    12.096    
                         clock uncertainty           -0.130    11.966    
    SLICE_X71Y138        FDRE (Setup_FFF_SLICEM_C_D)
                                                      0.025    11.991    bse_i/byte_statistics_engi_0/inst/byte_statistics_epcA_U10/byte_statistics_engine_ap_fsqrt_5_no_dsp_32_u/U0/i_synth/SQRT_OP.SPD.OP/i_mant_calc.MANT_SQRT/RT[20].ADDSUB/ADDSUB/Q_DEL/i_pipe/opt_has_pipe.first_q_reg[21]
  -------------------------------------------------------------------
                         required time                         11.991    
                         arrival time                          -8.178    
  -------------------------------------------------------------------
                         slack                                  3.813    

Slack (MET) :             3.817ns  (required time - arrival time)
  Source:                 bse_i/byte_statistics_engi_0/inst/i7_reg_5298_reg[0]_rep__4/C
                            (rising edge-triggered cell FDRE clocked by clk_pl_0  {rise@0.000ns fall@5.000ns period=10.000ns})
  Destination:            bse_i/byte_statistics_engi_0/inst/out_stream_V_data_V_1_payload_A_reg[6]/D
                            (rising edge-triggered cell FDRE clocked by clk_pl_0  {rise@0.000ns fall@5.000ns period=10.000ns})
  Path Group:             clk_pl_0
  Path Type:              Setup (Max at Slow Process Corner)
  Requirement:            10.000ns  (clk_pl_0 rise@10.000ns - clk_pl_0 rise@0.000ns)
  Data Path Delay:        5.939ns  (logic 0.480ns (8.082%)  route 5.459ns (91.918%))
  Logic Levels:           6  (LUT5=1 LUT6=2 MUXF7=2 MUXF8=1)
  Clock Path Skew:        -0.140ns (DCD - SCD + CPR)
    Destination Clock Delay (DCD):    1.802ns = ( 11.802 - 10.000 ) 
    Source Clock Delay      (SCD):    2.117ns
    Clock Pessimism Removal (CPR):    0.175ns
  Clock Uncertainty:      0.130ns  ((TSJ^2 + DJ^2)^1/2) / 2 + PE
    Total System Jitter     (TSJ):    0.071ns
    Discrete Jitter          (DJ):    0.250ns
    Phase Error              (PE):    0.000ns
  Clock Net Delay (Source):      1.909ns (routing 0.666ns, distribution 1.243ns)
  Clock Net Delay (Destination): 1.634ns (routing 0.600ns, distribution 1.034ns)

    Location             Delay type                Incr(ns)  Path(ns)    Netlist Resource(s)
  -------------------------------------------------------------------    -------------------
                         (clock clk_pl_0 rise edge)
                                                      0.000     0.000 r  
    PS8_X0Y0             PS8                          0.000     0.000 r  bse_i/zynq_ultra_ps_e_0/inst/PS8_i/PLCLK[0]
                         net (fo=1, routed)           0.180     0.180    bse_i/zynq_ultra_ps_e_0/inst/pl_clk_unbuffered[0]
    BUFG_PS_X0Y95        BUFG_PS (Prop_BUFG_PS_I_O)
                                                      0.028     0.208 r  bse_i/zynq_ultra_ps_e_0/inst/buffer_pl_clk_0.PL_CLK_0_BUFG/O
    X1Y2 (CLOCK_ROOT)    net (fo=24139, routed)       1.909     2.117    bse_i/byte_statistics_engi_0/inst/ap_clk
    SLICE_X58Y108        FDRE                                         r  bse_i/byte_statistics_engi_0/inst/i7_reg_5298_reg[0]_rep__4/C
  -------------------------------------------------------------------    -------------------
    SLICE_X58Y108        FDRE (Prop_HFF_SLICEL_C_Q)
                                                      0.079     2.196 r  bse_i/byte_statistics_engi_0/inst/i7_reg_5298_reg[0]_rep__4/Q
                         net (fo=70, routed)          3.551     5.747    bse_i/byte_statistics_engi_0/inst/i7_reg_5298_reg[0]_rep__4_n_4
    SLICE_X76Y23         LUT6 (Prop_A6LUT_SLICEL_I4_O)
                                                      0.090     5.837 r  bse_i/byte_statistics_engi_0/inst/out_stream_V_data_V_1_payload_A[6]_i_115/O
                         net (fo=1, routed)           0.009     5.846    bse_i/byte_statistics_engi_0/inst/byte_statistics_evdy_U30/mux_2_31[6]
    SLICE_X76Y23         MUXF7 (Prop_F7MUX_AB_SLICEL_I1_O)
                                                      0.057     5.903 r  bse_i/byte_statistics_engi_0/inst/out_stream_V_data_V_1_payload_A_reg[6]_i_57/O
                         net (fo=1, routed)           0.000     5.903    bse_i/byte_statistics_engi_0/inst/byte_statistics_evdy_U30/mux_3_15[6]
    SLICE_X76Y23         MUXF8 (Prop_F8MUX_BOT_SLICEL_I1_O)
                                                      0.026     5.929 r  bse_i/byte_statistics_engi_0/inst/out_stream_V_data_V_1_payload_A_reg[6]_i_28/O
                         net (fo=1, routed)           0.912     6.841    bse_i/byte_statistics_engi_0/inst/byte_statistics_evdy_U30/mux_4_7[6]
    SLICE_X64Y22         LUT6 (Prop_C6LUT_SLICEM_I0_O)
                                                      0.037     6.878 r  bse_i/byte_statistics_engi_0/inst/out_stream_V_data_V_1_payload_A[6]_i_10/O
                         net (fo=1, routed)           0.021     6.899    bse_i/byte_statistics_engi_0/inst/byte_statistics_evdy_U30/mux_6_1[6]
    SLICE_X64Y22         MUXF7 (Prop_F7MUX_CD_SLICEM_I1_O)
                                                      0.068     6.967 r  bse_i/byte_statistics_engi_0/inst/out_stream_V_data_V_1_payload_A_reg[6]_i_4/O
                         net (fo=1, routed)           0.839     7.806    bse_i/byte_statistics_engi_0/inst/byte_statistics_evdy_U30/mux_7_0[6]
    SLICE_X64Y92         LUT5 (Prop_G6LUT_SLICEM_I4_O)
                                                      0.123     7.929 r  bse_i/byte_statistics_engi_0/inst/out_stream_V_data_V_1_payload_A[6]_i_1/O
                         net (fo=2, routed)           0.127     8.056    bse_i/byte_statistics_engi_0/inst/tmp_data_V_fu_11577_p1[6]
    SLICE_X64Y92         FDRE                                         r  bse_i/byte_statistics_engi_0/inst/out_stream_V_data_V_1_payload_A_reg[6]/D
  -------------------------------------------------------------------    -------------------

                         (clock clk_pl_0 rise edge)
                                                     10.000    10.000 r  
    PS8_X0Y0             PS8                          0.000    10.000 r  bse_i/zynq_ultra_ps_e_0/inst/PS8_i/PLCLK[0]
                         net (fo=1, routed)           0.143    10.143    bse_i/zynq_ultra_ps_e_0/inst/pl_clk_unbuffered[0]
    BUFG_PS_X0Y95        BUFG_PS (Prop_BUFG_PS_I_O)
                                                      0.025    10.168 r  bse_i/zynq_ultra_ps_e_0/inst/buffer_pl_clk_0.PL_CLK_0_BUFG/O
    X1Y2 (CLOCK_ROOT)    net (fo=24139, routed)       1.634    11.802    bse_i/byte_statistics_engi_0/inst/ap_clk
    SLICE_X64Y92         FDRE                                         r  bse_i/byte_statistics_engi_0/inst/out_stream_V_data_V_1_payload_A_reg[6]/C
                         clock pessimism              0.175    11.977    
                         clock uncertainty           -0.130    11.848    
    SLICE_X64Y92         FDRE (Setup_EFF2_SLICEM_C_D)
                                                      0.025    11.873    bse_i/byte_statistics_engi_0/inst/out_stream_V_data_V_1_payload_A_reg[6]
  -------------------------------------------------------------------
                         required time                         11.873    
                         arrival time                          -8.056    
  -------------------------------------------------------------------
                         slack                                  3.817    

Slack (MET) :             3.822ns  (required time - arrival time)
  Source:                 bse_i/byte_statistics_engi_0/inst/byte_statistics_epcA_U10/byte_statistics_engine_ap_fsqrt_5_no_dsp_32_u/U0/i_synth/SQRT_OP.SPD.OP/i_mant_calc.MANT_SQRT/RT[13].Q_DEL/i_pipe/opt_has_pipe.first_q_reg[2]/C
                            (rising edge-triggered cell FDRE clocked by clk_pl_0  {rise@0.000ns fall@5.000ns period=10.000ns})
  Destination:            bse_i/byte_statistics_engi_0/inst/byte_statistics_epcA_U10/byte_statistics_engine_ap_fsqrt_5_no_dsp_32_u/U0/i_synth/SQRT_OP.SPD.OP/i_mant_calc.MANT_SQRT/RT[20].ADDSUB/ADDSUB/Q_DEL/i_pipe/opt_has_pipe.first_q_reg[24]/D
                            (rising edge-triggered cell FDRE clocked by clk_pl_0  {rise@0.000ns fall@5.000ns period=10.000ns})
  Path Group:             clk_pl_0
  Path Type:              Setup (Max at Slow Process Corner)
  Requirement:            10.000ns  (clk_pl_0 rise@10.000ns - clk_pl_0 rise@0.000ns)
  Data Path Delay:        6.126ns  (logic 2.664ns (43.487%)  route 3.462ns (56.513%))
  Logic Levels:           27  (CARRY8=21 LUT3=6)
  Clock Path Skew:        0.053ns (DCD - SCD + CPR)
    Destination Clock Delay (DCD):    1.915ns = ( 11.915 - 10.000 ) 
    Source Clock Delay      (SCD):    2.033ns
    Clock Pessimism Removal (CPR):    0.171ns
  Clock Uncertainty:      0.130ns  ((TSJ^2 + DJ^2)^1/2) / 2 + PE
    Total System Jitter     (TSJ):    0.071ns
    Discrete Jitter          (DJ):    0.250ns
    Phase Error              (PE):    0.000ns
  Clock Net Delay (Source):      1.825ns (routing 0.666ns, distribution 1.159ns)
  Clock Net Delay (Destination): 1.747ns (routing 0.600ns, distribution 1.147ns)

    Location             Delay type                Incr(ns)  Path(ns)    Netlist Resource(s)
  -------------------------------------------------------------------    -------------------
                         (clock clk_pl_0 rise edge)
                                                      0.000     0.000 r  
    PS8_X0Y0             PS8                          0.000     0.000 r  bse_i/zynq_ultra_ps_e_0/inst/PS8_i/PLCLK[0]
                         net (fo=1, routed)           0.180     0.180    bse_i/zynq_ultra_ps_e_0/inst/pl_clk_unbuffered[0]
    BUFG_PS_X0Y95        BUFG_PS (Prop_BUFG_PS_I_O)
                                                      0.028     0.208 r  bse_i/zynq_ultra_ps_e_0/inst/buffer_pl_clk_0.PL_CLK_0_BUFG/O
    X1Y2 (CLOCK_ROOT)    net (fo=24139, routed)       1.825     2.033    bse_i/byte_statistics_engi_0/inst/byte_statistics_epcA_U10/byte_statistics_engine_ap_fsqrt_5_no_dsp_32_u/U0/i_synth/SQRT_OP.SPD.OP/i_mant_calc.MANT_SQRT/RT[13].Q_DEL/i_pipe/aclk
    SLICE_X62Y149        FDRE                                         r  bse_i/byte_statistics_engi_0/inst/byte_statistics_epcA_U10/byte_statistics_engine_ap_fsqrt_5_no_dsp_32_u/U0/i_synth/SQRT_OP.SPD.OP/i_mant_calc.MANT_SQRT/RT[13].Q_DEL/i_pipe/opt_has_pipe.first_q_reg[2]/C
  -------------------------------------------------------------------    -------------------
    SLICE_X62Y149        FDRE (Prop_GFF_SLICEL_C_Q)
                                                      0.079     2.112 r  bse_i/byte_statistics_engi_0/inst/byte_statistics_epcA_U10/byte_statistics_engine_ap_fsqrt_5_no_dsp_32_u/U0/i_synth/SQRT_OP.SPD.OP/i_mant_calc.MANT_SQRT/RT[13].Q_DEL/i_pipe/opt_has_pipe.first_q_reg[2]/Q
                         net (fo=8, routed)           0.424     2.536    bse_i/byte_statistics_engi_0/inst/byte_statistics_epcA_U10/byte_statistics_engine_ap_fsqrt_5_no_dsp_32_u/U0/i_synth/SQRT_OP.SPD.OP/i_mant_calc.MANT_SQRT/RT[14].ADDSUB/addend_a[2]
    SLICE_X65Y137        LUT3 (Prop_G6LUT_SLICEL_I1_O)
                                                      0.097     2.633 r  bse_i/byte_statistics_engi_0/inst/byte_statistics_epcA_U10/byte_statistics_engine_ap_fsqrt_5_no_dsp_32_u/U0/i_synth/SQRT_OP.SPD.OP/i_mant_calc.MANT_SQRT/RT[14].ADDSUB/CHAIN_GEN[6].C_MUX.CARRY_MUX_i_1/O
                         net (fo=1, routed)           0.008     2.641    bse_i/byte_statistics_engi_0/inst/byte_statistics_epcA_U10/byte_statistics_engine_ap_fsqrt_5_no_dsp_32_u/U0/i_synth/SQRT_OP.SPD.OP/i_mant_calc.MANT_SQRT/RT[14].ADDSUB/ADDSUB/opt_has_pipe.first_q_reg[5][3]
    SLICE_X65Y137        CARRY8 (Prop_CARRY8_SLICEL_S[6]_CO[7])
                                                      0.115     2.756 r  bse_i/byte_statistics_engi_0/inst/byte_statistics_epcA_U10/byte_statistics_engine_ap_fsqrt_5_no_dsp_32_u/U0/i_synth/SQRT_OP.SPD.OP/i_mant_calc.MANT_SQRT/RT[14].ADDSUB/ADDSUB/CHAIN_GEN[0].C_MUX.CARRY_MUX_CARRY4_CARRY8/CO[7]
                         net (fo=1, routed)           0.026     2.782    bse_i/byte_statistics_engi_0/inst/byte_statistics_epcA_U10/byte_statistics_engine_ap_fsqrt_5_no_dsp_32_u/U0/i_synth/SQRT_OP.SPD.OP/i_mant_calc.MANT_SQRT/RT[14].ADDSUB/ADDSUB/CHAIN_GEN[7].C_MUX.CARRY_MUX_n_4
    SLICE_X65Y138        CARRY8 (Prop_CARRY8_SLICEL_CI_CO[7])
                                                      0.015     2.797 r  bse_i/byte_statistics_engi_0/inst/byte_statistics_epcA_U10/byte_statistics_engine_ap_fsqrt_5_no_dsp_32_u/U0/i_synth/SQRT_OP.SPD.OP/i_mant_calc.MANT_SQRT/RT[14].ADDSUB/ADDSUB/CHAIN_GEN[8].C_MUX.CARRY_MUX_CARRY4_CARRY8/CO[7]
                         net (fo=1, routed)           0.026     2.823    bse_i/byte_statistics_engi_0/inst/byte_statistics_epcA_U10/byte_statistics_engine_ap_fsqrt_5_no_dsp_32_u/U0/i_synth/SQRT_OP.SPD.OP/i_mant_calc.MANT_SQRT/RT[14].ADDSUB/ADDSUB/CHAIN_GEN[15].C_MUX.CARRY_MUX_n_4
    SLICE_X65Y139        CARRY8 (Prop_CARRY8_SLICEL_CI_O[1])
                                                      0.076     2.899 r  bse_i/byte_statistics_engi_0/inst/byte_statistics_epcA_U10/byte_statistics_engine_ap_fsqrt_5_no_dsp_32_u/U0/i_synth/SQRT_OP.SPD.OP/i_mant_calc.MANT_SQRT/RT[14].ADDSUB/ADDSUB/CHAIN_GEN[16].C_MUX.CARRY_MUX_CARRY4_CARRY8/O[1]
                         net (fo=18, routed)          0.870     3.769    bse_i/byte_statistics_engi_0/inst/byte_statistics_epcA_U10/byte_statistics_engine_ap_fsqrt_5_no_dsp_32_u/U0/i_synth/SQRT_OP.SPD.OP/i_mant_calc.MANT_SQRT/RT[15].ADDSUB/p_56_out[16]
    SLICE_X67Y137        LUT3 (Prop_D6LUT_SLICEM_I2_O)
                                                      0.099     3.868 r  bse_i/byte_statistics_engi_0/inst/byte_statistics_epcA_U10/byte_statistics_engine_ap_fsqrt_5_no_dsp_32_u/U0/i_synth/SQRT_OP.SPD.OP/i_mant_calc.MANT_SQRT/RT[15].ADDSUB/CHAIN_GEN[3].C_MUX.CARRY_MUX_i_1/O
                         net (fo=1, routed)           0.025     3.893    bse_i/byte_statistics_engi_0/inst/byte_statistics_epcA_U10/byte_statistics_engine_ap_fsqrt_5_no_dsp_32_u/U0/i_synth/SQRT_OP.SPD.OP/i_mant_calc.MANT_SQRT/RT[15].ADDSUB/ADDSUB/opt_has_pipe.first_q_reg[4][0]
    SLICE_X67Y137        CARRY8 (Prop_CARRY8_SLICEM_S[3]_CO[7])
                                                      0.163     4.056 r  bse_i/byte_statistics_engi_0/inst/byte_statistics_epcA_U10/byte_statistics_engine_ap_fsqrt_5_no_dsp_32_u/U0/i_synth/SQRT_OP.SPD.OP/i_mant_calc.MANT_SQRT/RT[15].ADDSUB/ADDSUB/CHAIN_GEN[0].C_MUX.CARRY_MUX_CARRY4_CARRY8/CO[7]
                         net (fo=1, routed)           0.026     4.082    bse_i/byte_statistics_engi_0/inst/byte_statistics_epcA_U10/byte_statistics_engine_ap_fsqrt_5_no_dsp_32_u/U0/i_synth/SQRT_OP.SPD.OP/i_mant_calc.MANT_SQRT/RT[15].ADDSUB/ADDSUB/CHAIN_GEN[7].C_MUX.CARRY_MUX_n_4
    SLICE_X67Y138        CARRY8 (Prop_CARRY8_SLICEM_CI_CO[7])
                                                      0.015     4.097 r  bse_i/byte_statistics_engi_0/inst/byte_statistics_epcA_U10/byte_statistics_engine_ap_fsqrt_5_no_dsp_32_u/U0/i_synth/SQRT_OP.SPD.OP/i_mant_calc.MANT_SQRT/RT[15].ADDSUB/ADDSUB/CHAIN_GEN[8].C_MUX.CARRY_MUX_CARRY4_CARRY8/CO[7]
                         net (fo=1, routed)           0.026     4.123    bse_i/byte_statistics_engi_0/inst/byte_statistics_epcA_U10/byte_statistics_engine_ap_fsqrt_5_no_dsp_32_u/U0/i_synth/SQRT_OP.SPD.OP/i_mant_calc.MANT_SQRT/RT[15].ADDSUB/ADDSUB/CHAIN_GEN[15].C_MUX.CARRY_MUX_n_4
    SLICE_X67Y139        CARRY8 (Prop_CARRY8_SLICEM_CI_O[2])
                                                      0.067     4.190 r  bse_i/byte_statistics_engi_0/inst/byte_statistics_epcA_U10/byte_statistics_engine_ap_fsqrt_5_no_dsp_32_u/U0/i_synth/SQRT_OP.SPD.OP/i_mant_calc.MANT_SQRT/RT[15].ADDSUB/ADDSUB/CHAIN_GEN[16].C_MUX.CARRY_MUX_CARRY4_CARRY8/O[2]
                         net (fo=19, routed)          0.410     4.600    bse_i/byte_statistics_engi_0/inst/byte_statistics_epcA_U10/byte_statistics_engine_ap_fsqrt_5_no_dsp_32_u/U0/i_synth/SQRT_OP.SPD.OP/i_mant_calc.MANT_SQRT/RT[16].ADDSUB/p_53_out[17]
    SLICE_X70Y139        LUT3 (Prop_D6LUT_SLICEM_I2_O)
                                                      0.122     4.722 r  bse_i/byte_statistics_engi_0/inst/byte_statistics_epcA_U10/byte_statistics_engine_ap_fsqrt_5_no_dsp_32_u/U0/i_synth/SQRT_OP.SPD.OP/i_mant_calc.MANT_SQRT/RT[16].ADDSUB/CHAIN_GEN[3].C_MUX.CARRY_MUX_i_1/O
                         net (fo=1, routed)           0.025     4.747    bse_i/byte_statistics_engi_0/inst/byte_statistics_epcA_U10/byte_statistics_engine_ap_fsqrt_5_no_dsp_32_u/U0/i_synth/SQRT_OP.SPD.OP/i_mant_calc.MANT_SQRT/RT[16].ADDSUB/ADDSUB/opt_has_pipe.first_q_reg[3][0]
    SLICE_X70Y139        CARRY8 (Prop_CARRY8_SLICEM_S[3]_CO[7])
                                                      0.163     4.910 r  bse_i/byte_statistics_engi_0/inst/byte_statistics_epcA_U10/byte_statistics_engine_ap_fsqrt_5_no_dsp_32_u/U0/i_synth/SQRT_OP.SPD.OP/i_mant_calc.MANT_SQRT/RT[16].ADDSUB/ADDSUB/CHAIN_GEN[0].C_MUX.CARRY_MUX_CARRY4_CARRY8/CO[7]
                         net (fo=1, routed)           0.026     4.936    bse_i/byte_statistics_engi_0/inst/byte_statistics_epcA_U10/byte_statistics_engine_ap_fsqrt_5_no_dsp_32_u/U0/i_synth/SQRT_OP.SPD.OP/i_mant_calc.MANT_SQRT/RT[16].ADDSUB/ADDSUB/CHAIN_GEN[7].C_MUX.CARRY_MUX_n_4
    SLICE_X70Y140        CARRY8 (Prop_CARRY8_SLICEM_CI_CO[7])
                                                      0.015     4.951 r  bse_i/byte_statistics_engi_0/inst/byte_statistics_epcA_U10/byte_statistics_engine_ap_fsqrt_5_no_dsp_32_u/U0/i_synth/SQRT_OP.SPD.OP/i_mant_calc.MANT_SQRT/RT[16].ADDSUB/ADDSUB/CHAIN_GEN[8].C_MUX.CARRY_MUX_CARRY4_CARRY8/CO[7]
                         net (fo=1, routed)           0.026     4.977    bse_i/byte_statistics_engi_0/inst/byte_statistics_epcA_U10/byte_statistics_engine_ap_fsqrt_5_no_dsp_32_u/U0/i_synth/SQRT_OP.SPD.OP/i_mant_calc.MANT_SQRT/RT[16].ADDSUB/ADDSUB/CHAIN_GEN[15].C_MUX.CARRY_MUX_n_4
    SLICE_X70Y141        CARRY8 (Prop_CARRY8_SLICEM_CI_O[3])
                                                      0.082     5.059 r  bse_i/byte_statistics_engi_0/inst/byte_statistics_epcA_U10/byte_statistics_engine_ap_fsqrt_5_no_dsp_32_u/U0/i_synth/SQRT_OP.SPD.OP/i_mant_calc.MANT_SQRT/RT[16].ADDSUB/ADDSUB/CHAIN_GEN[16].C_MUX.CARRY_MUX_CARRY4_CARRY8/O[3]
                         net (fo=20, routed)          0.278     5.337    bse_i/byte_statistics_engi_0/inst/byte_statistics_epcA_U10/byte_statistics_engine_ap_fsqrt_5_no_dsp_32_u/U0/i_synth/SQRT_OP.SPD.OP/i_mant_calc.MANT_SQRT/RT[17].ADDSUB/p_50_out[18]
    SLICE_X72Y139        LUT3 (Prop_F6LUT_SLICEL_I2_O)
                                                      0.148     5.485 r  bse_i/byte_statistics_engi_0/inst/byte_statistics_epcA_U10/byte_statistics_engine_ap_fsqrt_5_no_dsp_32_u/U0/i_synth/SQRT_OP.SPD.OP/i_mant_calc.MANT_SQRT/RT[17].ADDSUB/CHAIN_GEN[5].C_MUX.CARRY_MUX_i_1/O
                         net (fo=1, routed)           0.011     5.496    bse_i/byte_statistics_engi_0/inst/byte_statistics_epcA_U10/byte_statistics_engine_ap_fsqrt_5_no_dsp_32_u/U0/i_synth/SQRT_OP.SPD.OP/i_mant_calc.MANT_SQRT/RT[17].ADDSUB/ADDSUB/opt_has_pipe.first_q_reg[2][2]
    SLICE_X72Y139        CARRY8 (Prop_CARRY8_SLICEL_S[5]_CO[7])
                                                      0.155     5.651 r  bse_i/byte_statistics_engi_0/inst/byte_statistics_epcA_U10/byte_statistics_engine_ap_fsqrt_5_no_dsp_32_u/U0/i_synth/SQRT_OP.SPD.OP/i_mant_calc.MANT_SQRT/RT[17].ADDSUB/ADDSUB/CHAIN_GEN[0].C_MUX.CARRY_MUX_CARRY4_CARRY8/CO[7]
                         net (fo=1, routed)           0.026     5.677    bse_i/byte_statistics_engi_0/inst/byte_statistics_epcA_U10/byte_statistics_engine_ap_fsqrt_5_no_dsp_32_u/U0/i_synth/SQRT_OP.SPD.OP/i_mant_calc.MANT_SQRT/RT[17].ADDSUB/ADDSUB/CHAIN_GEN[7].C_MUX.CARRY_MUX_n_4
    SLICE_X72Y140        CARRY8 (Prop_CARRY8_SLICEL_CI_CO[7])
                                                      0.015     5.692 r  bse_i/byte_statistics_engi_0/inst/byte_statistics_epcA_U10/byte_statistics_engine_ap_fsqrt_5_no_dsp_32_u/U0/i_synth/SQRT_OP.SPD.OP/i_mant_calc.MANT_SQRT/RT[17].ADDSUB/ADDSUB/CHAIN_GEN[8].C_MUX.CARRY_MUX_CARRY4_CARRY8/CO[7]
                         net (fo=1, routed)           0.026     5.718    bse_i/byte_statistics_engi_0/inst/byte_statistics_epcA_U10/byte_statistics_engine_ap_fsqrt_5_no_dsp_32_u/U0/i_synth/SQRT_OP.SPD.OP/i_mant_calc.MANT_SQRT/RT[17].ADDSUB/ADDSUB/CHAIN_GEN[15].C_MUX.CARRY_MUX_n_4
    SLICE_X72Y141        CARRY8 (Prop_CARRY8_SLICEL_CI_O[4])
                                                      0.086     5.804 r  bse_i/byte_statistics_engi_0/inst/byte_statistics_epcA_U10/byte_statistics_engine_ap_fsqrt_5_no_dsp_32_u/U0/i_synth/SQRT_OP.SPD.OP/i_mant_calc.MANT_SQRT/RT[17].ADDSUB/ADDSUB/CHAIN_GEN[16].C_MUX.CARRY_MUX_CARRY4_CARRY8/O[4]
                         net (fo=21, routed)          0.461     6.265    bse_i/byte_statistics_engi_0/inst/byte_statistics_epcA_U10/byte_statistics_engine_ap_fsqrt_5_no_dsp_32_u/U0/i_synth/SQRT_OP.SPD.OP/i_mant_calc.MANT_SQRT/RT[18].ADDSUB/ADDSUB/p_47_out[19]
    SLICE_X73Y137        CARRY8 (Prop_CARRY8_SLICEM_S[1]_CO[7])
                                                      0.190     6.455 r  bse_i/byte_statistics_engi_0/inst/byte_statistics_epcA_U10/byte_statistics_engine_ap_fsqrt_5_no_dsp_32_u/U0/i_synth/SQRT_OP.SPD.OP/i_mant_calc.MANT_SQRT/RT[18].ADDSUB/ADDSUB/CHAIN_GEN[0].C_MUX.CARRY_MUX_CARRY4_CARRY8/CO[7]
                         net (fo=1, routed)           0.026     6.481    bse_i/byte_statistics_engi_0/inst/byte_statistics_epcA_U10/byte_statistics_engine_ap_fsqrt_5_no_dsp_32_u/U0/i_synth/SQRT_OP.SPD.OP/i_mant_calc.MANT_SQRT/RT[18].ADDSUB/ADDSUB/CHAIN_GEN[7].C_MUX.CARRY_MUX_n_4
    SLICE_X73Y138        CARRY8 (Prop_CARRY8_SLICEM_CI_CO[7])
                                                      0.015     6.496 r  bse_i/byte_statistics_engi_0/inst/byte_statistics_epcA_U10/byte_statistics_engine_ap_fsqrt_5_no_dsp_32_u/U0/i_synth/SQRT_OP.SPD.OP/i_mant_calc.MANT_SQRT/RT[18].ADDSUB/ADDSUB/CHAIN_GEN[8].C_MUX.CARRY_MUX_CARRY4_CARRY8/CO[7]
                         net (fo=1, routed)           0.026     6.522    bse_i/byte_statistics_engi_0/inst/byte_statistics_epcA_U10/byte_statistics_engine_ap_fsqrt_5_no_dsp_32_u/U0/i_synth/SQRT_OP.SPD.OP/i_mant_calc.MANT_SQRT/RT[18].ADDSUB/ADDSUB/CHAIN_GEN[15].C_MUX.CARRY_MUX_n_4
    SLICE_X73Y139        CARRY8 (Prop_CARRY8_SLICEM_CI_O[5])
                                                      0.116     6.638 r  bse_i/byte_statistics_engi_0/inst/byte_statistics_epcA_U10/byte_statistics_engine_ap_fsqrt_5_no_dsp_32_u/U0/i_synth/SQRT_OP.SPD.OP/i_mant_calc.MANT_SQRT/RT[18].ADDSUB/ADDSUB/CHAIN_GEN[16].C_MUX.CARRY_MUX_CARRY4_CARRY8/O[5]
                         net (fo=22, routed)          0.323     6.961    bse_i/byte_statistics_engi_0/inst/byte_statistics_epcA_U10/byte_statistics_engine_ap_fsqrt_5_no_dsp_32_u/U0/i_synth/SQRT_OP.SPD.OP/i_mant_calc.MANT_SQRT/RT[19].ADDSUB/p_44_out[20]
    SLICE_X72Y136        LUT3 (Prop_F6LUT_SLICEL_I2_O)
                                                      0.148     7.109 r  bse_i/byte_statistics_engi_0/inst/byte_statistics_epcA_U10/byte_statistics_engine_ap_fsqrt_5_no_dsp_32_u/U0/i_synth/SQRT_OP.SPD.OP/i_mant_calc.MANT_SQRT/RT[19].ADDSUB/CHAIN_GEN[5].C_MUX.CARRY_MUX_i_1/O
                         net (fo=1, routed)           0.011     7.120    bse_i/byte_statistics_engi_0/inst/byte_statistics_epcA_U10/byte_statistics_engine_ap_fsqrt_5_no_dsp_32_u/U0/i_synth/SQRT_OP.SPD.OP/i_mant_calc.MANT_SQRT/RT[19].ADDSUB/ADDSUB/A[2]
    SLICE_X72Y136        CARRY8 (Prop_CARRY8_SLICEL_S[5]_CO[7])
                                                      0.155     7.275 r  bse_i/byte_statistics_engi_0/inst/byte_statistics_epcA_U10/byte_statistics_engine_ap_fsqrt_5_no_dsp_32_u/U0/i_synth/SQRT_OP.SPD.OP/i_mant_calc.MANT_SQRT/RT[19].ADDSUB/ADDSUB/CHAIN_GEN[0].C_MUX.CARRY_MUX_CARRY4_CARRY8/CO[7]
                         net (fo=1, routed)           0.026     7.301    bse_i/byte_statistics_engi_0/inst/byte_statistics_epcA_U10/byte_statistics_engine_ap_fsqrt_5_no_dsp_32_u/U0/i_synth/SQRT_OP.SPD.OP/i_mant_calc.MANT_SQRT/RT[19].ADDSUB/ADDSUB/CHAIN_GEN[7].C_MUX.CARRY_MUX_n_4
    SLICE_X72Y137        CARRY8 (Prop_CARRY8_SLICEL_CI_CO[7])
                                                      0.015     7.316 r  bse_i/byte_statistics_engi_0/inst/byte_statistics_epcA_U10/byte_statistics_engine_ap_fsqrt_5_no_dsp_32_u/U0/i_synth/SQRT_OP.SPD.OP/i_mant_calc.MANT_SQRT/RT[19].ADDSUB/ADDSUB/CHAIN_GEN[8].C_MUX.CARRY_MUX_CARRY4_CARRY8/CO[7]
                         net (fo=1, routed)           0.026     7.342    bse_i/byte_statistics_engi_0/inst/byte_statistics_epcA_U10/byte_statistics_engine_ap_fsqrt_5_no_dsp_32_u/U0/i_synth/SQRT_OP.SPD.OP/i_mant_calc.MANT_SQRT/RT[19].ADDSUB/ADDSUB/CHAIN_GEN[15].C_MUX.CARRY_MUX_n_4
    SLICE_X72Y138        CARRY8 (Prop_CARRY8_SLICEL_CI_O[6])
                                                      0.103     7.445 r  bse_i/byte_statistics_engi_0/inst/byte_statistics_epcA_U10/byte_statistics_engine_ap_fsqrt_5_no_dsp_32_u/U0/i_synth/SQRT_OP.SPD.OP/i_mant_calc.MANT_SQRT/RT[19].ADDSUB/ADDSUB/CHAIN_GEN[16].C_MUX.CARRY_MUX_CARRY4_CARRY8/O[6]
                         net (fo=23, routed)          0.211     7.656    bse_i/byte_statistics_engi_0/inst/byte_statistics_epcA_U10/byte_statistics_engine_ap_fsqrt_5_no_dsp_32_u/U0/i_synth/SQRT_OP.SPD.OP/i_mant_calc.MANT_SQRT/RT[20].ADDSUB/Q[21]
    SLICE_X71Y137        LUT3 (Prop_B6LUT_SLICEM_I2_O)
                                                      0.149     7.805 r  bse_i/byte_statistics_engi_0/inst/byte_statistics_epcA_U10/byte_statistics_engine_ap_fsqrt_5_no_dsp_32_u/U0/i_synth/SQRT_OP.SPD.OP/i_mant_calc.MANT_SQRT/RT[20].ADDSUB/CHAIN_GEN[9].C_MUX.CARRY_MUX_i_1/O
                         net (fo=1, routed)           0.016     7.821    bse_i/byte_statistics_engi_0/inst/byte_statistics_epcA_U10/byte_statistics_engine_ap_fsqrt_5_no_dsp_32_u/U0/i_synth/SQRT_OP.SPD.OP/i_mant_calc.MANT_SQRT/RT[20].ADDSUB/ADDSUB/a_ip[6]
    SLICE_X71Y137        CARRY8 (Prop_CARRY8_SLICEM_S[1]_CO[7])
                                                      0.190     8.011 r  bse_i/byte_statistics_engi_0/inst/byte_statistics_epcA_U10/byte_statistics_engine_ap_fsqrt_5_no_dsp_32_u/U0/i_synth/SQRT_OP.SPD.OP/i_mant_calc.MANT_SQRT/RT[20].ADDSUB/ADDSUB/CHAIN_GEN[8].C_MUX.CARRY_MUX_CARRY4_CARRY8/CO[7]
                         net (fo=1, routed)           0.026     8.037    bse_i/byte_statistics_engi_0/inst/byte_statistics_epcA_U10/byte_statistics_engine_ap_fsqrt_5_no_dsp_32_u/U0/i_synth/SQRT_OP.SPD.OP/i_mant_calc.MANT_SQRT/RT[20].ADDSUB/ADDSUB/CHAIN_GEN[15].C_MUX.CARRY_MUX_n_4
    SLICE_X71Y138        CARRY8 (Prop_CARRY8_SLICEM_CI_CO[7])
                                                      0.015     8.052 r  bse_i/byte_statistics_engi_0/inst/byte_statistics_epcA_U10/byte_statistics_engine_ap_fsqrt_5_no_dsp_32_u/U0/i_synth/SQRT_OP.SPD.OP/i_mant_calc.MANT_SQRT/RT[20].ADDSUB/ADDSUB/CHAIN_GEN[16].C_MUX.CARRY_MUX_CARRY4_CARRY8/CO[7]
                         net (fo=1, routed)           0.026     8.078    bse_i/byte_statistics_engi_0/inst/byte_statistics_epcA_U10/byte_statistics_engine_ap_fsqrt_5_no_dsp_32_u/U0/i_synth/SQRT_OP.SPD.OP/i_mant_calc.MANT_SQRT/RT[20].ADDSUB/ADDSUB/CHAIN_GEN[23].C_MUX.CARRY_MUX_n_4
    SLICE_X71Y139        CARRY8 (Prop_CARRY8_SLICEM_CI_O[0])
                                                      0.056     8.134 r  bse_i/byte_statistics_engi_0/inst/byte_statistics_epcA_U10/byte_statistics_engine_ap_fsqrt_5_no_dsp_32_u/U0/i_synth/SQRT_OP.SPD.OP/i_mant_calc.MANT_SQRT/RT[20].ADDSUB/ADDSUB/CHAIN_GEN[24].Q_XOR.SUM_XOR_CARRY4_CARRY8/O[0]
                         net (fo=1, routed)           0.025     8.159    bse_i/byte_statistics_engi_0/inst/byte_statistics_epcA_U10/byte_statistics_engine_ap_fsqrt_5_no_dsp_32_u/U0/i_synth/SQRT_OP.SPD.OP/i_mant_calc.MANT_SQRT/RT[20].ADDSUB/ADDSUB/Q_DEL/i_pipe/p_0_out
    SLICE_X71Y139        FDRE                                         r  bse_i/byte_statistics_engi_0/inst/byte_statistics_epcA_U10/byte_statistics_engine_ap_fsqrt_5_no_dsp_32_u/U0/i_synth/SQRT_OP.SPD.OP/i_mant_calc.MANT_SQRT/RT[20].ADDSUB/ADDSUB/Q_DEL/i_pipe/opt_has_pipe.first_q_reg[24]/D
  -------------------------------------------------------------------    -------------------

                         (clock clk_pl_0 rise edge)
                                                     10.000    10.000 r  
    PS8_X0Y0             PS8                          0.000    10.000 r  bse_i/zynq_ultra_ps_e_0/inst/PS8_i/PLCLK[0]
                         net (fo=1, routed)           0.143    10.143    bse_i/zynq_ultra_ps_e_0/inst/pl_clk_unbuffered[0]
    BUFG_PS_X0Y95        BUFG_PS (Prop_BUFG_PS_I_O)
                                                      0.025    10.168 r  bse_i/zynq_ultra_ps_e_0/inst/buffer_pl_clk_0.PL_CLK_0_BUFG/O
    X1Y2 (CLOCK_ROOT)    net (fo=24139, routed)       1.747    11.915    bse_i/byte_statistics_engi_0/inst/byte_statistics_epcA_U10/byte_statistics_engine_ap_fsqrt_5_no_dsp_32_u/U0/i_synth/SQRT_OP.SPD.OP/i_mant_calc.MANT_SQRT/RT[20].ADDSUB/ADDSUB/Q_DEL/i_pipe/aclk
    SLICE_X71Y139        FDRE                                         r  bse_i/byte_statistics_engi_0/inst/byte_statistics_epcA_U10/byte_statistics_engine_ap_fsqrt_5_no_dsp_32_u/U0/i_synth/SQRT_OP.SPD.OP/i_mant_calc.MANT_SQRT/RT[20].ADDSUB/ADDSUB/Q_DEL/i_pipe/opt_has_pipe.first_q_reg[24]/C
                         clock pessimism              0.171    12.086    
                         clock uncertainty           -0.130    11.956    
    SLICE_X71Y139        FDRE (Setup_AFF_SLICEM_C_D)
                                                      0.025    11.981    bse_i/byte_statistics_engi_0/inst/byte_statistics_epcA_U10/byte_statistics_engine_ap_fsqrt_5_no_dsp_32_u/U0/i_synth/SQRT_OP.SPD.OP/i_mant_calc.MANT_SQRT/RT[20].ADDSUB/ADDSUB/Q_DEL/i_pipe/opt_has_pipe.first_q_reg[24]
  -------------------------------------------------------------------
                         required time                         11.981    
                         arrival time                          -8.159    
  -------------------------------------------------------------------
                         slack                                  3.822    

Slack (MET) :             3.825ns  (required time - arrival time)
  Source:                 bse_i/byte_statistics_engi_0/inst/byte_statistics_epcA_U10/byte_statistics_engine_ap_fsqrt_5_no_dsp_32_u/U0/i_synth/SQRT_OP.SPD.OP/i_mant_calc.MANT_SQRT/RT[13].Q_DEL/i_pipe/opt_has_pipe.first_q_reg[2]/C
                            (rising edge-triggered cell FDRE clocked by clk_pl_0  {rise@0.000ns fall@5.000ns period=10.000ns})
  Destination:            bse_i/byte_statistics_engi_0/inst/byte_statistics_epcA_U10/byte_statistics_engine_ap_fsqrt_5_no_dsp_32_u/U0/i_synth/SQRT_OP.SPD.OP/i_mant_calc.MANT_SQRT/RT[20].ADDSUB/ADDSUB/Q_DEL/i_pipe/opt_has_pipe.first_q_reg[22]/D
                            (rising edge-triggered cell FDRE clocked by clk_pl_0  {rise@0.000ns fall@5.000ns period=10.000ns})
  Path Group:             clk_pl_0
  Path Type:              Setup (Max at Slow Process Corner)
  Requirement:            10.000ns  (clk_pl_0 rise@10.000ns - clk_pl_0 rise@0.000ns)
  Data Path Delay:        6.133ns  (logic 2.696ns (43.959%)  route 3.437ns (56.041%))
  Logic Levels:           26  (CARRY8=20 LUT3=6)
  Clock Path Skew:        0.063ns (DCD - SCD + CPR)
    Destination Clock Delay (DCD):    1.925ns = ( 11.925 - 10.000 ) 
    Source Clock Delay      (SCD):    2.033ns
    Clock Pessimism Removal (CPR):    0.171ns
  Clock Uncertainty:      0.130ns  ((TSJ^2 + DJ^2)^1/2) / 2 + PE
    Total System Jitter     (TSJ):    0.071ns
    Discrete Jitter          (DJ):    0.250ns
    Phase Error              (PE):    0.000ns
  Clock Net Delay (Source):      1.825ns (routing 0.666ns, distribution 1.159ns)
  Clock Net Delay (Destination): 1.757ns (routing 0.600ns, distribution 1.157ns)

    Location             Delay type                Incr(ns)  Path(ns)    Netlist Resource(s)
  -------------------------------------------------------------------    -------------------
                         (clock clk_pl_0 rise edge)
                                                      0.000     0.000 r  
    PS8_X0Y0             PS8                          0.000     0.000 r  bse_i/zynq_ultra_ps_e_0/inst/PS8_i/PLCLK[0]
                         net (fo=1, routed)           0.180     0.180    bse_i/zynq_ultra_ps_e_0/inst/pl_clk_unbuffered[0]
    BUFG_PS_X0Y95        BUFG_PS (Prop_BUFG_PS_I_O)
                                                      0.028     0.208 r  bse_i/zynq_ultra_ps_e_0/inst/buffer_pl_clk_0.PL_CLK_0_BUFG/O
    X1Y2 (CLOCK_ROOT)    net (fo=24139, routed)       1.825     2.033    bse_i/byte_statistics_engi_0/inst/byte_statistics_epcA_U10/byte_statistics_engine_ap_fsqrt_5_no_dsp_32_u/U0/i_synth/SQRT_OP.SPD.OP/i_mant_calc.MANT_SQRT/RT[13].Q_DEL/i_pipe/aclk
    SLICE_X62Y149        FDRE                                         r  bse_i/byte_statistics_engi_0/inst/byte_statistics_epcA_U10/byte_statistics_engine_ap_fsqrt_5_no_dsp_32_u/U0/i_synth/SQRT_OP.SPD.OP/i_mant_calc.MANT_SQRT/RT[13].Q_DEL/i_pipe/opt_has_pipe.first_q_reg[2]/C
  -------------------------------------------------------------------    -------------------
    SLICE_X62Y149        FDRE (Prop_GFF_SLICEL_C_Q)
                                                      0.079     2.112 r  bse_i/byte_statistics_engi_0/inst/byte_statistics_epcA_U10/byte_statistics_engine_ap_fsqrt_5_no_dsp_32_u/U0/i_synth/SQRT_OP.SPD.OP/i_mant_calc.MANT_SQRT/RT[13].Q_DEL/i_pipe/opt_has_pipe.first_q_reg[2]/Q
                         net (fo=8, routed)           0.424     2.536    bse_i/byte_statistics_engi_0/inst/byte_statistics_epcA_U10/byte_statistics_engine_ap_fsqrt_5_no_dsp_32_u/U0/i_synth/SQRT_OP.SPD.OP/i_mant_calc.MANT_SQRT/RT[14].ADDSUB/addend_a[2]
    SLICE_X65Y137        LUT3 (Prop_G6LUT_SLICEL_I1_O)
                                                      0.097     2.633 r  bse_i/byte_statistics_engi_0/inst/byte_statistics_epcA_U10/byte_statistics_engine_ap_fsqrt_5_no_dsp_32_u/U0/i_synth/SQRT_OP.SPD.OP/i_mant_calc.MANT_SQRT/RT[14].ADDSUB/CHAIN_GEN[6].C_MUX.CARRY_MUX_i_1/O
                         net (fo=1, routed)           0.008     2.641    bse_i/byte_statistics_engi_0/inst/byte_statistics_epcA_U10/byte_statistics_engine_ap_fsqrt_5_no_dsp_32_u/U0/i_synth/SQRT_OP.SPD.OP/i_mant_calc.MANT_SQRT/RT[14].ADDSUB/ADDSUB/opt_has_pipe.first_q_reg[5][3]
    SLICE_X65Y137        CARRY8 (Prop_CARRY8_SLICEL_S[6]_CO[7])
                                                      0.115     2.756 r  bse_i/byte_statistics_engi_0/inst/byte_statistics_epcA_U10/byte_statistics_engine_ap_fsqrt_5_no_dsp_32_u/U0/i_synth/SQRT_OP.SPD.OP/i_mant_calc.MANT_SQRT/RT[14].ADDSUB/ADDSUB/CHAIN_GEN[0].C_MUX.CARRY_MUX_CARRY4_CARRY8/CO[7]
                         net (fo=1, routed)           0.026     2.782    bse_i/byte_statistics_engi_0/inst/byte_statistics_epcA_U10/byte_statistics_engine_ap_fsqrt_5_no_dsp_32_u/U0/i_synth/SQRT_OP.SPD.OP/i_mant_calc.MANT_SQRT/RT[14].ADDSUB/ADDSUB/CHAIN_GEN[7].C_MUX.CARRY_MUX_n_4
    SLICE_X65Y138        CARRY8 (Prop_CARRY8_SLICEL_CI_CO[7])
                                                      0.015     2.797 r  bse_i/byte_statistics_engi_0/inst/byte_statistics_epcA_U10/byte_statistics_engine_ap_fsqrt_5_no_dsp_32_u/U0/i_synth/SQRT_OP.SPD.OP/i_mant_calc.MANT_SQRT/RT[14].ADDSUB/ADDSUB/CHAIN_GEN[8].C_MUX.CARRY_MUX_CARRY4_CARRY8/CO[7]
                         net (fo=1, routed)           0.026     2.823    bse_i/byte_statistics_engi_0/inst/byte_statistics_epcA_U10/byte_statistics_engine_ap_fsqrt_5_no_dsp_32_u/U0/i_synth/SQRT_OP.SPD.OP/i_mant_calc.MANT_SQRT/RT[14].ADDSUB/ADDSUB/CHAIN_GEN[15].C_MUX.CARRY_MUX_n_4
    SLICE_X65Y139        CARRY8 (Prop_CARRY8_SLICEL_CI_O[1])
                                                      0.076     2.899 r  bse_i/byte_statistics_engi_0/inst/byte_statistics_epcA_U10/byte_statistics_engine_ap_fsqrt_5_no_dsp_32_u/U0/i_synth/SQRT_OP.SPD.OP/i_mant_calc.MANT_SQRT/RT[14].ADDSUB/ADDSUB/CHAIN_GEN[16].C_MUX.CARRY_MUX_CARRY4_CARRY8/O[1]
                         net (fo=18, routed)          0.870     3.769    bse_i/byte_statistics_engi_0/inst/byte_statistics_epcA_U10/byte_statistics_engine_ap_fsqrt_5_no_dsp_32_u/U0/i_synth/SQRT_OP.SPD.OP/i_mant_calc.MANT_SQRT/RT[15].ADDSUB/p_56_out[16]
    SLICE_X67Y137        LUT3 (Prop_D6LUT_SLICEM_I2_O)
                                                      0.099     3.868 r  bse_i/byte_statistics_engi_0/inst/byte_statistics_epcA_U10/byte_statistics_engine_ap_fsqrt_5_no_dsp_32_u/U0/i_synth/SQRT_OP.SPD.OP/i_mant_calc.MANT_SQRT/RT[15].ADDSUB/CHAIN_GEN[3].C_MUX.CARRY_MUX_i_1/O
                         net (fo=1, routed)           0.025     3.893    bse_i/byte_statistics_engi_0/inst/byte_statistics_epcA_U10/byte_statistics_engine_ap_fsqrt_5_no_dsp_32_u/U0/i_synth/SQRT_OP.SPD.OP/i_mant_calc.MANT_SQRT/RT[15].ADDSUB/ADDSUB/opt_has_pipe.first_q_reg[4][0]
    SLICE_X67Y137        CARRY8 (Prop_CARRY8_SLICEM_S[3]_CO[7])
                                                      0.163     4.056 r  bse_i/byte_statistics_engi_0/inst/byte_statistics_epcA_U10/byte_statistics_engine_ap_fsqrt_5_no_dsp_32_u/U0/i_synth/SQRT_OP.SPD.OP/i_mant_calc.MANT_SQRT/RT[15].ADDSUB/ADDSUB/CHAIN_GEN[0].C_MUX.CARRY_MUX_CARRY4_CARRY8/CO[7]
                         net (fo=1, routed)           0.026     4.082    bse_i/byte_statistics_engi_0/inst/byte_statistics_epcA_U10/byte_statistics_engine_ap_fsqrt_5_no_dsp_32_u/U0/i_synth/SQRT_OP.SPD.OP/i_mant_calc.MANT_SQRT/RT[15].ADDSUB/ADDSUB/CHAIN_GEN[7].C_MUX.CARRY_MUX_n_4
    SLICE_X67Y138        CARRY8 (Prop_CARRY8_SLICEM_CI_CO[7])
                                                      0.015     4.097 r  bse_i/byte_statistics_engi_0/inst/byte_statistics_epcA_U10/byte_statistics_engine_ap_fsqrt_5_no_dsp_32_u/U0/i_synth/SQRT_OP.SPD.OP/i_mant_calc.MANT_SQRT/RT[15].ADDSUB/ADDSUB/CHAIN_GEN[8].C_MUX.CARRY_MUX_CARRY4_CARRY8/CO[7]
                         net (fo=1, routed)           0.026     4.123    bse_i/byte_statistics_engi_0/inst/byte_statistics_epcA_U10/byte_statistics_engine_ap_fsqrt_5_no_dsp_32_u/U0/i_synth/SQRT_OP.SPD.OP/i_mant_calc.MANT_SQRT/RT[15].ADDSUB/ADDSUB/CHAIN_GEN[15].C_MUX.CARRY_MUX_n_4
    SLICE_X67Y139        CARRY8 (Prop_CARRY8_SLICEM_CI_O[2])
                                                      0.067     4.190 r  bse_i/byte_statistics_engi_0/inst/byte_statistics_epcA_U10/byte_statistics_engine_ap_fsqrt_5_no_dsp_32_u/U0/i_synth/SQRT_OP.SPD.OP/i_mant_calc.MANT_SQRT/RT[15].ADDSUB/ADDSUB/CHAIN_GEN[16].C_MUX.CARRY_MUX_CARRY4_CARRY8/O[2]
                         net (fo=19, routed)          0.410     4.600    bse_i/byte_statistics_engi_0/inst/byte_statistics_epcA_U10/byte_statistics_engine_ap_fsqrt_5_no_dsp_32_u/U0/i_synth/SQRT_OP.SPD.OP/i_mant_calc.MANT_SQRT/RT[16].ADDSUB/p_53_out[17]
    SLICE_X70Y139        LUT3 (Prop_D6LUT_SLICEM_I2_O)
                                                      0.122     4.722 r  bse_i/byte_statistics_engi_0/inst/byte_statistics_epcA_U10/byte_statistics_engine_ap_fsqrt_5_no_dsp_32_u/U0/i_synth/SQRT_OP.SPD.OP/i_mant_calc.MANT_SQRT/RT[16].ADDSUB/CHAIN_GEN[3].C_MUX.CARRY_MUX_i_1/O
                         net (fo=1, routed)           0.025     4.747    bse_i/byte_statistics_engi_0/inst/byte_statistics_epcA_U10/byte_statistics_engine_ap_fsqrt_5_no_dsp_32_u/U0/i_synth/SQRT_OP.SPD.OP/i_mant_calc.MANT_SQRT/RT[16].ADDSUB/ADDSUB/opt_has_pipe.first_q_reg[3][0]
    SLICE_X70Y139        CARRY8 (Prop_CARRY8_SLICEM_S[3]_CO[7])
                                                      0.163     4.910 r  bse_i/byte_statistics_engi_0/inst/byte_statistics_epcA_U10/byte_statistics_engine_ap_fsqrt_5_no_dsp_32_u/U0/i_synth/SQRT_OP.SPD.OP/i_mant_calc.MANT_SQRT/RT[16].ADDSUB/ADDSUB/CHAIN_GEN[0].C_MUX.CARRY_MUX_CARRY4_CARRY8/CO[7]
                         net (fo=1, routed)           0.026     4.936    bse_i/byte_statistics_engi_0/inst/byte_statistics_epcA_U10/byte_statistics_engine_ap_fsqrt_5_no_dsp_32_u/U0/i_synth/SQRT_OP.SPD.OP/i_mant_calc.MANT_SQRT/RT[16].ADDSUB/ADDSUB/CHAIN_GEN[7].C_MUX.CARRY_MUX_n_4
    SLICE_X70Y140        CARRY8 (Prop_CARRY8_SLICEM_CI_CO[7])
                                                      0.015     4.951 r  bse_i/byte_statistics_engi_0/inst/byte_statistics_epcA_U10/byte_statistics_engine_ap_fsqrt_5_no_dsp_32_u/U0/i_synth/SQRT_OP.SPD.OP/i_mant_calc.MANT_SQRT/RT[16].ADDSUB/ADDSUB/CHAIN_GEN[8].C_MUX.CARRY_MUX_CARRY4_CARRY8/CO[7]
                         net (fo=1, routed)           0.026     4.977    bse_i/byte_statistics_engi_0/inst/byte_statistics_epcA_U10/byte_statistics_engine_ap_fsqrt_5_no_dsp_32_u/U0/i_synth/SQRT_OP.SPD.OP/i_mant_calc.MANT_SQRT/RT[16].ADDSUB/ADDSUB/CHAIN_GEN[15].C_MUX.CARRY_MUX_n_4
    SLICE_X70Y141        CARRY8 (Prop_CARRY8_SLICEM_CI_O[3])
                                                      0.082     5.059 r  bse_i/byte_statistics_engi_0/inst/byte_statistics_epcA_U10/byte_statistics_engine_ap_fsqrt_5_no_dsp_32_u/U0/i_synth/SQRT_OP.SPD.OP/i_mant_calc.MANT_SQRT/RT[16].ADDSUB/ADDSUB/CHAIN_GEN[16].C_MUX.CARRY_MUX_CARRY4_CARRY8/O[3]
                         net (fo=20, routed)          0.278     5.337    bse_i/byte_statistics_engi_0/inst/byte_statistics_epcA_U10/byte_statistics_engine_ap_fsqrt_5_no_dsp_32_u/U0/i_synth/SQRT_OP.SPD.OP/i_mant_calc.MANT_SQRT/RT[17].ADDSUB/p_50_out[18]
    SLICE_X72Y139        LUT3 (Prop_F6LUT_SLICEL_I2_O)
                                                      0.148     5.485 r  bse_i/byte_statistics_engi_0/inst/byte_statistics_epcA_U10/byte_statistics_engine_ap_fsqrt_5_no_dsp_32_u/U0/i_synth/SQRT_OP.SPD.OP/i_mant_calc.MANT_SQRT/RT[17].ADDSUB/CHAIN_GEN[5].C_MUX.CARRY_MUX_i_1/O
                         net (fo=1, routed)           0.011     5.496    bse_i/byte_statistics_engi_0/inst/byte_statistics_epcA_U10/byte_statistics_engine_ap_fsqrt_5_no_dsp_32_u/U0/i_synth/SQRT_OP.SPD.OP/i_mant_calc.MANT_SQRT/RT[17].ADDSUB/ADDSUB/opt_has_pipe.first_q_reg[2][2]
    SLICE_X72Y139        CARRY8 (Prop_CARRY8_SLICEL_S[5]_CO[7])
                                                      0.155     5.651 r  bse_i/byte_statistics_engi_0/inst/byte_statistics_epcA_U10/byte_statistics_engine_ap_fsqrt_5_no_dsp_32_u/U0/i_synth/SQRT_OP.SPD.OP/i_mant_calc.MANT_SQRT/RT[17].ADDSUB/ADDSUB/CHAIN_GEN[0].C_MUX.CARRY_MUX_CARRY4_CARRY8/CO[7]
                         net (fo=1, routed)           0.026     5.677    bse_i/byte_statistics_engi_0/inst/byte_statistics_epcA_U10/byte_statistics_engine_ap_fsqrt_5_no_dsp_32_u/U0/i_synth/SQRT_OP.SPD.OP/i_mant_calc.MANT_SQRT/RT[17].ADDSUB/ADDSUB/CHAIN_GEN[7].C_MUX.CARRY_MUX_n_4
    SLICE_X72Y140        CARRY8 (Prop_CARRY8_SLICEL_CI_CO[7])
                                                      0.015     5.692 r  bse_i/byte_statistics_engi_0/inst/byte_statistics_epcA_U10/byte_statistics_engine_ap_fsqrt_5_no_dsp_32_u/U0/i_synth/SQRT_OP.SPD.OP/i_mant_calc.MANT_SQRT/RT[17].ADDSUB/ADDSUB/CHAIN_GEN[8].C_MUX.CARRY_MUX_CARRY4_CARRY8/CO[7]
                         net (fo=1, routed)           0.026     5.718    bse_i/byte_statistics_engi_0/inst/byte_statistics_epcA_U10/byte_statistics_engine_ap_fsqrt_5_no_dsp_32_u/U0/i_synth/SQRT_OP.SPD.OP/i_mant_calc.MANT_SQRT/RT[17].ADDSUB/ADDSUB/CHAIN_GEN[15].C_MUX.CARRY_MUX_n_4
    SLICE_X72Y141        CARRY8 (Prop_CARRY8_SLICEL_CI_O[4])
                                                      0.086     5.804 r  bse_i/byte_statistics_engi_0/inst/byte_statistics_epcA_U10/byte_statistics_engine_ap_fsqrt_5_no_dsp_32_u/U0/i_synth/SQRT_OP.SPD.OP/i_mant_calc.MANT_SQRT/RT[17].ADDSUB/ADDSUB/CHAIN_GEN[16].C_MUX.CARRY_MUX_CARRY4_CARRY8/O[4]
                         net (fo=21, routed)          0.461     6.265    bse_i/byte_statistics_engi_0/inst/byte_statistics_epcA_U10/byte_statistics_engine_ap_fsqrt_5_no_dsp_32_u/U0/i_synth/SQRT_OP.SPD.OP/i_mant_calc.MANT_SQRT/RT[18].ADDSUB/ADDSUB/p_47_out[19]
    SLICE_X73Y137        CARRY8 (Prop_CARRY8_SLICEM_S[1]_CO[7])
                                                      0.190     6.455 r  bse_i/byte_statistics_engi_0/inst/byte_statistics_epcA_U10/byte_statistics_engine_ap_fsqrt_5_no_dsp_32_u/U0/i_synth/SQRT_OP.SPD.OP/i_mant_calc.MANT_SQRT/RT[18].ADDSUB/ADDSUB/CHAIN_GEN[0].C_MUX.CARRY_MUX_CARRY4_CARRY8/CO[7]
                         net (fo=1, routed)           0.026     6.481    bse_i/byte_statistics_engi_0/inst/byte_statistics_epcA_U10/byte_statistics_engine_ap_fsqrt_5_no_dsp_32_u/U0/i_synth/SQRT_OP.SPD.OP/i_mant_calc.MANT_SQRT/RT[18].ADDSUB/ADDSUB/CHAIN_GEN[7].C_MUX.CARRY_MUX_n_4
    SLICE_X73Y138        CARRY8 (Prop_CARRY8_SLICEM_CI_CO[7])
                                                      0.015     6.496 r  bse_i/byte_statistics_engi_0/inst/byte_statistics_epcA_U10/byte_statistics_engine_ap_fsqrt_5_no_dsp_32_u/U0/i_synth/SQRT_OP.SPD.OP/i_mant_calc.MANT_SQRT/RT[18].ADDSUB/ADDSUB/CHAIN_GEN[8].C_MUX.CARRY_MUX_CARRY4_CARRY8/CO[7]
                         net (fo=1, routed)           0.026     6.522    bse_i/byte_statistics_engi_0/inst/byte_statistics_epcA_U10/byte_statistics_engine_ap_fsqrt_5_no_dsp_32_u/U0/i_synth/SQRT_OP.SPD.OP/i_mant_calc.MANT_SQRT/RT[18].ADDSUB/ADDSUB/CHAIN_GEN[15].C_MUX.CARRY_MUX_n_4
    SLICE_X73Y139        CARRY8 (Prop_CARRY8_SLICEM_CI_O[5])
                                                      0.116     6.638 r  bse_i/byte_statistics_engi_0/inst/byte_statistics_epcA_U10/byte_statistics_engine_ap_fsqrt_5_no_dsp_32_u/U0/i_synth/SQRT_OP.SPD.OP/i_mant_calc.MANT_SQRT/RT[18].ADDSUB/ADDSUB/CHAIN_GEN[16].C_MUX.CARRY_MUX_CARRY4_CARRY8/O[5]
                         net (fo=22, routed)          0.323     6.961    bse_i/byte_statistics_engi_0/inst/byte_statistics_epcA_U10/byte_statistics_engine_ap_fsqrt_5_no_dsp_32_u/U0/i_synth/SQRT_OP.SPD.OP/i_mant_calc.MANT_SQRT/RT[19].ADDSUB/p_44_out[20]
    SLICE_X72Y136        LUT3 (Prop_F6LUT_SLICEL_I2_O)
                                                      0.148     7.109 r  bse_i/byte_statistics_engi_0/inst/byte_statistics_epcA_U10/byte_statistics_engine_ap_fsqrt_5_no_dsp_32_u/U0/i_synth/SQRT_OP.SPD.OP/i_mant_calc.MANT_SQRT/RT[19].ADDSUB/CHAIN_GEN[5].C_MUX.CARRY_MUX_i_1/O
                         net (fo=1, routed)           0.011     7.120    bse_i/byte_statistics_engi_0/inst/byte_statistics_epcA_U10/byte_statistics_engine_ap_fsqrt_5_no_dsp_32_u/U0/i_synth/SQRT_OP.SPD.OP/i_mant_calc.MANT_SQRT/RT[19].ADDSUB/ADDSUB/A[2]
    SLICE_X72Y136        CARRY8 (Prop_CARRY8_SLICEL_S[5]_CO[7])
                                                      0.155     7.275 r  bse_i/byte_statistics_engi_0/inst/byte_statistics_epcA_U10/byte_statistics_engine_ap_fsqrt_5_no_dsp_32_u/U0/i_synth/SQRT_OP.SPD.OP/i_mant_calc.MANT_SQRT/RT[19].ADDSUB/ADDSUB/CHAIN_GEN[0].C_MUX.CARRY_MUX_CARRY4_CARRY8/CO[7]
                         net (fo=1, routed)           0.026     7.301    bse_i/byte_statistics_engi_0/inst/byte_statistics_epcA_U10/byte_statistics_engine_ap_fsqrt_5_no_dsp_32_u/U0/i_synth/SQRT_OP.SPD.OP/i_mant_calc.MANT_SQRT/RT[19].ADDSUB/ADDSUB/CHAIN_GEN[7].C_MUX.CARRY_MUX_n_4
    SLICE_X72Y137        CARRY8 (Prop_CARRY8_SLICEL_CI_CO[7])
                                                      0.015     7.316 r  bse_i/byte_statistics_engi_0/inst/byte_statistics_epcA_U10/byte_statistics_engine_ap_fsqrt_5_no_dsp_32_u/U0/i_synth/SQRT_OP.SPD.OP/i_mant_calc.MANT_SQRT/RT[19].ADDSUB/ADDSUB/CHAIN_GEN[8].C_MUX.CARRY_MUX_CARRY4_CARRY8/CO[7]
                         net (fo=1, routed)           0.026     7.342    bse_i/byte_statistics_engi_0/inst/byte_statistics_epcA_U10/byte_statistics_engine_ap_fsqrt_5_no_dsp_32_u/U0/i_synth/SQRT_OP.SPD.OP/i_mant_calc.MANT_SQRT/RT[19].ADDSUB/ADDSUB/CHAIN_GEN[15].C_MUX.CARRY_MUX_n_4
    SLICE_X72Y138        CARRY8 (Prop_CARRY8_SLICEL_CI_O[6])
                                                      0.103     7.445 r  bse_i/byte_statistics_engi_0/inst/byte_statistics_epcA_U10/byte_statistics_engine_ap_fsqrt_5_no_dsp_32_u/U0/i_synth/SQRT_OP.SPD.OP/i_mant_calc.MANT_SQRT/RT[19].ADDSUB/ADDSUB/CHAIN_GEN[16].C_MUX.CARRY_MUX_CARRY4_CARRY8/O[6]
                         net (fo=23, routed)          0.211     7.656    bse_i/byte_statistics_engi_0/inst/byte_statistics_epcA_U10/byte_statistics_engine_ap_fsqrt_5_no_dsp_32_u/U0/i_synth/SQRT_OP.SPD.OP/i_mant_calc.MANT_SQRT/RT[20].ADDSUB/Q[21]
    SLICE_X71Y137        LUT3 (Prop_B6LUT_SLICEM_I2_O)
                                                      0.149     7.805 r  bse_i/byte_statistics_engi_0/inst/byte_statistics_epcA_U10/byte_statistics_engine_ap_fsqrt_5_no_dsp_32_u/U0/i_synth/SQRT_OP.SPD.OP/i_mant_calc.MANT_SQRT/RT[20].ADDSUB/CHAIN_GEN[9].C_MUX.CARRY_MUX_i_1/O
                         net (fo=1, routed)           0.016     7.821    bse_i/byte_statistics_engi_0/inst/byte_statistics_epcA_U10/byte_statistics_engine_ap_fsqrt_5_no_dsp_32_u/U0/i_synth/SQRT_OP.SPD.OP/i_mant_calc.MANT_SQRT/RT[20].ADDSUB/ADDSUB/a_ip[6]
    SLICE_X71Y137        CARRY8 (Prop_CARRY8_SLICEM_S[1]_CO[7])
                                                      0.190     8.011 r  bse_i/byte_statistics_engi_0/inst/byte_statistics_epcA_U10/byte_statistics_engine_ap_fsqrt_5_no_dsp_32_u/U0/i_synth/SQRT_OP.SPD.OP/i_mant_calc.MANT_SQRT/RT[20].ADDSUB/ADDSUB/CHAIN_GEN[8].C_MUX.CARRY_MUX_CARRY4_CARRY8/CO[7]
                         net (fo=1, routed)           0.026     8.037    bse_i/byte_statistics_engi_0/inst/byte_statistics_epcA_U10/byte_statistics_engine_ap_fsqrt_5_no_dsp_32_u/U0/i_synth/SQRT_OP.SPD.OP/i_mant_calc.MANT_SQRT/RT[20].ADDSUB/ADDSUB/CHAIN_GEN[15].C_MUX.CARRY_MUX_n_4
    SLICE_X71Y138        CARRY8 (Prop_CARRY8_SLICEM_CI_O[6])
                                                      0.103     8.140 r  bse_i/byte_statistics_engi_0/inst/byte_statistics_epcA_U10/byte_statistics_engine_ap_fsqrt_5_no_dsp_32_u/U0/i_synth/SQRT_OP.SPD.OP/i_mant_calc.MANT_SQRT/RT[20].ADDSUB/ADDSUB/CHAIN_GEN[16].C_MUX.CARRY_MUX_CARRY4_CARRY8/O[6]
                         net (fo=1, routed)           0.026     8.166    bse_i/byte_statistics_engi_0/inst/byte_statistics_epcA_U10/byte_statistics_engine_ap_fsqrt_5_no_dsp_32_u/U0/i_synth/SQRT_OP.SPD.OP/i_mant_calc.MANT_SQRT/RT[20].ADDSUB/ADDSUB/Q_DEL/i_pipe/p_2_out
    SLICE_X71Y138        FDRE                                         r  bse_i/byte_statistics_engi_0/inst/byte_statistics_epcA_U10/byte_statistics_engine_ap_fsqrt_5_no_dsp_32_u/U0/i_synth/SQRT_OP.SPD.OP/i_mant_calc.MANT_SQRT/RT[20].ADDSUB/ADDSUB/Q_DEL/i_pipe/opt_has_pipe.first_q_reg[22]/D
  -------------------------------------------------------------------    -------------------

                         (clock clk_pl_0 rise edge)
                                                     10.000    10.000 r  
    PS8_X0Y0             PS8                          0.000    10.000 r  bse_i/zynq_ultra_ps_e_0/inst/PS8_i/PLCLK[0]
                         net (fo=1, routed)           0.143    10.143    bse_i/zynq_ultra_ps_e_0/inst/pl_clk_unbuffered[0]
    BUFG_PS_X0Y95        BUFG_PS (Prop_BUFG_PS_I_O)
                                                      0.025    10.168 r  bse_i/zynq_ultra_ps_e_0/inst/buffer_pl_clk_0.PL_CLK_0_BUFG/O
    X1Y2 (CLOCK_ROOT)    net (fo=24139, routed)       1.757    11.925    bse_i/byte_statistics_engi_0/inst/byte_statistics_epcA_U10/byte_statistics_engine_ap_fsqrt_5_no_dsp_32_u/U0/i_synth/SQRT_OP.SPD.OP/i_mant_calc.MANT_SQRT/RT[20].ADDSUB/ADDSUB/Q_DEL/i_pipe/aclk
    SLICE_X71Y138        FDRE                                         r  bse_i/byte_statistics_engi_0/inst/byte_statistics_epcA_U10/byte_statistics_engine_ap_fsqrt_5_no_dsp_32_u/U0/i_synth/SQRT_OP.SPD.OP/i_mant_calc.MANT_SQRT/RT[20].ADDSUB/ADDSUB/Q_DEL/i_pipe/opt_has_pipe.first_q_reg[22]/C
                         clock pessimism              0.171    12.096    
                         clock uncertainty           -0.130    11.966    
    SLICE_X71Y138        FDRE (Setup_GFF_SLICEM_C_D)
                                                      0.025    11.991    bse_i/byte_statistics_engi_0/inst/byte_statistics_epcA_U10/byte_statistics_engine_ap_fsqrt_5_no_dsp_32_u/U0/i_synth/SQRT_OP.SPD.OP/i_mant_calc.MANT_SQRT/RT[20].ADDSUB/ADDSUB/Q_DEL/i_pipe/opt_has_pipe.first_q_reg[22]
  -------------------------------------------------------------------
                         required time                         11.991    
                         arrival time                          -8.166    
  -------------------------------------------------------------------
                         slack                                  3.825    





Min Delay Paths
--------------------------------------------------------------------------------------
Slack (MET) :             0.011ns  (arrival time - required time)
  Source:                 bse_i/smartconnect_0/inst/switchboards/r_switchboard/inst/gen_mi[0].inst_opipe_payld/gen_pipe[1].pipe_reg[1][140]/C
                            (rising edge-triggered cell FDRE clocked by clk_pl_0  {rise@0.000ns fall@5.000ns period=10.000ns})
  Destination:            bse_i/smartconnect_0/inst/s00_nodes/s00_r_node/inst/inst_mi_handler/gen_normal_area.inst_fifo_node_payld/gen_xpm_memory_fifo.inst_fifo/gen_mem_rep[0].inst_xpm_memory/xpm_memory_base_inst/gen_wr_a.gen_word_narrow.mem_reg_0_31_140_153/RAMA/I
                            (rising edge-triggered cell RAMD32 clocked by clk_pl_0  {rise@0.000ns fall@5.000ns period=10.000ns})
  Path Group:             clk_pl_0
  Path Type:              Hold (Min at Slow Process Corner)
  Requirement:            0.000ns  (clk_pl_0 rise@0.000ns - clk_pl_0 rise@0.000ns)
  Data Path Delay:        0.217ns  (logic 0.059ns (27.189%)  route 0.158ns (72.811%))
  Logic Levels:           0  
  Clock Path Skew:        0.131ns (DCD - SCD - CPR)
    Destination Clock Delay (DCD):    2.151ns
    Source Clock Delay      (SCD):    1.845ns
    Clock Pessimism Removal (CPR):    0.175ns
  Clock Net Delay (Source):      1.677ns (routing 0.600ns, distribution 1.077ns)
  Clock Net Delay (Destination): 1.943ns (routing 0.666ns, distribution 1.277ns)

    Location             Delay type                Incr(ns)  Path(ns)    Netlist Resource(s)
  -------------------------------------------------------------------    -------------------
                         (clock clk_pl_0 rise edge)
                                                      0.000     0.000 r  
    PS8_X0Y0             PS8                          0.000     0.000 r  bse_i/zynq_ultra_ps_e_0/inst/PS8_i/PLCLK[0]
                         net (fo=1, routed)           0.143     0.143    bse_i/zynq_ultra_ps_e_0/inst/pl_clk_unbuffered[0]
    BUFG_PS_X0Y95        BUFG_PS (Prop_BUFG_PS_I_O)
                                                      0.025     0.168 r  bse_i/zynq_ultra_ps_e_0/inst/buffer_pl_clk_0.PL_CLK_0_BUFG/O
    X1Y2 (CLOCK_ROOT)    net (fo=24139, routed)       1.677     1.845    bse_i/smartconnect_0/inst/switchboards/r_switchboard/inst/gen_mi[0].inst_opipe_payld/aclk
    SLICE_X51Y72         FDRE                                         r  bse_i/smartconnect_0/inst/switchboards/r_switchboard/inst/gen_mi[0].inst_opipe_payld/gen_pipe[1].pipe_reg[1][140]/C
  -------------------------------------------------------------------    -------------------
    SLICE_X51Y72         FDRE (Prop_HFF2_SLICEL_C_Q)
                                                      0.059     1.904 r  bse_i/smartconnect_0/inst/switchboards/r_switchboard/inst/gen_mi[0].inst_opipe_payld/gen_pipe[1].pipe_reg[1][140]/Q
                         net (fo=1, routed)           0.158     2.062    bse_i/smartconnect_0/inst/s00_nodes/s00_r_node/inst/inst_mi_handler/gen_normal_area.inst_fifo_node_payld/gen_xpm_memory_fifo.inst_fifo/gen_mem_rep[0].inst_xpm_memory/xpm_memory_base_inst/gen_wr_a.gen_word_narrow.mem_reg_0_31_140_153/DIA0
    SLICE_X53Y72         RAMD32                                       r  bse_i/smartconnect_0/inst/s00_nodes/s00_r_node/inst/inst_mi_handler/gen_normal_area.inst_fifo_node_payld/gen_xpm_memory_fifo.inst_fifo/gen_mem_rep[0].inst_xpm_memory/xpm_memory_base_inst/gen_wr_a.gen_word_narrow.mem_reg_0_31_140_153/RAMA/I
  -------------------------------------------------------------------    -------------------

                         (clock clk_pl_0 rise edge)
                                                      0.000     0.000 r  
    PS8_X0Y0             PS8                          0.000     0.000 r  bse_i/zynq_ultra_ps_e_0/inst/PS8_i/PLCLK[0]
                         net (fo=1, routed)           0.180     0.180    bse_i/zynq_ultra_ps_e_0/inst/pl_clk_unbuffered[0]
    BUFG_PS_X0Y95        BUFG_PS (Prop_BUFG_PS_I_O)
                                                      0.028     0.208 r  bse_i/zynq_ultra_ps_e_0/inst/buffer_pl_clk_0.PL_CLK_0_BUFG/O
    X1Y2 (CLOCK_ROOT)    net (fo=24139, routed)       1.943     2.151    bse_i/smartconnect_0/inst/s00_nodes/s00_r_node/inst/inst_mi_handler/gen_normal_area.inst_fifo_node_payld/gen_xpm_memory_fifo.inst_fifo/gen_mem_rep[0].inst_xpm_memory/xpm_memory_base_inst/gen_wr_a.gen_word_narrow.mem_reg_0_31_140_153/WCLK
    SLICE_X53Y72         RAMD32                                       r  bse_i/smartconnect_0/inst/s00_nodes/s00_r_node/inst/inst_mi_handler/gen_normal_area.inst_fifo_node_payld/gen_xpm_memory_fifo.inst_fifo/gen_mem_rep[0].inst_xpm_memory/xpm_memory_base_inst/gen_wr_a.gen_word_narrow.mem_reg_0_31_140_153/RAMA/CLK
                         clock pessimism             -0.175     1.976    
    SLICE_X53Y72         RAMD32 (Hold_A5LUT_SLICEM_CLK_I)
                                                      0.075     2.051    bse_i/smartconnect_0/inst/s00_nodes/s00_r_node/inst/inst_mi_handler/gen_normal_area.inst_fifo_node_payld/gen_xpm_memory_fifo.inst_fifo/gen_mem_rep[0].inst_xpm_memory/xpm_memory_base_inst/gen_wr_a.gen_word_narrow.mem_reg_0_31_140_153/RAMA
  -------------------------------------------------------------------
                         required time                         -2.051    
                         arrival time                           2.062    
  -------------------------------------------------------------------
                         slack                                  0.011    

Slack (MET) :             0.012ns  (arrival time - required time)
  Source:                 bse_i/byte_statistics_engi_0/inst/reg_5398_reg[19]/C
                            (rising edge-triggered cell FDRE clocked by clk_pl_0  {rise@0.000ns fall@5.000ns period=10.000ns})
  Destination:            bse_i/byte_statistics_engi_0/inst/feats_255_143_fu_1390_reg[19]/D
                            (rising edge-triggered cell FDRE clocked by clk_pl_0  {rise@0.000ns fall@5.000ns period=10.000ns})
  Path Group:             clk_pl_0
  Path Type:              Hold (Min at Slow Process Corner)
  Requirement:            0.000ns  (clk_pl_0 rise@0.000ns - clk_pl_0 rise@0.000ns)
  Data Path Delay:        0.174ns  (logic 0.058ns (33.333%)  route 0.116ns (66.667%))
  Logic Levels:           0  
  Clock Path Skew:        0.102ns (DCD - SCD - CPR)
    Destination Clock Delay (DCD):    2.196ns
    Source Clock Delay      (SCD):    1.912ns
    Clock Pessimism Removal (CPR):    0.182ns
  Clock Net Delay (Source):      1.744ns (routing 0.600ns, distribution 1.144ns)
  Clock Net Delay (Destination): 1.988ns (routing 0.666ns, distribution 1.322ns)

    Location             Delay type                Incr(ns)  Path(ns)    Netlist Resource(s)
  -------------------------------------------------------------------    -------------------
                         (clock clk_pl_0 rise edge)
                                                      0.000     0.000 r  
    PS8_X0Y0             PS8                          0.000     0.000 r  bse_i/zynq_ultra_ps_e_0/inst/PS8_i/PLCLK[0]
                         net (fo=1, routed)           0.143     0.143    bse_i/zynq_ultra_ps_e_0/inst/pl_clk_unbuffered[0]
    BUFG_PS_X0Y95        BUFG_PS (Prop_BUFG_PS_I_O)
                                                      0.025     0.168 r  bse_i/zynq_ultra_ps_e_0/inst/buffer_pl_clk_0.PL_CLK_0_BUFG/O
    X1Y2 (CLOCK_ROOT)    net (fo=24139, routed)       1.744     1.912    bse_i/byte_statistics_engi_0/inst/ap_clk
    SLICE_X69Y80         FDRE                                         r  bse_i/byte_statistics_engi_0/inst/reg_5398_reg[19]/C
  -------------------------------------------------------------------    -------------------
    SLICE_X69Y80         FDRE (Prop_AFF_SLICEL_C_Q)
                                                      0.058     1.970 r  bse_i/byte_statistics_engi_0/inst/reg_5398_reg[19]/Q
                         net (fo=64, routed)          0.116     2.086    bse_i/byte_statistics_engi_0/inst/reg_5398[19]
    SLICE_X68Y80         FDRE                                         r  bse_i/byte_statistics_engi_0/inst/feats_255_143_fu_1390_reg[19]/D
  -------------------------------------------------------------------    -------------------

                         (clock clk_pl_0 rise edge)
                                                      0.000     0.000 r  
    PS8_X0Y0             PS8                          0.000     0.000 r  bse_i/zynq_ultra_ps_e_0/inst/PS8_i/PLCLK[0]
                         net (fo=1, routed)           0.180     0.180    bse_i/zynq_ultra_ps_e_0/inst/pl_clk_unbuffered[0]
    BUFG_PS_X0Y95        BUFG_PS (Prop_BUFG_PS_I_O)
                                                      0.028     0.208 r  bse_i/zynq_ultra_ps_e_0/inst/buffer_pl_clk_0.PL_CLK_0_BUFG/O
    X1Y2 (CLOCK_ROOT)    net (fo=24139, routed)       1.988     2.196    bse_i/byte_statistics_engi_0/inst/ap_clk
    SLICE_X68Y80         FDRE                                         r  bse_i/byte_statistics_engi_0/inst/feats_255_143_fu_1390_reg[19]/C
                         clock pessimism             -0.182     2.014    
    SLICE_X68Y80         FDRE (Hold_EFF_SLICEL_C_D)
                                                      0.060     2.074    bse_i/byte_statistics_engi_0/inst/feats_255_143_fu_1390_reg[19]
  -------------------------------------------------------------------
                         required time                         -2.074    
                         arrival time                           2.086    
  -------------------------------------------------------------------
                         slack                                  0.012    

Slack (MET) :             0.012ns  (arrival time - required time)
  Source:                 bse_i/axi_dma_0/U0/I_AXI_DMA_REG_MODULE/GEN_S2MM_REGISTERS.I_S2MM_DMA_REGISTER/GEN_REG_FOR_SMPL.buffer_address_i_reg[9]/C
                            (rising edge-triggered cell FDRE clocked by clk_pl_0  {rise@0.000ns fall@5.000ns period=10.000ns})
  Destination:            bse_i/axi_dma_0/U0/INCLUDE_S2MM_SOF_EOF_GENERATOR.I_S2MM_DMA_MNGR/GEN_S2MM_DMA_CONTROL.GEN_SIMPLE_DMA_MODE.I_S2MM_SMPL_SM/GEN_CMD_BTT_LESS_23.cmnd_data_reg[44]/D
                            (rising edge-triggered cell FDRE clocked by clk_pl_0  {rise@0.000ns fall@5.000ns period=10.000ns})
  Path Group:             clk_pl_0
  Path Type:              Hold (Min at Slow Process Corner)
  Requirement:            0.000ns  (clk_pl_0 rise@0.000ns - clk_pl_0 rise@0.000ns)
  Data Path Delay:        0.163ns  (logic 0.059ns (36.196%)  route 0.104ns (63.804%))
  Logic Levels:           0  
  Clock Path Skew:        0.089ns (DCD - SCD - CPR)
    Destination Clock Delay (DCD):    2.124ns
    Source Clock Delay      (SCD):    1.863ns
    Clock Pessimism Removal (CPR):    0.172ns
  Clock Net Delay (Source):      1.695ns (routing 0.600ns, distribution 1.095ns)
  Clock Net Delay (Destination): 1.916ns (routing 0.666ns, distribution 1.250ns)

    Location             Delay type                Incr(ns)  Path(ns)    Netlist Resource(s)
  -------------------------------------------------------------------    -------------------
                         (clock clk_pl_0 rise edge)
                                                      0.000     0.000 r  
    PS8_X0Y0             PS8                          0.000     0.000 r  bse_i/zynq_ultra_ps_e_0/inst/PS8_i/PLCLK[0]
                         net (fo=1, routed)           0.143     0.143    bse_i/zynq_ultra_ps_e_0/inst/pl_clk_unbuffered[0]
    BUFG_PS_X0Y95        BUFG_PS (Prop_BUFG_PS_I_O)
                                                      0.025     0.168 r  bse_i/zynq_ultra_ps_e_0/inst/buffer_pl_clk_0.PL_CLK_0_BUFG/O
    X1Y2 (CLOCK_ROOT)    net (fo=24139, routed)       1.695     1.863    bse_i/axi_dma_0/U0/I_AXI_DMA_REG_MODULE/GEN_S2MM_REGISTERS.I_S2MM_DMA_REGISTER/s_axi_lite_aclk
    SLICE_X51Y209        FDRE                                         r  bse_i/axi_dma_0/U0/I_AXI_DMA_REG_MODULE/GEN_S2MM_REGISTERS.I_S2MM_DMA_REGISTER/GEN_REG_FOR_SMPL.buffer_address_i_reg[9]/C
  -------------------------------------------------------------------    -------------------
    SLICE_X51Y209        FDRE (Prop_HFF2_SLICEL_C_Q)
                                                      0.059     1.922 r  bse_i/axi_dma_0/U0/I_AXI_DMA_REG_MODULE/GEN_S2MM_REGISTERS.I_S2MM_DMA_REGISTER/GEN_REG_FOR_SMPL.buffer_address_i_reg[9]/Q
                         net (fo=2, routed)           0.104     2.026    bse_i/axi_dma_0/U0/INCLUDE_S2MM_SOF_EOF_GENERATOR.I_S2MM_DMA_MNGR/GEN_S2MM_DMA_CONTROL.GEN_SIMPLE_DMA_MODE.I_S2MM_SMPL_SM/GEN_CMD_BTT_LESS_23.cmnd_data_reg[66]_1[9]
    SLICE_X51Y210        FDRE                                         r  bse_i/axi_dma_0/U0/INCLUDE_S2MM_SOF_EOF_GENERATOR.I_S2MM_DMA_MNGR/GEN_S2MM_DMA_CONTROL.GEN_SIMPLE_DMA_MODE.I_S2MM_SMPL_SM/GEN_CMD_BTT_LESS_23.cmnd_data_reg[44]/D
  -------------------------------------------------------------------    -------------------

                         (clock clk_pl_0 rise edge)
                                                      0.000     0.000 r  
    PS8_X0Y0             PS8                          0.000     0.000 r  bse_i/zynq_ultra_ps_e_0/inst/PS8_i/PLCLK[0]
                         net (fo=1, routed)           0.180     0.180    bse_i/zynq_ultra_ps_e_0/inst/pl_clk_unbuffered[0]
    BUFG_PS_X0Y95        BUFG_PS (Prop_BUFG_PS_I_O)
                                                      0.028     0.208 r  bse_i/zynq_ultra_ps_e_0/inst/buffer_pl_clk_0.PL_CLK_0_BUFG/O
    X1Y2 (CLOCK_ROOT)    net (fo=24139, routed)       1.916     2.124    bse_i/axi_dma_0/U0/INCLUDE_S2MM_SOF_EOF_GENERATOR.I_S2MM_DMA_MNGR/GEN_S2MM_DMA_CONTROL.GEN_SIMPLE_DMA_MODE.I_S2MM_SMPL_SM/s_axi_lite_aclk
    SLICE_X51Y210        FDRE                                         r  bse_i/axi_dma_0/U0/INCLUDE_S2MM_SOF_EOF_GENERATOR.I_S2MM_DMA_MNGR/GEN_S2MM_DMA_CONTROL.GEN_SIMPLE_DMA_MODE.I_S2MM_SMPL_SM/GEN_CMD_BTT_LESS_23.cmnd_data_reg[44]/C
                         clock pessimism             -0.172     1.952    
    SLICE_X51Y210        FDRE (Hold_DFF2_SLICEL_C_D)
                                                      0.062     2.014    bse_i/axi_dma_0/U0/INCLUDE_S2MM_SOF_EOF_GENERATOR.I_S2MM_DMA_MNGR/GEN_S2MM_DMA_CONTROL.GEN_SIMPLE_DMA_MODE.I_S2MM_SMPL_SM/GEN_CMD_BTT_LESS_23.cmnd_data_reg[44]
  -------------------------------------------------------------------
                         required time                         -2.014    
                         arrival time                           2.026    
  -------------------------------------------------------------------
                         slack                                  0.012    

Slack (MET) :             0.013ns  (arrival time - required time)
  Source:                 bse_i/byte_statistics_engi_0/inst/p_0418_1_3_reg_12264_reg[19]/C
                            (rising edge-triggered cell FDRE clocked by clk_pl_0  {rise@0.000ns fall@5.000ns period=10.000ns})
  Destination:            bse_i/byte_statistics_engi_0/inst/p_1_reg_4666_reg[19]/D
                            (rising edge-triggered cell FDRE clocked by clk_pl_0  {rise@0.000ns fall@5.000ns period=10.000ns})
  Path Group:             clk_pl_0
  Path Type:              Hold (Min at Slow Process Corner)
  Requirement:            0.000ns  (clk_pl_0 rise@0.000ns - clk_pl_0 rise@0.000ns)
  Data Path Delay:        0.197ns  (logic 0.058ns (29.442%)  route 0.139ns (70.558%))
  Logic Levels:           0  
  Clock Path Skew:        0.122ns (DCD - SCD - CPR)
    Destination Clock Delay (DCD):    2.106ns
    Source Clock Delay      (SCD):    1.878ns
    Clock Pessimism Removal (CPR):    0.106ns
  Clock Net Delay (Source):      1.710ns (routing 0.600ns, distribution 1.110ns)
  Clock Net Delay (Destination): 1.898ns (routing 0.666ns, distribution 1.232ns)

    Location             Delay type                Incr(ns)  Path(ns)    Netlist Resource(s)
  -------------------------------------------------------------------    -------------------
                         (clock clk_pl_0 rise edge)
                                                      0.000     0.000 r  
    PS8_X0Y0             PS8                          0.000     0.000 r  bse_i/zynq_ultra_ps_e_0/inst/PS8_i/PLCLK[0]
                         net (fo=1, routed)           0.143     0.143    bse_i/zynq_ultra_ps_e_0/inst/pl_clk_unbuffered[0]
    BUFG_PS_X0Y95        BUFG_PS (Prop_BUFG_PS_I_O)
                                                      0.025     0.168 r  bse_i/zynq_ultra_ps_e_0/inst/buffer_pl_clk_0.PL_CLK_0_BUFG/O
    X1Y2 (CLOCK_ROOT)    net (fo=24139, routed)       1.710     1.878    bse_i/byte_statistics_engi_0/inst/ap_clk
    SLICE_X53Y180        FDRE                                         r  bse_i/byte_statistics_engi_0/inst/p_0418_1_3_reg_12264_reg[19]/C
  -------------------------------------------------------------------    -------------------
    SLICE_X53Y180        FDRE (Prop_DFF_SLICEM_C_Q)
                                                      0.058     1.936 r  bse_i/byte_statistics_engi_0/inst/p_0418_1_3_reg_12264_reg[19]/Q
                         net (fo=2, routed)           0.139     2.075    bse_i/byte_statistics_engi_0/inst/p_0418_1_3_reg_12264[19]
    SLICE_X52Y178        FDRE                                         r  bse_i/byte_statistics_engi_0/inst/p_1_reg_4666_reg[19]/D
  -------------------------------------------------------------------    -------------------

                         (clock clk_pl_0 rise edge)
                                                      0.000     0.000 r  
    PS8_X0Y0             PS8                          0.000     0.000 r  bse_i/zynq_ultra_ps_e_0/inst/PS8_i/PLCLK[0]
                         net (fo=1, routed)           0.180     0.180    bse_i/zynq_ultra_ps_e_0/inst/pl_clk_unbuffered[0]
    BUFG_PS_X0Y95        BUFG_PS (Prop_BUFG_PS_I_O)
                                                      0.028     0.208 r  bse_i/zynq_ultra_ps_e_0/inst/buffer_pl_clk_0.PL_CLK_0_BUFG/O
    X1Y2 (CLOCK_ROOT)    net (fo=24139, routed)       1.898     2.106    bse_i/byte_statistics_engi_0/inst/ap_clk
    SLICE_X52Y178        FDRE                                         r  bse_i/byte_statistics_engi_0/inst/p_1_reg_4666_reg[19]/C
                         clock pessimism             -0.106     2.000    
    SLICE_X52Y178        FDRE (Hold_EFF2_SLICEL_C_D)
                                                      0.062     2.062    bse_i/byte_statistics_engi_0/inst/p_1_reg_4666_reg[19]
  -------------------------------------------------------------------
                         required time                         -2.062    
                         arrival time                           2.075    
  -------------------------------------------------------------------
                         slack                                  0.013    

Slack (MET) :             0.014ns  (arrival time - required time)
  Source:                 bse_i/byte_statistics_engi_0/inst/chunk_sums_3_71_reg_12158_reg[5]/C
                            (rising edge-triggered cell FDRE clocked by clk_pl_0  {rise@0.000ns fall@5.000ns period=10.000ns})
  Destination:            bse_i/byte_statistics_engi_0/inst/chunk_sums_3_5_reg_4546_reg[5]/D
                            (rising edge-triggered cell FDRE clocked by clk_pl_0  {rise@0.000ns fall@5.000ns period=10.000ns})
  Path Group:             clk_pl_0
  Path Type:              Hold (Min at Slow Process Corner)
  Requirement:            0.000ns  (clk_pl_0 rise@0.000ns - clk_pl_0 rise@0.000ns)
  Data Path Delay:        0.168ns  (logic 0.059ns (35.119%)  route 0.109ns (64.881%))
  Logic Levels:           0  
  Clock Path Skew:        0.094ns (DCD - SCD - CPR)
    Destination Clock Delay (DCD):    2.121ns
    Source Clock Delay      (SCD):    1.855ns
    Clock Pessimism Removal (CPR):    0.172ns
  Clock Net Delay (Source):      1.687ns (routing 0.600ns, distribution 1.087ns)
  Clock Net Delay (Destination): 1.913ns (routing 0.666ns, distribution 1.247ns)

    Location             Delay type                Incr(ns)  Path(ns)    Netlist Resource(s)
  -------------------------------------------------------------------    -------------------
                         (clock clk_pl_0 rise edge)
                                                      0.000     0.000 r  
    PS8_X0Y0             PS8                          0.000     0.000 r  bse_i/zynq_ultra_ps_e_0/inst/PS8_i/PLCLK[0]
                         net (fo=1, routed)           0.143     0.143    bse_i/zynq_ultra_ps_e_0/inst/pl_clk_unbuffered[0]
    BUFG_PS_X0Y95        BUFG_PS (Prop_BUFG_PS_I_O)
                                                      0.025     0.168 r  bse_i/zynq_ultra_ps_e_0/inst/buffer_pl_clk_0.PL_CLK_0_BUFG/O
    X1Y2 (CLOCK_ROOT)    net (fo=24139, routed)       1.687     1.855    bse_i/byte_statistics_engi_0/inst/ap_clk
    SLICE_X58Y209        FDRE                                         r  bse_i/byte_statistics_engi_0/inst/chunk_sums_3_71_reg_12158_reg[5]/C
  -------------------------------------------------------------------    -------------------
    SLICE_X58Y209        FDRE (Prop_HFF2_SLICEL_C_Q)
                                                      0.059     1.914 r  bse_i/byte_statistics_engi_0/inst/chunk_sums_3_71_reg_12158_reg[5]/Q
                         net (fo=2, routed)           0.109     2.023    bse_i/byte_statistics_engi_0/inst/chunk_sums_3_71_reg_12158_reg_n_4_[5]
    SLICE_X58Y210        FDRE                                         r  bse_i/byte_statistics_engi_0/inst/chunk_sums_3_5_reg_4546_reg[5]/D
  -------------------------------------------------------------------    -------------------

                         (clock clk_pl_0 rise edge)
                                                      0.000     0.000 r  
    PS8_X0Y0             PS8                          0.000     0.000 r  bse_i/zynq_ultra_ps_e_0/inst/PS8_i/PLCLK[0]
                         net (fo=1, routed)           0.180     0.180    bse_i/zynq_ultra_ps_e_0/inst/pl_clk_unbuffered[0]
    BUFG_PS_X0Y95        BUFG_PS (Prop_BUFG_PS_I_O)
                                                      0.028     0.208 r  bse_i/zynq_ultra_ps_e_0/inst/buffer_pl_clk_0.PL_CLK_0_BUFG/O
    X1Y2 (CLOCK_ROOT)    net (fo=24139, routed)       1.913     2.121    bse_i/byte_statistics_engi_0/inst/ap_clk
    SLICE_X58Y210        FDRE                                         r  bse_i/byte_statistics_engi_0/inst/chunk_sums_3_5_reg_4546_reg[5]/C
                         clock pessimism             -0.172     1.949    
    SLICE_X58Y210        FDRE (Hold_EFF_SLICEL_C_D)
                                                      0.060     2.009    bse_i/byte_statistics_engi_0/inst/chunk_sums_3_5_reg_4546_reg[5]
  -------------------------------------------------------------------
                         required time                         -2.009    
                         arrival time                           2.023    
  -------------------------------------------------------------------
                         slack                                  0.014    

Slack (MET) :             0.016ns  (arrival time - required time)
  Source:                 bse_i/smartconnect_0/inst/switchboards/w_switchboard/inst/gen_mi[0].inst_opipe_payld/gen_pipe[1].pipe_reg[1][143]/C
                            (rising edge-triggered cell FDRE clocked by clk_pl_0  {rise@0.000ns fall@5.000ns period=10.000ns})
  Destination:            bse_i/smartconnect_0/inst/m00_nodes/m00_w_node/inst/inst_mi_handler/gen_normal_area.inst_fifo_node_payld/gen_xpm_memory_fifo.inst_fifo/gen_mem_rep[0].inst_xpm_memory/xpm_memory_base_inst/gen_wr_a.gen_word_narrow.mem_reg_0_31_140_153/RAMB_D1/I
                            (rising edge-triggered cell RAMD32 clocked by clk_pl_0  {rise@0.000ns fall@5.000ns period=10.000ns})
  Path Group:             clk_pl_0
  Path Type:              Hold (Min at Slow Process Corner)
  Requirement:            0.000ns  (clk_pl_0 rise@0.000ns - clk_pl_0 rise@0.000ns)
  Data Path Delay:        0.229ns  (logic 0.060ns (26.201%)  route 0.169ns (73.799%))
  Logic Levels:           0  
  Clock Path Skew:        0.153ns (DCD - SCD - CPR)
    Destination Clock Delay (DCD):    2.163ns
    Source Clock Delay      (SCD):    1.835ns
    Clock Pessimism Removal (CPR):    0.175ns
  Clock Net Delay (Source):      1.667ns (routing 0.600ns, distribution 1.067ns)
  Clock Net Delay (Destination): 1.955ns (routing 0.666ns, distribution 1.289ns)

    Location             Delay type                Incr(ns)  Path(ns)    Netlist Resource(s)
  -------------------------------------------------------------------    -------------------
                         (clock clk_pl_0 rise edge)
                                                      0.000     0.000 r  
    PS8_X0Y0             PS8                          0.000     0.000 r  bse_i/zynq_ultra_ps_e_0/inst/PS8_i/PLCLK[0]
                         net (fo=1, routed)           0.143     0.143    bse_i/zynq_ultra_ps_e_0/inst/pl_clk_unbuffered[0]
    BUFG_PS_X0Y95        BUFG_PS (Prop_BUFG_PS_I_O)
                                                      0.025     0.168 r  bse_i/zynq_ultra_ps_e_0/inst/buffer_pl_clk_0.PL_CLK_0_BUFG/O
    X1Y2 (CLOCK_ROOT)    net (fo=24139, routed)       1.667     1.835    bse_i/smartconnect_0/inst/switchboards/w_switchboard/inst/gen_mi[0].inst_opipe_payld/aclk
    SLICE_X53Y98         FDRE                                         r  bse_i/smartconnect_0/inst/switchboards/w_switchboard/inst/gen_mi[0].inst_opipe_payld/gen_pipe[1].pipe_reg[1][143]/C
  -------------------------------------------------------------------    -------------------
    SLICE_X53Y98         FDRE (Prop_AFF2_SLICEM_C_Q)
                                                      0.060     1.895 r  bse_i/smartconnect_0/inst/switchboards/w_switchboard/inst/gen_mi[0].inst_opipe_payld/gen_pipe[1].pipe_reg[1][143]/Q
                         net (fo=1, routed)           0.169     2.064    bse_i/smartconnect_0/inst/m00_nodes/m00_w_node/inst/inst_mi_handler/gen_normal_area.inst_fifo_node_payld/gen_xpm_memory_fifo.inst_fifo/gen_mem_rep[0].inst_xpm_memory/xpm_memory_base_inst/gen_wr_a.gen_word_narrow.mem_reg_0_31_140_153/DIB1
    SLICE_X50Y98         RAMD32                                       r  bse_i/smartconnect_0/inst/m00_nodes/m00_w_node/inst/inst_mi_handler/gen_normal_area.inst_fifo_node_payld/gen_xpm_memory_fifo.inst_fifo/gen_mem_rep[0].inst_xpm_memory/xpm_memory_base_inst/gen_wr_a.gen_word_narrow.mem_reg_0_31_140_153/RAMB_D1/I
  -------------------------------------------------------------------    -------------------

                         (clock clk_pl_0 rise edge)
                                                      0.000     0.000 r  
    PS8_X0Y0             PS8                          0.000     0.000 r  bse_i/zynq_ultra_ps_e_0/inst/PS8_i/PLCLK[0]
                         net (fo=1, routed)           0.180     0.180    bse_i/zynq_ultra_ps_e_0/inst/pl_clk_unbuffered[0]
    BUFG_PS_X0Y95        BUFG_PS (Prop_BUFG_PS_I_O)
                                                      0.028     0.208 r  bse_i/zynq_ultra_ps_e_0/inst/buffer_pl_clk_0.PL_CLK_0_BUFG/O
    X1Y2 (CLOCK_ROOT)    net (fo=24139, routed)       1.955     2.163    bse_i/smartconnect_0/inst/m00_nodes/m00_w_node/inst/inst_mi_handler/gen_normal_area.inst_fifo_node_payld/gen_xpm_memory_fifo.inst_fifo/gen_mem_rep[0].inst_xpm_memory/xpm_memory_base_inst/gen_wr_a.gen_word_narrow.mem_reg_0_31_140_153/WCLK
    SLICE_X50Y98         RAMD32                                       r  bse_i/smartconnect_0/inst/m00_nodes/m00_w_node/inst/inst_mi_handler/gen_normal_area.inst_fifo_node_payld/gen_xpm_memory_fifo.inst_fifo/gen_mem_rep[0].inst_xpm_memory/xpm_memory_base_inst/gen_wr_a.gen_word_narrow.mem_reg_0_31_140_153/RAMB_D1/CLK
                         clock pessimism             -0.175     1.988    
    SLICE_X50Y98         RAMD32 (Hold_B6LUT_SLICEM_CLK_I)
                                                      0.060     2.048    bse_i/smartconnect_0/inst/m00_nodes/m00_w_node/inst/inst_mi_handler/gen_normal_area.inst_fifo_node_payld/gen_xpm_memory_fifo.inst_fifo/gen_mem_rep[0].inst_xpm_memory/xpm_memory_base_inst/gen_wr_a.gen_word_narrow.mem_reg_0_31_140_153/RAMB_D1
  -------------------------------------------------------------------
                         required time                         -2.048    
                         arrival time                           2.064    
  -------------------------------------------------------------------
                         slack                                  0.016    

Slack (MET) :             0.017ns  (arrival time - required time)
  Source:                 bse_i/axi_dma_0/U0/I_PRMRY_DATAMOVER/GEN_S2MM_FULL.I_S2MM_FULL_WRAPPER/I_S2MM_MMAP_SKID_BUF/sig_data_reg_out_reg[16]/C
                            (rising edge-triggered cell FDRE clocked by clk_pl_0  {rise@0.000ns fall@5.000ns period=10.000ns})
  Destination:            bse_i/smartconnect_0/inst/s01_entry_pipeline/s01_mmu/inst/w_sreg/skid_buffer_reg[1041]/D
                            (rising edge-triggered cell FDRE clocked by clk_pl_0  {rise@0.000ns fall@5.000ns period=10.000ns})
  Path Group:             clk_pl_0
  Path Type:              Hold (Min at Slow Process Corner)
  Requirement:            0.000ns  (clk_pl_0 rise@0.000ns - clk_pl_0 rise@0.000ns)
  Data Path Delay:        0.130ns  (logic 0.058ns (44.615%)  route 0.072ns (55.385%))
  Logic Levels:           0  
  Clock Path Skew:        0.051ns (DCD - SCD - CPR)
    Destination Clock Delay (DCD):    2.110ns
    Source Clock Delay      (SCD):    1.835ns
    Clock Pessimism Removal (CPR):    0.224ns
  Clock Net Delay (Source):      1.667ns (routing 0.600ns, distribution 1.067ns)
  Clock Net Delay (Destination): 1.902ns (routing 0.666ns, distribution 1.236ns)

    Location             Delay type                Incr(ns)  Path(ns)    Netlist Resource(s)
  -------------------------------------------------------------------    -------------------
                         (clock clk_pl_0 rise edge)
                                                      0.000     0.000 r  
    PS8_X0Y0             PS8                          0.000     0.000 r  bse_i/zynq_ultra_ps_e_0/inst/PS8_i/PLCLK[0]
                         net (fo=1, routed)           0.143     0.143    bse_i/zynq_ultra_ps_e_0/inst/pl_clk_unbuffered[0]
    BUFG_PS_X0Y95        BUFG_PS (Prop_BUFG_PS_I_O)
                                                      0.025     0.168 r  bse_i/zynq_ultra_ps_e_0/inst/buffer_pl_clk_0.PL_CLK_0_BUFG/O
    X1Y2 (CLOCK_ROOT)    net (fo=24139, routed)       1.667     1.835    bse_i/axi_dma_0/U0/I_PRMRY_DATAMOVER/GEN_S2MM_FULL.I_S2MM_FULL_WRAPPER/I_S2MM_MMAP_SKID_BUF/m_axi_s2mm_aclk
    SLICE_X55Y97         FDRE                                         r  bse_i/axi_dma_0/U0/I_PRMRY_DATAMOVER/GEN_S2MM_FULL.I_S2MM_FULL_WRAPPER/I_S2MM_MMAP_SKID_BUF/sig_data_reg_out_reg[16]/C
  -------------------------------------------------------------------    -------------------
    SLICE_X55Y97         FDRE (Prop_HFF_SLICEL_C_Q)
                                                      0.058     1.893 r  bse_i/axi_dma_0/U0/I_PRMRY_DATAMOVER/GEN_S2MM_FULL.I_S2MM_FULL_WRAPPER/I_S2MM_MMAP_SKID_BUF/sig_data_reg_out_reg[16]/Q
                         net (fo=2, routed)           0.072     1.965    bse_i/smartconnect_0/inst/s01_entry_pipeline/s01_mmu/inst/w_sreg/D[17]
    SLICE_X55Y98         FDRE                                         r  bse_i/smartconnect_0/inst/s01_entry_pipeline/s01_mmu/inst/w_sreg/skid_buffer_reg[1041]/D
  -------------------------------------------------------------------    -------------------

                         (clock clk_pl_0 rise edge)
                                                      0.000     0.000 r  
    PS8_X0Y0             PS8                          0.000     0.000 r  bse_i/zynq_ultra_ps_e_0/inst/PS8_i/PLCLK[0]
                         net (fo=1, routed)           0.180     0.180    bse_i/zynq_ultra_ps_e_0/inst/pl_clk_unbuffered[0]
    BUFG_PS_X0Y95        BUFG_PS (Prop_BUFG_PS_I_O)
                                                      0.028     0.208 r  bse_i/zynq_ultra_ps_e_0/inst/buffer_pl_clk_0.PL_CLK_0_BUFG/O
    X1Y2 (CLOCK_ROOT)    net (fo=24139, routed)       1.902     2.110    bse_i/smartconnect_0/inst/s01_entry_pipeline/s01_mmu/inst/w_sreg/aclk
    SLICE_X55Y98         FDRE                                         r  bse_i/smartconnect_0/inst/s01_entry_pipeline/s01_mmu/inst/w_sreg/skid_buffer_reg[1041]/C
                         clock pessimism             -0.224     1.886    
    SLICE_X55Y98         FDRE (Hold_EFF2_SLICEL_C_D)
                                                      0.062     1.948    bse_i/smartconnect_0/inst/s01_entry_pipeline/s01_mmu/inst/w_sreg/skid_buffer_reg[1041]
  -------------------------------------------------------------------
                         required time                         -1.948    
                         arrival time                           1.965    
  -------------------------------------------------------------------
                         slack                                  0.017    

Slack (MET) :             0.018ns  (arrival time - required time)
  Source:                 bse_i/axi_dma_0/U0/I_AXI_DMA_REG_MODULE/GEN_S2MM_REGISTERS.I_S2MM_DMA_REGISTER/GEN_REG_FOR_SMPL.buffer_address_i_reg[12]/C
                            (rising edge-triggered cell FDRE clocked by clk_pl_0  {rise@0.000ns fall@5.000ns period=10.000ns})
  Destination:            bse_i/axi_dma_0/U0/INCLUDE_S2MM_SOF_EOF_GENERATOR.I_S2MM_DMA_MNGR/GEN_S2MM_DMA_CONTROL.GEN_SIMPLE_DMA_MODE.I_S2MM_SMPL_SM/GEN_CMD_BTT_LESS_23.cmnd_data_reg[47]/D
                            (rising edge-triggered cell FDRE clocked by clk_pl_0  {rise@0.000ns fall@5.000ns period=10.000ns})
  Path Group:             clk_pl_0
  Path Type:              Hold (Min at Slow Process Corner)
  Requirement:            0.000ns  (clk_pl_0 rise@0.000ns - clk_pl_0 rise@0.000ns)
  Data Path Delay:        0.141ns  (logic 0.060ns (42.553%)  route 0.081ns (57.447%))
  Logic Levels:           0  
  Clock Path Skew:        0.061ns (DCD - SCD - CPR)
    Destination Clock Delay (DCD):    2.141ns
    Source Clock Delay      (SCD):    1.858ns
    Clock Pessimism Removal (CPR):    0.222ns
  Clock Net Delay (Source):      1.690ns (routing 0.600ns, distribution 1.090ns)
  Clock Net Delay (Destination): 1.933ns (routing 0.666ns, distribution 1.267ns)

    Location             Delay type                Incr(ns)  Path(ns)    Netlist Resource(s)
  -------------------------------------------------------------------    -------------------
                         (clock clk_pl_0 rise edge)
                                                      0.000     0.000 r  
    PS8_X0Y0             PS8                          0.000     0.000 r  bse_i/zynq_ultra_ps_e_0/inst/PS8_i/PLCLK[0]
                         net (fo=1, routed)           0.143     0.143    bse_i/zynq_ultra_ps_e_0/inst/pl_clk_unbuffered[0]
    BUFG_PS_X0Y95        BUFG_PS (Prop_BUFG_PS_I_O)
                                                      0.025     0.168 r  bse_i/zynq_ultra_ps_e_0/inst/buffer_pl_clk_0.PL_CLK_0_BUFG/O
    X1Y2 (CLOCK_ROOT)    net (fo=24139, routed)       1.690     1.858    bse_i/axi_dma_0/U0/I_AXI_DMA_REG_MODULE/GEN_S2MM_REGISTERS.I_S2MM_DMA_REGISTER/s_axi_lite_aclk
    SLICE_X50Y213        FDRE                                         r  bse_i/axi_dma_0/U0/I_AXI_DMA_REG_MODULE/GEN_S2MM_REGISTERS.I_S2MM_DMA_REGISTER/GEN_REG_FOR_SMPL.buffer_address_i_reg[12]/C
  -------------------------------------------------------------------    -------------------
    SLICE_X50Y213        FDRE (Prop_GFF2_SLICEM_C_Q)
                                                      0.060     1.918 r  bse_i/axi_dma_0/U0/I_AXI_DMA_REG_MODULE/GEN_S2MM_REGISTERS.I_S2MM_DMA_REGISTER/GEN_REG_FOR_SMPL.buffer_address_i_reg[12]/Q
                         net (fo=2, routed)           0.081     1.999    bse_i/axi_dma_0/U0/INCLUDE_S2MM_SOF_EOF_GENERATOR.I_S2MM_DMA_MNGR/GEN_S2MM_DMA_CONTROL.GEN_SIMPLE_DMA_MODE.I_S2MM_SMPL_SM/GEN_CMD_BTT_LESS_23.cmnd_data_reg[66]_1[12]
    SLICE_X50Y214        FDRE                                         r  bse_i/axi_dma_0/U0/INCLUDE_S2MM_SOF_EOF_GENERATOR.I_S2MM_DMA_MNGR/GEN_S2MM_DMA_CONTROL.GEN_SIMPLE_DMA_MODE.I_S2MM_SMPL_SM/GEN_CMD_BTT_LESS_23.cmnd_data_reg[47]/D
  -------------------------------------------------------------------    -------------------

                         (clock clk_pl_0 rise edge)
                                                      0.000     0.000 r  
    PS8_X0Y0             PS8                          0.000     0.000 r  bse_i/zynq_ultra_ps_e_0/inst/PS8_i/PLCLK[0]
                         net (fo=1, routed)           0.180     0.180    bse_i/zynq_ultra_ps_e_0/inst/pl_clk_unbuffered[0]
    BUFG_PS_X0Y95        BUFG_PS (Prop_BUFG_PS_I_O)
                                                      0.028     0.208 r  bse_i/zynq_ultra_ps_e_0/inst/buffer_pl_clk_0.PL_CLK_0_BUFG/O
    X1Y2 (CLOCK_ROOT)    net (fo=24139, routed)       1.933     2.141    bse_i/axi_dma_0/U0/INCLUDE_S2MM_SOF_EOF_GENERATOR.I_S2MM_DMA_MNGR/GEN_S2MM_DMA_CONTROL.GEN_SIMPLE_DMA_MODE.I_S2MM_SMPL_SM/s_axi_lite_aclk
    SLICE_X50Y214        FDRE                                         r  bse_i/axi_dma_0/U0/INCLUDE_S2MM_SOF_EOF_GENERATOR.I_S2MM_DMA_MNGR/GEN_S2MM_DMA_CONTROL.GEN_SIMPLE_DMA_MODE.I_S2MM_SMPL_SM/GEN_CMD_BTT_LESS_23.cmnd_data_reg[47]/C
                         clock pessimism             -0.222     1.919    
    SLICE_X50Y214        FDRE (Hold_CFF2_SLICEM_C_D)
                                                      0.062     1.981    bse_i/axi_dma_0/U0/INCLUDE_S2MM_SOF_EOF_GENERATOR.I_S2MM_DMA_MNGR/GEN_S2MM_DMA_CONTROL.GEN_SIMPLE_DMA_MODE.I_S2MM_SMPL_SM/GEN_CMD_BTT_LESS_23.cmnd_data_reg[47]
  -------------------------------------------------------------------
                         required time                         -1.981    
                         arrival time                           1.999    
  -------------------------------------------------------------------
                         slack                                  0.018    

Slack (MET) :             0.018ns  (arrival time - required time)
  Source:                 bse_i/smartconnect_0/inst/switchboards/ar_switchboard/inst/gen_mi[0].inst_opipe_payld/gen_pipe[1].pipe_reg[1][115]/C
                            (rising edge-triggered cell FDRE clocked by clk_pl_0  {rise@0.000ns fall@5.000ns period=10.000ns})
  Destination:            bse_i/smartconnect_0/inst/m00_nodes/m00_ar_node/inst/inst_mi_handler/gen_normal_area.inst_fifo_node_payld/gen_xpm_memory_fifo.inst_fifo/gen_mem_rep[0].inst_xpm_memory/xpm_memory_base_inst/gen_wr_a.gen_word_narrow.mem_reg_0_31_112_125/RAMB_D1/I
                            (rising edge-triggered cell RAMD32 clocked by clk_pl_0  {rise@0.000ns fall@5.000ns period=10.000ns})
  Path Group:             clk_pl_0
  Path Type:              Hold (Min at Slow Process Corner)
  Requirement:            0.000ns  (clk_pl_0 rise@0.000ns - clk_pl_0 rise@0.000ns)
  Data Path Delay:        0.171ns  (logic 0.060ns (35.088%)  route 0.111ns (64.912%))
  Logic Levels:           0  
  Clock Path Skew:        0.093ns (DCD - SCD - CPR)
    Destination Clock Delay (DCD):    2.169ns
    Source Clock Delay      (SCD):    1.850ns
    Clock Pessimism Removal (CPR):    0.226ns
  Clock Net Delay (Source):      1.682ns (routing 0.600ns, distribution 1.082ns)
  Clock Net Delay (Destination): 1.961ns (routing 0.666ns, distribution 1.295ns)

    Location             Delay type                Incr(ns)  Path(ns)    Netlist Resource(s)
  -------------------------------------------------------------------    -------------------
                         (clock clk_pl_0 rise edge)
                                                      0.000     0.000 r  
    PS8_X0Y0             PS8                          0.000     0.000 r  bse_i/zynq_ultra_ps_e_0/inst/PS8_i/PLCLK[0]
                         net (fo=1, routed)           0.143     0.143    bse_i/zynq_ultra_ps_e_0/inst/pl_clk_unbuffered[0]
    BUFG_PS_X0Y95        BUFG_PS (Prop_BUFG_PS_I_O)
                                                      0.025     0.168 r  bse_i/zynq_ultra_ps_e_0/inst/buffer_pl_clk_0.PL_CLK_0_BUFG/O
    X1Y2 (CLOCK_ROOT)    net (fo=24139, routed)       1.682     1.850    bse_i/smartconnect_0/inst/switchboards/ar_switchboard/inst/gen_mi[0].inst_opipe_payld/aclk
    SLICE_X50Y81         FDRE                                         r  bse_i/smartconnect_0/inst/switchboards/ar_switchboard/inst/gen_mi[0].inst_opipe_payld/gen_pipe[1].pipe_reg[1][115]/C
  -------------------------------------------------------------------    -------------------
    SLICE_X50Y81         FDRE (Prop_GFF2_SLICEM_C_Q)
                                                      0.060     1.910 r  bse_i/smartconnect_0/inst/switchboards/ar_switchboard/inst/gen_mi[0].inst_opipe_payld/gen_pipe[1].pipe_reg[1][115]/Q
                         net (fo=1, routed)           0.111     2.021    bse_i/smartconnect_0/inst/m00_nodes/m00_ar_node/inst/inst_mi_handler/gen_normal_area.inst_fifo_node_payld/gen_xpm_memory_fifo.inst_fifo/gen_mem_rep[0].inst_xpm_memory/xpm_memory_base_inst/gen_wr_a.gen_word_narrow.mem_reg_0_31_112_125/DIB1
    SLICE_X50Y80         RAMD32                                       r  bse_i/smartconnect_0/inst/m00_nodes/m00_ar_node/inst/inst_mi_handler/gen_normal_area.inst_fifo_node_payld/gen_xpm_memory_fifo.inst_fifo/gen_mem_rep[0].inst_xpm_memory/xpm_memory_base_inst/gen_wr_a.gen_word_narrow.mem_reg_0_31_112_125/RAMB_D1/I
  -------------------------------------------------------------------    -------------------

                         (clock clk_pl_0 rise edge)
                                                      0.000     0.000 r  
    PS8_X0Y0             PS8                          0.000     0.000 r  bse_i/zynq_ultra_ps_e_0/inst/PS8_i/PLCLK[0]
                         net (fo=1, routed)           0.180     0.180    bse_i/zynq_ultra_ps_e_0/inst/pl_clk_unbuffered[0]
    BUFG_PS_X0Y95        BUFG_PS (Prop_BUFG_PS_I_O)
                                                      0.028     0.208 r  bse_i/zynq_ultra_ps_e_0/inst/buffer_pl_clk_0.PL_CLK_0_BUFG/O
    X1Y2 (CLOCK_ROOT)    net (fo=24139, routed)       1.961     2.169    bse_i/smartconnect_0/inst/m00_nodes/m00_ar_node/inst/inst_mi_handler/gen_normal_area.inst_fifo_node_payld/gen_xpm_memory_fifo.inst_fifo/gen_mem_rep[0].inst_xpm_memory/xpm_memory_base_inst/gen_wr_a.gen_word_narrow.mem_reg_0_31_112_125/WCLK
    SLICE_X50Y80         RAMD32                                       r  bse_i/smartconnect_0/inst/m00_nodes/m00_ar_node/inst/inst_mi_handler/gen_normal_area.inst_fifo_node_payld/gen_xpm_memory_fifo.inst_fifo/gen_mem_rep[0].inst_xpm_memory/xpm_memory_base_inst/gen_wr_a.gen_word_narrow.mem_reg_0_31_112_125/RAMB_D1/CLK
                         clock pessimism             -0.226     1.943    
    SLICE_X50Y80         RAMD32 (Hold_B6LUT_SLICEM_CLK_I)
                                                      0.060     2.003    bse_i/smartconnect_0/inst/m00_nodes/m00_ar_node/inst/inst_mi_handler/gen_normal_area.inst_fifo_node_payld/gen_xpm_memory_fifo.inst_fifo/gen_mem_rep[0].inst_xpm_memory/xpm_memory_base_inst/gen_wr_a.gen_word_narrow.mem_reg_0_31_112_125/RAMB_D1
  -------------------------------------------------------------------
                         required time                         -2.003    
                         arrival time                           2.021    
  -------------------------------------------------------------------
                         slack                                  0.018    

Slack (MET) :             0.018ns  (arrival time - required time)
  Source:                 bse_i/byte_statistics_engi_0/inst/p_0429_1_3_reg_12096_reg[21]/C
                            (rising edge-triggered cell FDRE clocked by clk_pl_0  {rise@0.000ns fall@5.000ns period=10.000ns})
  Destination:            bse_i/byte_statistics_engi_0/inst/p_2_reg_4678_reg[21]/D
                            (rising edge-triggered cell FDRE clocked by clk_pl_0  {rise@0.000ns fall@5.000ns period=10.000ns})
  Path Group:             clk_pl_0
  Path Type:              Hold (Min at Slow Process Corner)
  Requirement:            0.000ns  (clk_pl_0 rise@0.000ns - clk_pl_0 rise@0.000ns)
  Data Path Delay:        0.131ns  (logic 0.058ns (44.275%)  route 0.073ns (55.725%))
  Logic Levels:           0  
  Clock Path Skew:        0.051ns (DCD - SCD - CPR)
    Destination Clock Delay (DCD):    2.103ns
    Source Clock Delay      (SCD):    1.835ns
    Clock Pessimism Removal (CPR):    0.217ns
  Clock Net Delay (Source):      1.667ns (routing 0.600ns, distribution 1.067ns)
  Clock Net Delay (Destination): 1.895ns (routing 0.666ns, distribution 1.229ns)

    Location             Delay type                Incr(ns)  Path(ns)    Netlist Resource(s)
  -------------------------------------------------------------------    -------------------
                         (clock clk_pl_0 rise edge)
                                                      0.000     0.000 r  
    PS8_X0Y0             PS8                          0.000     0.000 r  bse_i/zynq_ultra_ps_e_0/inst/PS8_i/PLCLK[0]
                         net (fo=1, routed)           0.143     0.143    bse_i/zynq_ultra_ps_e_0/inst/pl_clk_unbuffered[0]
    BUFG_PS_X0Y95        BUFG_PS (Prop_BUFG_PS_I_O)
                                                      0.025     0.168 r  bse_i/zynq_ultra_ps_e_0/inst/buffer_pl_clk_0.PL_CLK_0_BUFG/O
    X1Y2 (CLOCK_ROOT)    net (fo=24139, routed)       1.667     1.835    bse_i/byte_statistics_engi_0/inst/ap_clk
    SLICE_X55Y176        FDRE                                         r  bse_i/byte_statistics_engi_0/inst/p_0429_1_3_reg_12096_reg[21]/C
  -------------------------------------------------------------------    -------------------
    SLICE_X55Y176        FDRE (Prop_FFF_SLICEL_C_Q)
                                                      0.058     1.893 r  bse_i/byte_statistics_engi_0/inst/p_0429_1_3_reg_12096_reg[21]/Q
                         net (fo=2, routed)           0.073     1.966    bse_i/byte_statistics_engi_0/inst/p_0429_1_3_reg_12096[21]
    SLICE_X55Y178        FDRE                                         r  bse_i/byte_statistics_engi_0/inst/p_2_reg_4678_reg[21]/D
  -------------------------------------------------------------------    -------------------

                         (clock clk_pl_0 rise edge)
                                                      0.000     0.000 r  
    PS8_X0Y0             PS8                          0.000     0.000 r  bse_i/zynq_ultra_ps_e_0/inst/PS8_i/PLCLK[0]
                         net (fo=1, routed)           0.180     0.180    bse_i/zynq_ultra_ps_e_0/inst/pl_clk_unbuffered[0]
    BUFG_PS_X0Y95        BUFG_PS (Prop_BUFG_PS_I_O)
                                                      0.028     0.208 r  bse_i/zynq_ultra_ps_e_0/inst/buffer_pl_clk_0.PL_CLK_0_BUFG/O
    X1Y2 (CLOCK_ROOT)    net (fo=24139, routed)       1.895     2.103    bse_i/byte_statistics_engi_0/inst/ap_clk
    SLICE_X55Y178        FDRE                                         r  bse_i/byte_statistics_engi_0/inst/p_2_reg_4678_reg[21]/C
                         clock pessimism             -0.217     1.886    
    SLICE_X55Y178        FDRE (Hold_GFF2_SLICEL_C_D)
                                                      0.062     1.948    bse_i/byte_statistics_engi_0/inst/p_2_reg_4678_reg[21]
  -------------------------------------------------------------------
                         required time                         -1.948    
                         arrival time                           1.966    
  -------------------------------------------------------------------
                         slack                                  0.018    





Pulse Width Checks
--------------------------------------------------------------------------------------
Clock Name:         clk_pl_0
Waveform(ns):       { 0.000 5.000 }
Period(ns):         10.000
Sources:            { bse_i/zynq_ultra_ps_e_0/inst/PS8_i/PLCLK[0] }

Check Type        Corner  Lib Pin             Reference Pin  Required(ns)  Actual(ns)  Slack(ns)  Location      Pin
Min Period        n/a     PS8/SAXIGP2RCLK     n/a            3.003         10.000      6.997      PS8_X0Y0      bse_i/zynq_ultra_ps_e_0/inst/PS8_i/SAXIGP2RCLK
Min Period        n/a     PS8/SAXIGP2WCLK     n/a            3.003         10.000      6.997      PS8_X0Y0      bse_i/zynq_ultra_ps_e_0/inst/PS8_i/SAXIGP2WCLK
Min Period        n/a     PS8/MAXIGP0ACLK     n/a            3.000         10.000      7.000      PS8_X0Y0      bse_i/zynq_ultra_ps_e_0/inst/PS8_i/MAXIGP0ACLK
Min Period        n/a     RAMB36E2/CLKARDCLK  n/a            1.569         10.000      8.431      RAMB36_X1Y33  bse_i/byte_statistics_engi_0/inst/hist_0_V_U/byte_statistics_ebkb_ram_U/ram_reg_bram_0/CLKARDCLK
Min Period        n/a     RAMB36E2/CLKBWRCLK  n/a            1.569         10.000      8.431      RAMB36_X1Y33  bse_i/byte_statistics_engi_0/inst/hist_0_V_U/byte_statistics_ebkb_ram_U/ram_reg_bram_0/CLKBWRCLK
Min Period        n/a     RAMB36E2/CLKARDCLK  n/a            1.569         10.000      8.431      RAMB36_X1Y34  bse_i/byte_statistics_engi_0/inst/hist_1_V_U/byte_statistics_ebkb_ram_U/ram_reg_bram_0/CLKARDCLK
Min Period        n/a     RAMB36E2/CLKBWRCLK  n/a            1.569         10.000      8.431      RAMB36_X1Y34  bse_i/byte_statistics_engi_0/inst/hist_1_V_U/byte_statistics_ebkb_ram_U/ram_reg_bram_0/CLKBWRCLK
Min Period        n/a     RAMB36E2/CLKARDCLK  n/a            1.569         10.000      8.431      RAMB36_X1Y36  bse_i/byte_statistics_engi_0/inst/hist_2_V_U/byte_statistics_ebkb_ram_U/ram_reg_bram_0/CLKARDCLK
Min Period        n/a     RAMB36E2/CLKBWRCLK  n/a            1.569         10.000      8.431      RAMB36_X1Y36  bse_i/byte_statistics_engi_0/inst/hist_2_V_U/byte_statistics_ebkb_ram_U/ram_reg_bram_0/CLKBWRCLK
Min Period        n/a     RAMB36E2/CLKARDCLK  n/a            1.569         10.000      8.431      RAMB36_X1Y35  bse_i/byte_statistics_engi_0/inst/hist_3_V_U/byte_statistics_ebkb_ram_U/ram_reg_bram_0/CLKARDCLK
Low Pulse Width   Fast    PS8/SAXIGP2RCLK     n/a            1.502         5.000       3.498      PS8_X0Y0      bse_i/zynq_ultra_ps_e_0/inst/PS8_i/SAXIGP2RCLK
Low Pulse Width   Fast    PS8/SAXIGP2WCLK     n/a            1.502         5.000       3.498      PS8_X0Y0      bse_i/zynq_ultra_ps_e_0/inst/PS8_i/SAXIGP2WCLK
Low Pulse Width   Slow    PS8/SAXIGP2RCLK     n/a            1.502         5.000       3.498      PS8_X0Y0      bse_i/zynq_ultra_ps_e_0/inst/PS8_i/SAXIGP2RCLK
Low Pulse Width   Slow    PS8/SAXIGP2WCLK     n/a            1.502         5.000       3.498      PS8_X0Y0      bse_i/zynq_ultra_ps_e_0/inst/PS8_i/SAXIGP2WCLK
Low Pulse Width   Fast    PS8/MAXIGP0ACLK     n/a            1.500         5.000       3.500      PS8_X0Y0      bse_i/zynq_ultra_ps_e_0/inst/PS8_i/MAXIGP0ACLK
Low Pulse Width   Slow    PS8/MAXIGP0ACLK     n/a            1.500         5.000       3.500      PS8_X0Y0      bse_i/zynq_ultra_ps_e_0/inst/PS8_i/MAXIGP0ACLK
Low Pulse Width   Fast    RAMB36E2/CLKARDCLK  n/a            0.542         5.000       4.458      RAMB36_X1Y28  bse_i/axi_dma_0/U0/I_PRMRY_DATAMOVER/GEN_MM2S_FULL.I_MM2S_FULL_WRAPPER/GEN_INCLUDE_MM2S_SF.I_RD_SF/I_DATA_FIFO/BLK_MEM.I_SYNC_FIFOGEN_FIFO/xpm_fifo_instance.xpm_fifo_sync_inst/xpm_fifo_base_inst/gen_sdpram.xpm_memory_base_inst/gen_wr_a.gen_word_narrow.mem_reg/CLKARDCLK
Low Pulse Width   Fast    RAMB36E2/CLKARDCLK  n/a            0.542         5.000       4.458      RAMB36_X1Y19  bse_i/axi_dma_0/U0/I_PRMRY_DATAMOVER/GEN_S2MM_FULL.I_S2MM_FULL_WRAPPER/GEN_ENABLE_INDET_BTT_SF.I_INDET_BTT/I_DATA_FIFO/BLK_MEM.I_SYNC_FIFOGEN_FIFO/xpm_fifo_instance.xpm_fifo_sync_inst/xpm_fifo_base_inst/gen_sdpram.xpm_memory_base_inst/gen_wr_a.gen_word_narrow.mem_reg/CLKARDCLK
Low Pulse Width   Slow    RAMB36E2/CLKBWRCLK  n/a            0.542         5.000       4.458      RAMB36_X1Y35  bse_i/byte_statistics_engi_0/inst/hist_3_V_U/byte_statistics_ebkb_ram_U/ram_reg_bram_0/CLKBWRCLK
Low Pulse Width   Fast    RAMB36E2/CLKARDCLK  n/a            0.542         5.000       4.458      RAMB36_X1Y31  bse_i/byte_statistics_engi_0/inst/hist_6_V_U/byte_statistics_ebkb_ram_U/ram_reg_bram_0/CLKARDCLK
High Pulse Width  Slow    PS8/SAXIGP2RCLK     n/a            1.502         5.000       3.498      PS8_X0Y0      bse_i/zynq_ultra_ps_e_0/inst/PS8_i/SAXIGP2RCLK
High Pulse Width  Fast    PS8/SAXIGP2RCLK     n/a            1.502         5.000       3.498      PS8_X0Y0      bse_i/zynq_ultra_ps_e_0/inst/PS8_i/SAXIGP2RCLK
High Pulse Width  Slow    PS8/SAXIGP2WCLK     n/a            1.502         5.000       3.498      PS8_X0Y0      bse_i/zynq_ultra_ps_e_0/inst/PS8_i/SAXIGP2WCLK
High Pulse Width  Fast    PS8/SAXIGP2WCLK     n/a            1.502         5.000       3.498      PS8_X0Y0      bse_i/zynq_ultra_ps_e_0/inst/PS8_i/SAXIGP2WCLK
High Pulse Width  Slow    PS8/MAXIGP0ACLK     n/a            1.500         5.000       3.500      PS8_X0Y0      bse_i/zynq_ultra_ps_e_0/inst/PS8_i/MAXIGP0ACLK
High Pulse Width  Fast    PS8/MAXIGP0ACLK     n/a            1.500         5.000       3.500      PS8_X0Y0      bse_i/zynq_ultra_ps_e_0/inst/PS8_i/MAXIGP0ACLK
High Pulse Width  Slow    RAMB36E2/CLKBWRCLK  n/a            0.542         5.000       4.458      RAMB36_X1Y28  bse_i/axi_dma_0/U0/I_PRMRY_DATAMOVER/GEN_MM2S_FULL.I_MM2S_FULL_WRAPPER/GEN_INCLUDE_MM2S_SF.I_RD_SF/I_DATA_FIFO/BLK_MEM.I_SYNC_FIFOGEN_FIFO/xpm_fifo_instance.xpm_fifo_sync_inst/xpm_fifo_base_inst/gen_sdpram.xpm_memory_base_inst/gen_wr_a.gen_word_narrow.mem_reg/CLKBWRCLK
High Pulse Width  Fast    RAMB36E2/CLKARDCLK  n/a            0.542         5.000       4.458      RAMB36_X1Y19  bse_i/axi_dma_0/U0/I_PRMRY_DATAMOVER/GEN_S2MM_FULL.I_S2MM_FULL_WRAPPER/GEN_ENABLE_INDET_BTT_SF.I_INDET_BTT/I_DATA_FIFO/BLK_MEM.I_SYNC_FIFOGEN_FIFO/xpm_fifo_instance.xpm_fifo_sync_inst/xpm_fifo_base_inst/gen_sdpram.xpm_memory_base_inst/gen_wr_a.gen_word_narrow.mem_reg/CLKARDCLK
High Pulse Width  Slow    RAMB36E2/CLKARDCLK  n/a            0.542         5.000       4.458      RAMB36_X1Y33  bse_i/byte_statistics_engi_0/inst/hist_0_V_U/byte_statistics_ebkb_ram_U/ram_reg_bram_0/CLKARDCLK
High Pulse Width  Fast    RAMB36E2/CLKARDCLK  n/a            0.542         5.000       4.458      RAMB36_X1Y33  bse_i/byte_statistics_engi_0/inst/hist_0_V_U/byte_statistics_ebkb_ram_U/ram_reg_bram_0/CLKARDCLK



---------------------------------------------------------------------------------------------------
Path Group:  **async_default**
From Clock:  clk_pl_0
  To Clock:  clk_pl_0

Setup :            0  Failing Endpoints,  Worst Slack        8.900ns,  Total Violation        0.000ns
Hold  :            0  Failing Endpoints,  Worst Slack        0.144ns,  Total Violation        0.000ns
---------------------------------------------------------------------------------------------------


Max Delay Paths
--------------------------------------------------------------------------------------
Slack (MET) :             8.900ns  (required time - arrival time)
  Source:                 bse_i/ps8_0_axi_periph/s00_couplers/auto_ds/inst/gen_downsizer.gen_simple_downsizer.axi_downsizer_inst/USE_WRITE.write_addr_inst/cmd_queue/inst/fifo_gen_inst/inst_fifo_gen/gconvfifo.rf/grf.rf/rstblk/ngwrdrst.grst.g7serrst.gnsckt_wrst.gcc_rst.sckt_wr_rst_cc_reg[0]/C
                            (rising edge-triggered cell FDRE clocked by clk_pl_0  {rise@0.000ns fall@5.000ns period=10.000ns})
  Destination:            bse_i/ps8_0_axi_periph/s00_couplers/auto_ds/inst/gen_downsizer.gen_simple_downsizer.axi_downsizer_inst/USE_WRITE.write_addr_inst/cmd_queue/inst/fifo_gen_inst/inst_fifo_gen/gconvfifo.rf/grf.rf/gntv_or_sync_fifo.gl0.wr/wpntr/gcc0.gc0.count_reg[2]/CLR
                            (recovery check against rising-edge clock clk_pl_0  {rise@0.000ns fall@5.000ns period=10.000ns})
  Path Group:             **async_default**
  Path Type:              Recovery (Max at Slow Process Corner)
  Requirement:            10.000ns  (clk_pl_0 rise@10.000ns - clk_pl_0 rise@0.000ns)
  Data Path Delay:        0.816ns  (logic 0.228ns (27.941%)  route 0.588ns (72.059%))
  Logic Levels:           1  (LUT3=1)
  Clock Path Skew:        -0.088ns (DCD - SCD + CPR)
    Destination Clock Delay (DCD):    2.027ns = ( 12.027 - 10.000 ) 
    Source Clock Delay      (SCD):    2.305ns
    Clock Pessimism Removal (CPR):    0.190ns
  Clock Uncertainty:      0.130ns  ((TSJ^2 + DJ^2)^1/2) / 2 + PE
    Total System Jitter     (TSJ):    0.071ns
    Discrete Jitter          (DJ):    0.250ns
    Phase Error              (PE):    0.000ns
  Clock Net Delay (Source):      2.097ns (routing 0.666ns, distribution 1.431ns)
  Clock Net Delay (Destination): 1.859ns (routing 0.600ns, distribution 1.259ns)

    Location             Delay type                Incr(ns)  Path(ns)    Netlist Resource(s)
  -------------------------------------------------------------------    -------------------
                         (clock clk_pl_0 rise edge)
                                                      0.000     0.000 r  
    PS8_X0Y0             PS8                          0.000     0.000 r  bse_i/zynq_ultra_ps_e_0/inst/PS8_i/PLCLK[0]
                         net (fo=1, routed)           0.180     0.180    bse_i/zynq_ultra_ps_e_0/inst/pl_clk_unbuffered[0]
    BUFG_PS_X0Y95        BUFG_PS (Prop_BUFG_PS_I_O)
                                                      0.028     0.208 r  bse_i/zynq_ultra_ps_e_0/inst/buffer_pl_clk_0.PL_CLK_0_BUFG/O
    X1Y2 (CLOCK_ROOT)    net (fo=24139, routed)       2.097     2.305    bse_i/ps8_0_axi_periph/s00_couplers/auto_ds/inst/gen_downsizer.gen_simple_downsizer.axi_downsizer_inst/USE_WRITE.write_addr_inst/cmd_queue/inst/fifo_gen_inst/inst_fifo_gen/gconvfifo.rf/grf.rf/rstblk/clk
    SLICE_X24Y253        FDRE                                         r  bse_i/ps8_0_axi_periph/s00_couplers/auto_ds/inst/gen_downsizer.gen_simple_downsizer.axi_downsizer_inst/USE_WRITE.write_addr_inst/cmd_queue/inst/fifo_gen_inst/inst_fifo_gen/gconvfifo.rf/grf.rf/rstblk/ngwrdrst.grst.g7serrst.gnsckt_wrst.gcc_rst.sckt_wr_rst_cc_reg[0]/C
  -------------------------------------------------------------------    -------------------
    SLICE_X24Y253        FDRE (Prop_EFF_SLICEL_C_Q)
                                                      0.079     2.384 f  bse_i/ps8_0_axi_periph/s00_couplers/auto_ds/inst/gen_downsizer.gen_simple_downsizer.axi_downsizer_inst/USE_WRITE.write_addr_inst/cmd_queue/inst/fifo_gen_inst/inst_fifo_gen/gconvfifo.rf/grf.rf/rstblk/ngwrdrst.grst.g7serrst.gnsckt_wrst.gcc_rst.sckt_wr_rst_cc_reg[0]/Q
                         net (fo=3, routed)           0.131     2.515    bse_i/ps8_0_axi_periph/s00_couplers/auto_ds/inst/gen_downsizer.gen_simple_downsizer.axi_downsizer_inst/USE_WRITE.write_addr_inst/cmd_queue/inst/fifo_gen_inst/inst_fifo_gen/gconvfifo.rf/grf.rf/rstblk/sckt_wr_rst_cc[0]
    SLICE_X24Y253        LUT3 (Prop_G6LUT_SLICEL_I1_O)
                                                      0.149     2.664 f  bse_i/ps8_0_axi_periph/s00_couplers/auto_ds/inst/gen_downsizer.gen_simple_downsizer.axi_downsizer_inst/USE_WRITE.write_addr_inst/cmd_queue/inst/fifo_gen_inst/inst_fifo_gen/gconvfifo.rf/grf.rf/rstblk/gc0.count_d1[4]_i_2/O
                         net (fo=32, routed)          0.457     3.121    bse_i/ps8_0_axi_periph/s00_couplers/auto_ds/inst/gen_downsizer.gen_simple_downsizer.axi_downsizer_inst/USE_WRITE.write_addr_inst/cmd_queue/inst/fifo_gen_inst/inst_fifo_gen/gconvfifo.rf/grf.rf/gntv_or_sync_fifo.gl0.wr/wpntr/AR[0]
    SLICE_X22Y254        FDCE                                         f  bse_i/ps8_0_axi_periph/s00_couplers/auto_ds/inst/gen_downsizer.gen_simple_downsizer.axi_downsizer_inst/USE_WRITE.write_addr_inst/cmd_queue/inst/fifo_gen_inst/inst_fifo_gen/gconvfifo.rf/grf.rf/gntv_or_sync_fifo.gl0.wr/wpntr/gcc0.gc0.count_reg[2]/CLR
  -------------------------------------------------------------------    -------------------

                         (clock clk_pl_0 rise edge)
                                                     10.000    10.000 r  
    PS8_X0Y0             PS8                          0.000    10.000 r  bse_i/zynq_ultra_ps_e_0/inst/PS8_i/PLCLK[0]
                         net (fo=1, routed)           0.143    10.143    bse_i/zynq_ultra_ps_e_0/inst/pl_clk_unbuffered[0]
    BUFG_PS_X0Y95        BUFG_PS (Prop_BUFG_PS_I_O)
                                                      0.025    10.168 r  bse_i/zynq_ultra_ps_e_0/inst/buffer_pl_clk_0.PL_CLK_0_BUFG/O
    X1Y2 (CLOCK_ROOT)    net (fo=24139, routed)       1.859    12.027    bse_i/ps8_0_axi_periph/s00_couplers/auto_ds/inst/gen_downsizer.gen_simple_downsizer.axi_downsizer_inst/USE_WRITE.write_addr_inst/cmd_queue/inst/fifo_gen_inst/inst_fifo_gen/gconvfifo.rf/grf.rf/gntv_or_sync_fifo.gl0.wr/wpntr/clk
    SLICE_X22Y254        FDCE                                         r  bse_i/ps8_0_axi_periph/s00_couplers/auto_ds/inst/gen_downsizer.gen_simple_downsizer.axi_downsizer_inst/USE_WRITE.write_addr_inst/cmd_queue/inst/fifo_gen_inst/inst_fifo_gen/gconvfifo.rf/grf.rf/gntv_or_sync_fifo.gl0.wr/wpntr/gcc0.gc0.count_reg[2]/C
                         clock pessimism              0.190    12.217    
                         clock uncertainty           -0.130    12.087    
    SLICE_X22Y254        FDCE (Recov_DFF2_SLICEL_C_CLR)
                                                     -0.066    12.021    bse_i/ps8_0_axi_periph/s00_couplers/auto_ds/inst/gen_downsizer.gen_simple_downsizer.axi_downsizer_inst/USE_WRITE.write_addr_inst/cmd_queue/inst/fifo_gen_inst/inst_fifo_gen/gconvfifo.rf/grf.rf/gntv_or_sync_fifo.gl0.wr/wpntr/gcc0.gc0.count_reg[2]
  -------------------------------------------------------------------
                         required time                         12.021    
                         arrival time                          -3.121    
  -------------------------------------------------------------------
                         slack                                  8.900    

Slack (MET) :             8.903ns  (required time - arrival time)
  Source:                 bse_i/ps8_0_axi_periph/s00_couplers/auto_ds/inst/gen_downsizer.gen_simple_downsizer.axi_downsizer_inst/USE_WRITE.write_addr_inst/cmd_queue/inst/fifo_gen_inst/inst_fifo_gen/gconvfifo.rf/grf.rf/rstblk/ngwrdrst.grst.g7serrst.gnsckt_wrst.gcc_rst.sckt_wr_rst_cc_reg[0]/C
                            (rising edge-triggered cell FDRE clocked by clk_pl_0  {rise@0.000ns fall@5.000ns period=10.000ns})
  Destination:            bse_i/ps8_0_axi_periph/s00_couplers/auto_ds/inst/gen_downsizer.gen_simple_downsizer.axi_downsizer_inst/USE_WRITE.write_addr_inst/cmd_queue/inst/fifo_gen_inst/inst_fifo_gen/gconvfifo.rf/grf.rf/gntv_or_sync_fifo.gl0.rd/gr1.gr1_int.rfwft/aempty_fwft_fb_i_reg/PRE
                            (recovery check against rising-edge clock clk_pl_0  {rise@0.000ns fall@5.000ns period=10.000ns})
  Path Group:             **async_default**
  Path Type:              Recovery (Max at Slow Process Corner)
  Requirement:            10.000ns  (clk_pl_0 rise@10.000ns - clk_pl_0 rise@0.000ns)
  Data Path Delay:        0.815ns  (logic 0.228ns (27.975%)  route 0.587ns (72.025%))
  Logic Levels:           1  (LUT3=1)
  Clock Path Skew:        -0.086ns (DCD - SCD + CPR)
    Destination Clock Delay (DCD):    2.029ns = ( 12.029 - 10.000 ) 
    Source Clock Delay      (SCD):    2.305ns
    Clock Pessimism Removal (CPR):    0.190ns
  Clock Uncertainty:      0.130ns  ((TSJ^2 + DJ^2)^1/2) / 2 + PE
    Total System Jitter     (TSJ):    0.071ns
    Discrete Jitter          (DJ):    0.250ns
    Phase Error              (PE):    0.000ns
  Clock Net Delay (Source):      2.097ns (routing 0.666ns, distribution 1.431ns)
  Clock Net Delay (Destination): 1.861ns (routing 0.600ns, distribution 1.261ns)

    Location             Delay type                Incr(ns)  Path(ns)    Netlist Resource(s)
  -------------------------------------------------------------------    -------------------
                         (clock clk_pl_0 rise edge)
                                                      0.000     0.000 r  
    PS8_X0Y0             PS8                          0.000     0.000 r  bse_i/zynq_ultra_ps_e_0/inst/PS8_i/PLCLK[0]
                         net (fo=1, routed)           0.180     0.180    bse_i/zynq_ultra_ps_e_0/inst/pl_clk_unbuffered[0]
    BUFG_PS_X0Y95        BUFG_PS (Prop_BUFG_PS_I_O)
                                                      0.028     0.208 r  bse_i/zynq_ultra_ps_e_0/inst/buffer_pl_clk_0.PL_CLK_0_BUFG/O
    X1Y2 (CLOCK_ROOT)    net (fo=24139, routed)       2.097     2.305    bse_i/ps8_0_axi_periph/s00_couplers/auto_ds/inst/gen_downsizer.gen_simple_downsizer.axi_downsizer_inst/USE_WRITE.write_addr_inst/cmd_queue/inst/fifo_gen_inst/inst_fifo_gen/gconvfifo.rf/grf.rf/rstblk/clk
    SLICE_X24Y253        FDRE                                         r  bse_i/ps8_0_axi_periph/s00_couplers/auto_ds/inst/gen_downsizer.gen_simple_downsizer.axi_downsizer_inst/USE_WRITE.write_addr_inst/cmd_queue/inst/fifo_gen_inst/inst_fifo_gen/gconvfifo.rf/grf.rf/rstblk/ngwrdrst.grst.g7serrst.gnsckt_wrst.gcc_rst.sckt_wr_rst_cc_reg[0]/C
  -------------------------------------------------------------------    -------------------
    SLICE_X24Y253        FDRE (Prop_EFF_SLICEL_C_Q)
                                                      0.079     2.384 f  bse_i/ps8_0_axi_periph/s00_couplers/auto_ds/inst/gen_downsizer.gen_simple_downsizer.axi_downsizer_inst/USE_WRITE.write_addr_inst/cmd_queue/inst/fifo_gen_inst/inst_fifo_gen/gconvfifo.rf/grf.rf/rstblk/ngwrdrst.grst.g7serrst.gnsckt_wrst.gcc_rst.sckt_wr_rst_cc_reg[0]/Q
                         net (fo=3, routed)           0.131     2.515    bse_i/ps8_0_axi_periph/s00_couplers/auto_ds/inst/gen_downsizer.gen_simple_downsizer.axi_downsizer_inst/USE_WRITE.write_addr_inst/cmd_queue/inst/fifo_gen_inst/inst_fifo_gen/gconvfifo.rf/grf.rf/rstblk/sckt_wr_rst_cc[0]
    SLICE_X24Y253        LUT3 (Prop_G6LUT_SLICEL_I1_O)
                                                      0.149     2.664 f  bse_i/ps8_0_axi_periph/s00_couplers/auto_ds/inst/gen_downsizer.gen_simple_downsizer.axi_downsizer_inst/USE_WRITE.write_addr_inst/cmd_queue/inst/fifo_gen_inst/inst_fifo_gen/gconvfifo.rf/grf.rf/rstblk/gc0.count_d1[4]_i_2/O
                         net (fo=32, routed)          0.456     3.120    bse_i/ps8_0_axi_periph/s00_couplers/auto_ds/inst/gen_downsizer.gen_simple_downsizer.axi_downsizer_inst/USE_WRITE.write_addr_inst/cmd_queue/inst/fifo_gen_inst/inst_fifo_gen/gconvfifo.rf/grf.rf/gntv_or_sync_fifo.gl0.rd/gr1.gr1_int.rfwft/gpregsm1.user_valid_reg_0
    SLICE_X22Y254        FDPE                                         f  bse_i/ps8_0_axi_periph/s00_couplers/auto_ds/inst/gen_downsizer.gen_simple_downsizer.axi_downsizer_inst/USE_WRITE.write_addr_inst/cmd_queue/inst/fifo_gen_inst/inst_fifo_gen/gconvfifo.rf/grf.rf/gntv_or_sync_fifo.gl0.rd/gr1.gr1_int.rfwft/aempty_fwft_fb_i_reg/PRE
  -------------------------------------------------------------------    -------------------

                         (clock clk_pl_0 rise edge)
                                                     10.000    10.000 r  
    PS8_X0Y0             PS8                          0.000    10.000 r  bse_i/zynq_ultra_ps_e_0/inst/PS8_i/PLCLK[0]
                         net (fo=1, routed)           0.143    10.143    bse_i/zynq_ultra_ps_e_0/inst/pl_clk_unbuffered[0]
    BUFG_PS_X0Y95        BUFG_PS (Prop_BUFG_PS_I_O)
                                                      0.025    10.168 r  bse_i/zynq_ultra_ps_e_0/inst/buffer_pl_clk_0.PL_CLK_0_BUFG/O
    X1Y2 (CLOCK_ROOT)    net (fo=24139, routed)       1.861    12.029    bse_i/ps8_0_axi_periph/s00_couplers/auto_ds/inst/gen_downsizer.gen_simple_downsizer.axi_downsizer_inst/USE_WRITE.write_addr_inst/cmd_queue/inst/fifo_gen_inst/inst_fifo_gen/gconvfifo.rf/grf.rf/gntv_or_sync_fifo.gl0.rd/gr1.gr1_int.rfwft/clk
    SLICE_X22Y254        FDPE                                         r  bse_i/ps8_0_axi_periph/s00_couplers/auto_ds/inst/gen_downsizer.gen_simple_downsizer.axi_downsizer_inst/USE_WRITE.write_addr_inst/cmd_queue/inst/fifo_gen_inst/inst_fifo_gen/gconvfifo.rf/grf.rf/gntv_or_sync_fifo.gl0.rd/gr1.gr1_int.rfwft/aempty_fwft_fb_i_reg/C
                         clock pessimism              0.190    12.219    
                         clock uncertainty           -0.130    12.089    
    SLICE_X22Y254        FDPE (Recov_HFF_SLICEL_C_PRE)
                                                     -0.066    12.023    bse_i/ps8_0_axi_periph/s00_couplers/auto_ds/inst/gen_downsizer.gen_simple_downsizer.axi_downsizer_inst/USE_WRITE.write_addr_inst/cmd_queue/inst/fifo_gen_inst/inst_fifo_gen/gconvfifo.rf/grf.rf/gntv_or_sync_fifo.gl0.rd/gr1.gr1_int.rfwft/aempty_fwft_fb_i_reg
  -------------------------------------------------------------------
                         required time                         12.023    
                         arrival time                          -3.120    
  -------------------------------------------------------------------
                         slack                                  8.903    

Slack (MET) :             8.903ns  (required time - arrival time)
  Source:                 bse_i/ps8_0_axi_periph/s00_couplers/auto_ds/inst/gen_downsizer.gen_simple_downsizer.axi_downsizer_inst/USE_WRITE.write_addr_inst/cmd_queue/inst/fifo_gen_inst/inst_fifo_gen/gconvfifo.rf/grf.rf/rstblk/ngwrdrst.grst.g7serrst.gnsckt_wrst.gcc_rst.sckt_wr_rst_cc_reg[0]/C
                            (rising edge-triggered cell FDRE clocked by clk_pl_0  {rise@0.000ns fall@5.000ns period=10.000ns})
  Destination:            bse_i/ps8_0_axi_periph/s00_couplers/auto_ds/inst/gen_downsizer.gen_simple_downsizer.axi_downsizer_inst/USE_WRITE.write_addr_inst/cmd_queue/inst/fifo_gen_inst/inst_fifo_gen/gconvfifo.rf/grf.rf/gntv_or_sync_fifo.gl0.rd/gr1.gr1_int.rfwft/aempty_fwft_i_reg/PRE
                            (recovery check against rising-edge clock clk_pl_0  {rise@0.000ns fall@5.000ns period=10.000ns})
  Path Group:             **async_default**
  Path Type:              Recovery (Max at Slow Process Corner)
  Requirement:            10.000ns  (clk_pl_0 rise@10.000ns - clk_pl_0 rise@0.000ns)
  Data Path Delay:        0.815ns  (logic 0.228ns (27.975%)  route 0.587ns (72.025%))
  Logic Levels:           1  (LUT3=1)
  Clock Path Skew:        -0.086ns (DCD - SCD + CPR)
    Destination Clock Delay (DCD):    2.029ns = ( 12.029 - 10.000 ) 
    Source Clock Delay      (SCD):    2.305ns
    Clock Pessimism Removal (CPR):    0.190ns
  Clock Uncertainty:      0.130ns  ((TSJ^2 + DJ^2)^1/2) / 2 + PE
    Total System Jitter     (TSJ):    0.071ns
    Discrete Jitter          (DJ):    0.250ns
    Phase Error              (PE):    0.000ns
  Clock Net Delay (Source):      2.097ns (routing 0.666ns, distribution 1.431ns)
  Clock Net Delay (Destination): 1.861ns (routing 0.600ns, distribution 1.261ns)

    Location             Delay type                Incr(ns)  Path(ns)    Netlist Resource(s)
  -------------------------------------------------------------------    -------------------
                         (clock clk_pl_0 rise edge)
                                                      0.000     0.000 r  
    PS8_X0Y0             PS8                          0.000     0.000 r  bse_i/zynq_ultra_ps_e_0/inst/PS8_i/PLCLK[0]
                         net (fo=1, routed)           0.180     0.180    bse_i/zynq_ultra_ps_e_0/inst/pl_clk_unbuffered[0]
    BUFG_PS_X0Y95        BUFG_PS (Prop_BUFG_PS_I_O)
                                                      0.028     0.208 r  bse_i/zynq_ultra_ps_e_0/inst/buffer_pl_clk_0.PL_CLK_0_BUFG/O
    X1Y2 (CLOCK_ROOT)    net (fo=24139, routed)       2.097     2.305    bse_i/ps8_0_axi_periph/s00_couplers/auto_ds/inst/gen_downsizer.gen_simple_downsizer.axi_downsizer_inst/USE_WRITE.write_addr_inst/cmd_queue/inst/fifo_gen_inst/inst_fifo_gen/gconvfifo.rf/grf.rf/rstblk/clk
    SLICE_X24Y253        FDRE                                         r  bse_i/ps8_0_axi_periph/s00_couplers/auto_ds/inst/gen_downsizer.gen_simple_downsizer.axi_downsizer_inst/USE_WRITE.write_addr_inst/cmd_queue/inst/fifo_gen_inst/inst_fifo_gen/gconvfifo.rf/grf.rf/rstblk/ngwrdrst.grst.g7serrst.gnsckt_wrst.gcc_rst.sckt_wr_rst_cc_reg[0]/C
  -------------------------------------------------------------------    -------------------
    SLICE_X24Y253        FDRE (Prop_EFF_SLICEL_C_Q)
                                                      0.079     2.384 f  bse_i/ps8_0_axi_periph/s00_couplers/auto_ds/inst/gen_downsizer.gen_simple_downsizer.axi_downsizer_inst/USE_WRITE.write_addr_inst/cmd_queue/inst/fifo_gen_inst/inst_fifo_gen/gconvfifo.rf/grf.rf/rstblk/ngwrdrst.grst.g7serrst.gnsckt_wrst.gcc_rst.sckt_wr_rst_cc_reg[0]/Q
                         net (fo=3, routed)           0.131     2.515    bse_i/ps8_0_axi_periph/s00_couplers/auto_ds/inst/gen_downsizer.gen_simple_downsizer.axi_downsizer_inst/USE_WRITE.write_addr_inst/cmd_queue/inst/fifo_gen_inst/inst_fifo_gen/gconvfifo.rf/grf.rf/rstblk/sckt_wr_rst_cc[0]
    SLICE_X24Y253        LUT3 (Prop_G6LUT_SLICEL_I1_O)
                                                      0.149     2.664 f  bse_i/ps8_0_axi_periph/s00_couplers/auto_ds/inst/gen_downsizer.gen_simple_downsizer.axi_downsizer_inst/USE_WRITE.write_addr_inst/cmd_queue/inst/fifo_gen_inst/inst_fifo_gen/gconvfifo.rf/grf.rf/rstblk/gc0.count_d1[4]_i_2/O
                         net (fo=32, routed)          0.456     3.120    bse_i/ps8_0_axi_periph/s00_couplers/auto_ds/inst/gen_downsizer.gen_simple_downsizer.axi_downsizer_inst/USE_WRITE.write_addr_inst/cmd_queue/inst/fifo_gen_inst/inst_fifo_gen/gconvfifo.rf/grf.rf/gntv_or_sync_fifo.gl0.rd/gr1.gr1_int.rfwft/gpregsm1.user_valid_reg_0
    SLICE_X22Y254        FDPE                                         f  bse_i/ps8_0_axi_periph/s00_couplers/auto_ds/inst/gen_downsizer.gen_simple_downsizer.axi_downsizer_inst/USE_WRITE.write_addr_inst/cmd_queue/inst/fifo_gen_inst/inst_fifo_gen/gconvfifo.rf/grf.rf/gntv_or_sync_fifo.gl0.rd/gr1.gr1_int.rfwft/aempty_fwft_i_reg/PRE
  -------------------------------------------------------------------    -------------------

                         (clock clk_pl_0 rise edge)
                                                     10.000    10.000 r  
    PS8_X0Y0             PS8                          0.000    10.000 r  bse_i/zynq_ultra_ps_e_0/inst/PS8_i/PLCLK[0]
                         net (fo=1, routed)           0.143    10.143    bse_i/zynq_ultra_ps_e_0/inst/pl_clk_unbuffered[0]
    BUFG_PS_X0Y95        BUFG_PS (Prop_BUFG_PS_I_O)
                                                      0.025    10.168 r  bse_i/zynq_ultra_ps_e_0/inst/buffer_pl_clk_0.PL_CLK_0_BUFG/O
    X1Y2 (CLOCK_ROOT)    net (fo=24139, routed)       1.861    12.029    bse_i/ps8_0_axi_periph/s00_couplers/auto_ds/inst/gen_downsizer.gen_simple_downsizer.axi_downsizer_inst/USE_WRITE.write_addr_inst/cmd_queue/inst/fifo_gen_inst/inst_fifo_gen/gconvfifo.rf/grf.rf/gntv_or_sync_fifo.gl0.rd/gr1.gr1_int.rfwft/clk
    SLICE_X22Y254        FDPE                                         r  bse_i/ps8_0_axi_periph/s00_couplers/auto_ds/inst/gen_downsizer.gen_simple_downsizer.axi_downsizer_inst/USE_WRITE.write_addr_inst/cmd_queue/inst/fifo_gen_inst/inst_fifo_gen/gconvfifo.rf/grf.rf/gntv_or_sync_fifo.gl0.rd/gr1.gr1_int.rfwft/aempty_fwft_i_reg/C
                         clock pessimism              0.190    12.219    
                         clock uncertainty           -0.130    12.089    
    SLICE_X22Y254        FDPE (Recov_GFF_SLICEL_C_PRE)
                                                     -0.066    12.023    bse_i/ps8_0_axi_periph/s00_couplers/auto_ds/inst/gen_downsizer.gen_simple_downsizer.axi_downsizer_inst/USE_WRITE.write_addr_inst/cmd_queue/inst/fifo_gen_inst/inst_fifo_gen/gconvfifo.rf/grf.rf/gntv_or_sync_fifo.gl0.rd/gr1.gr1_int.rfwft/aempty_fwft_i_reg
  -------------------------------------------------------------------
                         required time                         12.023    
                         arrival time                          -3.120    
  -------------------------------------------------------------------
                         slack                                  8.903    

Slack (MET) :             8.903ns  (required time - arrival time)
  Source:                 bse_i/ps8_0_axi_periph/s00_couplers/auto_ds/inst/gen_downsizer.gen_simple_downsizer.axi_downsizer_inst/USE_WRITE.write_addr_inst/cmd_queue/inst/fifo_gen_inst/inst_fifo_gen/gconvfifo.rf/grf.rf/rstblk/ngwrdrst.grst.g7serrst.gnsckt_wrst.gcc_rst.sckt_wr_rst_cc_reg[0]/C
                            (rising edge-triggered cell FDRE clocked by clk_pl_0  {rise@0.000ns fall@5.000ns period=10.000ns})
  Destination:            bse_i/ps8_0_axi_periph/s00_couplers/auto_ds/inst/gen_downsizer.gen_simple_downsizer.axi_downsizer_inst/USE_WRITE.write_addr_inst/cmd_queue/inst/fifo_gen_inst/inst_fifo_gen/gconvfifo.rf/grf.rf/gntv_or_sync_fifo.gl0.rd/gr1.gr1_int.rfwft/empty_fwft_fb_i_reg/PRE
                            (recovery check against rising-edge clock clk_pl_0  {rise@0.000ns fall@5.000ns period=10.000ns})
  Path Group:             **async_default**
  Path Type:              Recovery (Max at Slow Process Corner)
  Requirement:            10.000ns  (clk_pl_0 rise@10.000ns - clk_pl_0 rise@0.000ns)
  Data Path Delay:        0.815ns  (logic 0.228ns (27.975%)  route 0.587ns (72.025%))
  Logic Levels:           1  (LUT3=1)
  Clock Path Skew:        -0.086ns (DCD - SCD + CPR)
    Destination Clock Delay (DCD):    2.029ns = ( 12.029 - 10.000 ) 
    Source Clock Delay      (SCD):    2.305ns
    Clock Pessimism Removal (CPR):    0.190ns
  Clock Uncertainty:      0.130ns  ((TSJ^2 + DJ^2)^1/2) / 2 + PE
    Total System Jitter     (TSJ):    0.071ns
    Discrete Jitter          (DJ):    0.250ns
    Phase Error              (PE):    0.000ns
  Clock Net Delay (Source):      2.097ns (routing 0.666ns, distribution 1.431ns)
  Clock Net Delay (Destination): 1.861ns (routing 0.600ns, distribution 1.261ns)

    Location             Delay type                Incr(ns)  Path(ns)    Netlist Resource(s)
  -------------------------------------------------------------------    -------------------
                         (clock clk_pl_0 rise edge)
                                                      0.000     0.000 r  
    PS8_X0Y0             PS8                          0.000     0.000 r  bse_i/zynq_ultra_ps_e_0/inst/PS8_i/PLCLK[0]
                         net (fo=1, routed)           0.180     0.180    bse_i/zynq_ultra_ps_e_0/inst/pl_clk_unbuffered[0]
    BUFG_PS_X0Y95        BUFG_PS (Prop_BUFG_PS_I_O)
                                                      0.028     0.208 r  bse_i/zynq_ultra_ps_e_0/inst/buffer_pl_clk_0.PL_CLK_0_BUFG/O
    X1Y2 (CLOCK_ROOT)    net (fo=24139, routed)       2.097     2.305    bse_i/ps8_0_axi_periph/s00_couplers/auto_ds/inst/gen_downsizer.gen_simple_downsizer.axi_downsizer_inst/USE_WRITE.write_addr_inst/cmd_queue/inst/fifo_gen_inst/inst_fifo_gen/gconvfifo.rf/grf.rf/rstblk/clk
    SLICE_X24Y253        FDRE                                         r  bse_i/ps8_0_axi_periph/s00_couplers/auto_ds/inst/gen_downsizer.gen_simple_downsizer.axi_downsizer_inst/USE_WRITE.write_addr_inst/cmd_queue/inst/fifo_gen_inst/inst_fifo_gen/gconvfifo.rf/grf.rf/rstblk/ngwrdrst.grst.g7serrst.gnsckt_wrst.gcc_rst.sckt_wr_rst_cc_reg[0]/C
  -------------------------------------------------------------------    -------------------
    SLICE_X24Y253        FDRE (Prop_EFF_SLICEL_C_Q)
                                                      0.079     2.384 f  bse_i/ps8_0_axi_periph/s00_couplers/auto_ds/inst/gen_downsizer.gen_simple_downsizer.axi_downsizer_inst/USE_WRITE.write_addr_inst/cmd_queue/inst/fifo_gen_inst/inst_fifo_gen/gconvfifo.rf/grf.rf/rstblk/ngwrdrst.grst.g7serrst.gnsckt_wrst.gcc_rst.sckt_wr_rst_cc_reg[0]/Q
                         net (fo=3, routed)           0.131     2.515    bse_i/ps8_0_axi_periph/s00_couplers/auto_ds/inst/gen_downsizer.gen_simple_downsizer.axi_downsizer_inst/USE_WRITE.write_addr_inst/cmd_queue/inst/fifo_gen_inst/inst_fifo_gen/gconvfifo.rf/grf.rf/rstblk/sckt_wr_rst_cc[0]
    SLICE_X24Y253        LUT3 (Prop_G6LUT_SLICEL_I1_O)
                                                      0.149     2.664 f  bse_i/ps8_0_axi_periph/s00_couplers/auto_ds/inst/gen_downsizer.gen_simple_downsizer.axi_downsizer_inst/USE_WRITE.write_addr_inst/cmd_queue/inst/fifo_gen_inst/inst_fifo_gen/gconvfifo.rf/grf.rf/rstblk/gc0.count_d1[4]_i_2/O
                         net (fo=32, routed)          0.456     3.120    bse_i/ps8_0_axi_periph/s00_couplers/auto_ds/inst/gen_downsizer.gen_simple_downsizer.axi_downsizer_inst/USE_WRITE.write_addr_inst/cmd_queue/inst/fifo_gen_inst/inst_fifo_gen/gconvfifo.rf/grf.rf/gntv_or_sync_fifo.gl0.rd/gr1.gr1_int.rfwft/gpregsm1.user_valid_reg_0
    SLICE_X22Y254        FDPE                                         f  bse_i/ps8_0_axi_periph/s00_couplers/auto_ds/inst/gen_downsizer.gen_simple_downsizer.axi_downsizer_inst/USE_WRITE.write_addr_inst/cmd_queue/inst/fifo_gen_inst/inst_fifo_gen/gconvfifo.rf/grf.rf/gntv_or_sync_fifo.gl0.rd/gr1.gr1_int.rfwft/empty_fwft_fb_i_reg/PRE
  -------------------------------------------------------------------    -------------------

                         (clock clk_pl_0 rise edge)
                                                     10.000    10.000 r  
    PS8_X0Y0             PS8                          0.000    10.000 r  bse_i/zynq_ultra_ps_e_0/inst/PS8_i/PLCLK[0]
                         net (fo=1, routed)           0.143    10.143    bse_i/zynq_ultra_ps_e_0/inst/pl_clk_unbuffered[0]
    BUFG_PS_X0Y95        BUFG_PS (Prop_BUFG_PS_I_O)
                                                      0.025    10.168 r  bse_i/zynq_ultra_ps_e_0/inst/buffer_pl_clk_0.PL_CLK_0_BUFG/O
    X1Y2 (CLOCK_ROOT)    net (fo=24139, routed)       1.861    12.029    bse_i/ps8_0_axi_periph/s00_couplers/auto_ds/inst/gen_downsizer.gen_simple_downsizer.axi_downsizer_inst/USE_WRITE.write_addr_inst/cmd_queue/inst/fifo_gen_inst/inst_fifo_gen/gconvfifo.rf/grf.rf/gntv_or_sync_fifo.gl0.rd/gr1.gr1_int.rfwft/clk
    SLICE_X22Y254        FDPE                                         r  bse_i/ps8_0_axi_periph/s00_couplers/auto_ds/inst/gen_downsizer.gen_simple_downsizer.axi_downsizer_inst/USE_WRITE.write_addr_inst/cmd_queue/inst/fifo_gen_inst/inst_fifo_gen/gconvfifo.rf/grf.rf/gntv_or_sync_fifo.gl0.rd/gr1.gr1_int.rfwft/empty_fwft_fb_i_reg/C
                         clock pessimism              0.190    12.219    
                         clock uncertainty           -0.130    12.089    
    SLICE_X22Y254        FDPE (Recov_FFF_SLICEL_C_PRE)
                                                     -0.066    12.023    bse_i/ps8_0_axi_periph/s00_couplers/auto_ds/inst/gen_downsizer.gen_simple_downsizer.axi_downsizer_inst/USE_WRITE.write_addr_inst/cmd_queue/inst/fifo_gen_inst/inst_fifo_gen/gconvfifo.rf/grf.rf/gntv_or_sync_fifo.gl0.rd/gr1.gr1_int.rfwft/empty_fwft_fb_i_reg
  -------------------------------------------------------------------
                         required time                         12.023    
                         arrival time                          -3.120    
  -------------------------------------------------------------------
                         slack                                  8.903    

Slack (MET) :             8.903ns  (required time - arrival time)
  Source:                 bse_i/ps8_0_axi_periph/s00_couplers/auto_ds/inst/gen_downsizer.gen_simple_downsizer.axi_downsizer_inst/USE_WRITE.write_addr_inst/cmd_queue/inst/fifo_gen_inst/inst_fifo_gen/gconvfifo.rf/grf.rf/rstblk/ngwrdrst.grst.g7serrst.gnsckt_wrst.gcc_rst.sckt_wr_rst_cc_reg[0]/C
                            (rising edge-triggered cell FDRE clocked by clk_pl_0  {rise@0.000ns fall@5.000ns period=10.000ns})
  Destination:            bse_i/ps8_0_axi_periph/s00_couplers/auto_ds/inst/gen_downsizer.gen_simple_downsizer.axi_downsizer_inst/USE_WRITE.write_addr_inst/cmd_queue/inst/fifo_gen_inst/inst_fifo_gen/gconvfifo.rf/grf.rf/gntv_or_sync_fifo.gl0.rd/gr1.gr1_int.rfwft/empty_fwft_i_reg/PRE
                            (recovery check against rising-edge clock clk_pl_0  {rise@0.000ns fall@5.000ns period=10.000ns})
  Path Group:             **async_default**
  Path Type:              Recovery (Max at Slow Process Corner)
  Requirement:            10.000ns  (clk_pl_0 rise@10.000ns - clk_pl_0 rise@0.000ns)
  Data Path Delay:        0.815ns  (logic 0.228ns (27.975%)  route 0.587ns (72.025%))
  Logic Levels:           1  (LUT3=1)
  Clock Path Skew:        -0.086ns (DCD - SCD + CPR)
    Destination Clock Delay (DCD):    2.029ns = ( 12.029 - 10.000 ) 
    Source Clock Delay      (SCD):    2.305ns
    Clock Pessimism Removal (CPR):    0.190ns
  Clock Uncertainty:      0.130ns  ((TSJ^2 + DJ^2)^1/2) / 2 + PE
    Total System Jitter     (TSJ):    0.071ns
    Discrete Jitter          (DJ):    0.250ns
    Phase Error              (PE):    0.000ns
  Clock Net Delay (Source):      2.097ns (routing 0.666ns, distribution 1.431ns)
  Clock Net Delay (Destination): 1.861ns (routing 0.600ns, distribution 1.261ns)

    Location             Delay type                Incr(ns)  Path(ns)    Netlist Resource(s)
  -------------------------------------------------------------------    -------------------
                         (clock clk_pl_0 rise edge)
                                                      0.000     0.000 r  
    PS8_X0Y0             PS8                          0.000     0.000 r  bse_i/zynq_ultra_ps_e_0/inst/PS8_i/PLCLK[0]
                         net (fo=1, routed)           0.180     0.180    bse_i/zynq_ultra_ps_e_0/inst/pl_clk_unbuffered[0]
    BUFG_PS_X0Y95        BUFG_PS (Prop_BUFG_PS_I_O)
                                                      0.028     0.208 r  bse_i/zynq_ultra_ps_e_0/inst/buffer_pl_clk_0.PL_CLK_0_BUFG/O
    X1Y2 (CLOCK_ROOT)    net (fo=24139, routed)       2.097     2.305    bse_i/ps8_0_axi_periph/s00_couplers/auto_ds/inst/gen_downsizer.gen_simple_downsizer.axi_downsizer_inst/USE_WRITE.write_addr_inst/cmd_queue/inst/fifo_gen_inst/inst_fifo_gen/gconvfifo.rf/grf.rf/rstblk/clk
    SLICE_X24Y253        FDRE                                         r  bse_i/ps8_0_axi_periph/s00_couplers/auto_ds/inst/gen_downsizer.gen_simple_downsizer.axi_downsizer_inst/USE_WRITE.write_addr_inst/cmd_queue/inst/fifo_gen_inst/inst_fifo_gen/gconvfifo.rf/grf.rf/rstblk/ngwrdrst.grst.g7serrst.gnsckt_wrst.gcc_rst.sckt_wr_rst_cc_reg[0]/C
  -------------------------------------------------------------------    -------------------
    SLICE_X24Y253        FDRE (Prop_EFF_SLICEL_C_Q)
                                                      0.079     2.384 f  bse_i/ps8_0_axi_periph/s00_couplers/auto_ds/inst/gen_downsizer.gen_simple_downsizer.axi_downsizer_inst/USE_WRITE.write_addr_inst/cmd_queue/inst/fifo_gen_inst/inst_fifo_gen/gconvfifo.rf/grf.rf/rstblk/ngwrdrst.grst.g7serrst.gnsckt_wrst.gcc_rst.sckt_wr_rst_cc_reg[0]/Q
                         net (fo=3, routed)           0.131     2.515    bse_i/ps8_0_axi_periph/s00_couplers/auto_ds/inst/gen_downsizer.gen_simple_downsizer.axi_downsizer_inst/USE_WRITE.write_addr_inst/cmd_queue/inst/fifo_gen_inst/inst_fifo_gen/gconvfifo.rf/grf.rf/rstblk/sckt_wr_rst_cc[0]
    SLICE_X24Y253        LUT3 (Prop_G6LUT_SLICEL_I1_O)
                                                      0.149     2.664 f  bse_i/ps8_0_axi_periph/s00_couplers/auto_ds/inst/gen_downsizer.gen_simple_downsizer.axi_downsizer_inst/USE_WRITE.write_addr_inst/cmd_queue/inst/fifo_gen_inst/inst_fifo_gen/gconvfifo.rf/grf.rf/rstblk/gc0.count_d1[4]_i_2/O
                         net (fo=32, routed)          0.456     3.120    bse_i/ps8_0_axi_periph/s00_couplers/auto_ds/inst/gen_downsizer.gen_simple_downsizer.axi_downsizer_inst/USE_WRITE.write_addr_inst/cmd_queue/inst/fifo_gen_inst/inst_fifo_gen/gconvfifo.rf/grf.rf/gntv_or_sync_fifo.gl0.rd/gr1.gr1_int.rfwft/gpregsm1.user_valid_reg_0
    SLICE_X22Y254        FDPE                                         f  bse_i/ps8_0_axi_periph/s00_couplers/auto_ds/inst/gen_downsizer.gen_simple_downsizer.axi_downsizer_inst/USE_WRITE.write_addr_inst/cmd_queue/inst/fifo_gen_inst/inst_fifo_gen/gconvfifo.rf/grf.rf/gntv_or_sync_fifo.gl0.rd/gr1.gr1_int.rfwft/empty_fwft_i_reg/PRE
  -------------------------------------------------------------------    -------------------

                         (clock clk_pl_0 rise edge)
                                                     10.000    10.000 r  
    PS8_X0Y0             PS8                          0.000    10.000 r  bse_i/zynq_ultra_ps_e_0/inst/PS8_i/PLCLK[0]
                         net (fo=1, routed)           0.143    10.143    bse_i/zynq_ultra_ps_e_0/inst/pl_clk_unbuffered[0]
    BUFG_PS_X0Y95        BUFG_PS (Prop_BUFG_PS_I_O)
                                                      0.025    10.168 r  bse_i/zynq_ultra_ps_e_0/inst/buffer_pl_clk_0.PL_CLK_0_BUFG/O
    X1Y2 (CLOCK_ROOT)    net (fo=24139, routed)       1.861    12.029    bse_i/ps8_0_axi_periph/s00_couplers/auto_ds/inst/gen_downsizer.gen_simple_downsizer.axi_downsizer_inst/USE_WRITE.write_addr_inst/cmd_queue/inst/fifo_gen_inst/inst_fifo_gen/gconvfifo.rf/grf.rf/gntv_or_sync_fifo.gl0.rd/gr1.gr1_int.rfwft/clk
    SLICE_X22Y254        FDPE                                         r  bse_i/ps8_0_axi_periph/s00_couplers/auto_ds/inst/gen_downsizer.gen_simple_downsizer.axi_downsizer_inst/USE_WRITE.write_addr_inst/cmd_queue/inst/fifo_gen_inst/inst_fifo_gen/gconvfifo.rf/grf.rf/gntv_or_sync_fifo.gl0.rd/gr1.gr1_int.rfwft/empty_fwft_i_reg/C
                         clock pessimism              0.190    12.219    
                         clock uncertainty           -0.130    12.089    
    SLICE_X22Y254        FDPE (Recov_EFF_SLICEL_C_PRE)
                                                     -0.066    12.023    bse_i/ps8_0_axi_periph/s00_couplers/auto_ds/inst/gen_downsizer.gen_simple_downsizer.axi_downsizer_inst/USE_WRITE.write_addr_inst/cmd_queue/inst/fifo_gen_inst/inst_fifo_gen/gconvfifo.rf/grf.rf/gntv_or_sync_fifo.gl0.rd/gr1.gr1_int.rfwft/empty_fwft_i_reg
  -------------------------------------------------------------------
                         required time                         12.023    
                         arrival time                          -3.120    
  -------------------------------------------------------------------
                         slack                                  8.903    

Slack (MET) :             8.903ns  (required time - arrival time)
  Source:                 bse_i/ps8_0_axi_periph/s00_couplers/auto_ds/inst/gen_downsizer.gen_simple_downsizer.axi_downsizer_inst/USE_WRITE.write_addr_inst/cmd_queue/inst/fifo_gen_inst/inst_fifo_gen/gconvfifo.rf/grf.rf/rstblk/ngwrdrst.grst.g7serrst.gnsckt_wrst.gcc_rst.sckt_wr_rst_cc_reg[0]/C
                            (rising edge-triggered cell FDRE clocked by clk_pl_0  {rise@0.000ns fall@5.000ns period=10.000ns})
  Destination:            bse_i/ps8_0_axi_periph/s00_couplers/auto_ds/inst/gen_downsizer.gen_simple_downsizer.axi_downsizer_inst/USE_WRITE.write_addr_inst/cmd_queue/inst/fifo_gen_inst/inst_fifo_gen/gconvfifo.rf/grf.rf/gntv_or_sync_fifo.gl0.wr/wpntr/gcc0.gc0.count_d1_reg[0]/CLR
                            (recovery check against rising-edge clock clk_pl_0  {rise@0.000ns fall@5.000ns period=10.000ns})
  Path Group:             **async_default**
  Path Type:              Recovery (Max at Slow Process Corner)
  Requirement:            10.000ns  (clk_pl_0 rise@10.000ns - clk_pl_0 rise@0.000ns)
  Data Path Delay:        0.815ns  (logic 0.228ns (27.975%)  route 0.587ns (72.025%))
  Logic Levels:           1  (LUT3=1)
  Clock Path Skew:        -0.086ns (DCD - SCD + CPR)
    Destination Clock Delay (DCD):    2.029ns = ( 12.029 - 10.000 ) 
    Source Clock Delay      (SCD):    2.305ns
    Clock Pessimism Removal (CPR):    0.190ns
  Clock Uncertainty:      0.130ns  ((TSJ^2 + DJ^2)^1/2) / 2 + PE
    Total System Jitter     (TSJ):    0.071ns
    Discrete Jitter          (DJ):    0.250ns
    Phase Error              (PE):    0.000ns
  Clock Net Delay (Source):      2.097ns (routing 0.666ns, distribution 1.431ns)
  Clock Net Delay (Destination): 1.861ns (routing 0.600ns, distribution 1.261ns)

    Location             Delay type                Incr(ns)  Path(ns)    Netlist Resource(s)
  -------------------------------------------------------------------    -------------------
                         (clock clk_pl_0 rise edge)
                                                      0.000     0.000 r  
    PS8_X0Y0             PS8                          0.000     0.000 r  bse_i/zynq_ultra_ps_e_0/inst/PS8_i/PLCLK[0]
                         net (fo=1, routed)           0.180     0.180    bse_i/zynq_ultra_ps_e_0/inst/pl_clk_unbuffered[0]
    BUFG_PS_X0Y95        BUFG_PS (Prop_BUFG_PS_I_O)
                                                      0.028     0.208 r  bse_i/zynq_ultra_ps_e_0/inst/buffer_pl_clk_0.PL_CLK_0_BUFG/O
    X1Y2 (CLOCK_ROOT)    net (fo=24139, routed)       2.097     2.305    bse_i/ps8_0_axi_periph/s00_couplers/auto_ds/inst/gen_downsizer.gen_simple_downsizer.axi_downsizer_inst/USE_WRITE.write_addr_inst/cmd_queue/inst/fifo_gen_inst/inst_fifo_gen/gconvfifo.rf/grf.rf/rstblk/clk
    SLICE_X24Y253        FDRE                                         r  bse_i/ps8_0_axi_periph/s00_couplers/auto_ds/inst/gen_downsizer.gen_simple_downsizer.axi_downsizer_inst/USE_WRITE.write_addr_inst/cmd_queue/inst/fifo_gen_inst/inst_fifo_gen/gconvfifo.rf/grf.rf/rstblk/ngwrdrst.grst.g7serrst.gnsckt_wrst.gcc_rst.sckt_wr_rst_cc_reg[0]/C
  -------------------------------------------------------------------    -------------------
    SLICE_X24Y253        FDRE (Prop_EFF_SLICEL_C_Q)
                                                      0.079     2.384 f  bse_i/ps8_0_axi_periph/s00_couplers/auto_ds/inst/gen_downsizer.gen_simple_downsizer.axi_downsizer_inst/USE_WRITE.write_addr_inst/cmd_queue/inst/fifo_gen_inst/inst_fifo_gen/gconvfifo.rf/grf.rf/rstblk/ngwrdrst.grst.g7serrst.gnsckt_wrst.gcc_rst.sckt_wr_rst_cc_reg[0]/Q
                         net (fo=3, routed)           0.131     2.515    bse_i/ps8_0_axi_periph/s00_couplers/auto_ds/inst/gen_downsizer.gen_simple_downsizer.axi_downsizer_inst/USE_WRITE.write_addr_inst/cmd_queue/inst/fifo_gen_inst/inst_fifo_gen/gconvfifo.rf/grf.rf/rstblk/sckt_wr_rst_cc[0]
    SLICE_X24Y253        LUT3 (Prop_G6LUT_SLICEL_I1_O)
                                                      0.149     2.664 f  bse_i/ps8_0_axi_periph/s00_couplers/auto_ds/inst/gen_downsizer.gen_simple_downsizer.axi_downsizer_inst/USE_WRITE.write_addr_inst/cmd_queue/inst/fifo_gen_inst/inst_fifo_gen/gconvfifo.rf/grf.rf/rstblk/gc0.count_d1[4]_i_2/O
                         net (fo=32, routed)          0.456     3.120    bse_i/ps8_0_axi_periph/s00_couplers/auto_ds/inst/gen_downsizer.gen_simple_downsizer.axi_downsizer_inst/USE_WRITE.write_addr_inst/cmd_queue/inst/fifo_gen_inst/inst_fifo_gen/gconvfifo.rf/grf.rf/gntv_or_sync_fifo.gl0.wr/wpntr/AR[0]
    SLICE_X22Y254        FDCE                                         f  bse_i/ps8_0_axi_periph/s00_couplers/auto_ds/inst/gen_downsizer.gen_simple_downsizer.axi_downsizer_inst/USE_WRITE.write_addr_inst/cmd_queue/inst/fifo_gen_inst/inst_fifo_gen/gconvfifo.rf/grf.rf/gntv_or_sync_fifo.gl0.wr/wpntr/gcc0.gc0.count_d1_reg[0]/CLR
  -------------------------------------------------------------------    -------------------

                         (clock clk_pl_0 rise edge)
                                                     10.000    10.000 r  
    PS8_X0Y0             PS8                          0.000    10.000 r  bse_i/zynq_ultra_ps_e_0/inst/PS8_i/PLCLK[0]
                         net (fo=1, routed)           0.143    10.143    bse_i/zynq_ultra_ps_e_0/inst/pl_clk_unbuffered[0]
    BUFG_PS_X0Y95        BUFG_PS (Prop_BUFG_PS_I_O)
                                                      0.025    10.168 r  bse_i/zynq_ultra_ps_e_0/inst/buffer_pl_clk_0.PL_CLK_0_BUFG/O
    X1Y2 (CLOCK_ROOT)    net (fo=24139, routed)       1.861    12.029    bse_i/ps8_0_axi_periph/s00_couplers/auto_ds/inst/gen_downsizer.gen_simple_downsizer.axi_downsizer_inst/USE_WRITE.write_addr_inst/cmd_queue/inst/fifo_gen_inst/inst_fifo_gen/gconvfifo.rf/grf.rf/gntv_or_sync_fifo.gl0.wr/wpntr/clk
    SLICE_X22Y254        FDCE                                         r  bse_i/ps8_0_axi_periph/s00_couplers/auto_ds/inst/gen_downsizer.gen_simple_downsizer.axi_downsizer_inst/USE_WRITE.write_addr_inst/cmd_queue/inst/fifo_gen_inst/inst_fifo_gen/gconvfifo.rf/grf.rf/gntv_or_sync_fifo.gl0.wr/wpntr/gcc0.gc0.count_d1_reg[0]/C
                         clock pessimism              0.190    12.219    
                         clock uncertainty           -0.130    12.089    
    SLICE_X22Y254        FDCE (Recov_HFF2_SLICEL_C_CLR)
                                                     -0.066    12.023    bse_i/ps8_0_axi_periph/s00_couplers/auto_ds/inst/gen_downsizer.gen_simple_downsizer.axi_downsizer_inst/USE_WRITE.write_addr_inst/cmd_queue/inst/fifo_gen_inst/inst_fifo_gen/gconvfifo.rf/grf.rf/gntv_or_sync_fifo.gl0.wr/wpntr/gcc0.gc0.count_d1_reg[0]
  -------------------------------------------------------------------
                         required time                         12.023    
                         arrival time                          -3.120    
  -------------------------------------------------------------------
                         slack                                  8.903    

Slack (MET) :             8.903ns  (required time - arrival time)
  Source:                 bse_i/ps8_0_axi_periph/s00_couplers/auto_ds/inst/gen_downsizer.gen_simple_downsizer.axi_downsizer_inst/USE_WRITE.write_addr_inst/cmd_queue/inst/fifo_gen_inst/inst_fifo_gen/gconvfifo.rf/grf.rf/rstblk/ngwrdrst.grst.g7serrst.gnsckt_wrst.gcc_rst.sckt_wr_rst_cc_reg[0]/C
                            (rising edge-triggered cell FDRE clocked by clk_pl_0  {rise@0.000ns fall@5.000ns period=10.000ns})
  Destination:            bse_i/ps8_0_axi_periph/s00_couplers/auto_ds/inst/gen_downsizer.gen_simple_downsizer.axi_downsizer_inst/USE_WRITE.write_addr_inst/cmd_queue/inst/fifo_gen_inst/inst_fifo_gen/gconvfifo.rf/grf.rf/gntv_or_sync_fifo.gl0.wr/wpntr/gcc0.gc0.count_d1_reg[1]/CLR
                            (recovery check against rising-edge clock clk_pl_0  {rise@0.000ns fall@5.000ns period=10.000ns})
  Path Group:             **async_default**
  Path Type:              Recovery (Max at Slow Process Corner)
  Requirement:            10.000ns  (clk_pl_0 rise@10.000ns - clk_pl_0 rise@0.000ns)
  Data Path Delay:        0.815ns  (logic 0.228ns (27.975%)  route 0.587ns (72.025%))
  Logic Levels:           1  (LUT3=1)
  Clock Path Skew:        -0.086ns (DCD - SCD + CPR)
    Destination Clock Delay (DCD):    2.029ns = ( 12.029 - 10.000 ) 
    Source Clock Delay      (SCD):    2.305ns
    Clock Pessimism Removal (CPR):    0.190ns
  Clock Uncertainty:      0.130ns  ((TSJ^2 + DJ^2)^1/2) / 2 + PE
    Total System Jitter     (TSJ):    0.071ns
    Discrete Jitter          (DJ):    0.250ns
    Phase Error              (PE):    0.000ns
  Clock Net Delay (Source):      2.097ns (routing 0.666ns, distribution 1.431ns)
  Clock Net Delay (Destination): 1.861ns (routing 0.600ns, distribution 1.261ns)

    Location             Delay type                Incr(ns)  Path(ns)    Netlist Resource(s)
  -------------------------------------------------------------------    -------------------
                         (clock clk_pl_0 rise edge)
                                                      0.000     0.000 r  
    PS8_X0Y0             PS8                          0.000     0.000 r  bse_i/zynq_ultra_ps_e_0/inst/PS8_i/PLCLK[0]
                         net (fo=1, routed)           0.180     0.180    bse_i/zynq_ultra_ps_e_0/inst/pl_clk_unbuffered[0]
    BUFG_PS_X0Y95        BUFG_PS (Prop_BUFG_PS_I_O)
                                                      0.028     0.208 r  bse_i/zynq_ultra_ps_e_0/inst/buffer_pl_clk_0.PL_CLK_0_BUFG/O
    X1Y2 (CLOCK_ROOT)    net (fo=24139, routed)       2.097     2.305    bse_i/ps8_0_axi_periph/s00_couplers/auto_ds/inst/gen_downsizer.gen_simple_downsizer.axi_downsizer_inst/USE_WRITE.write_addr_inst/cmd_queue/inst/fifo_gen_inst/inst_fifo_gen/gconvfifo.rf/grf.rf/rstblk/clk
    SLICE_X24Y253        FDRE                                         r  bse_i/ps8_0_axi_periph/s00_couplers/auto_ds/inst/gen_downsizer.gen_simple_downsizer.axi_downsizer_inst/USE_WRITE.write_addr_inst/cmd_queue/inst/fifo_gen_inst/inst_fifo_gen/gconvfifo.rf/grf.rf/rstblk/ngwrdrst.grst.g7serrst.gnsckt_wrst.gcc_rst.sckt_wr_rst_cc_reg[0]/C
  -------------------------------------------------------------------    -------------------
    SLICE_X24Y253        FDRE (Prop_EFF_SLICEL_C_Q)
                                                      0.079     2.384 f  bse_i/ps8_0_axi_periph/s00_couplers/auto_ds/inst/gen_downsizer.gen_simple_downsizer.axi_downsizer_inst/USE_WRITE.write_addr_inst/cmd_queue/inst/fifo_gen_inst/inst_fifo_gen/gconvfifo.rf/grf.rf/rstblk/ngwrdrst.grst.g7serrst.gnsckt_wrst.gcc_rst.sckt_wr_rst_cc_reg[0]/Q
                         net (fo=3, routed)           0.131     2.515    bse_i/ps8_0_axi_periph/s00_couplers/auto_ds/inst/gen_downsizer.gen_simple_downsizer.axi_downsizer_inst/USE_WRITE.write_addr_inst/cmd_queue/inst/fifo_gen_inst/inst_fifo_gen/gconvfifo.rf/grf.rf/rstblk/sckt_wr_rst_cc[0]
    SLICE_X24Y253        LUT3 (Prop_G6LUT_SLICEL_I1_O)
                                                      0.149     2.664 f  bse_i/ps8_0_axi_periph/s00_couplers/auto_ds/inst/gen_downsizer.gen_simple_downsizer.axi_downsizer_inst/USE_WRITE.write_addr_inst/cmd_queue/inst/fifo_gen_inst/inst_fifo_gen/gconvfifo.rf/grf.rf/rstblk/gc0.count_d1[4]_i_2/O
                         net (fo=32, routed)          0.456     3.120    bse_i/ps8_0_axi_periph/s00_couplers/auto_ds/inst/gen_downsizer.gen_simple_downsizer.axi_downsizer_inst/USE_WRITE.write_addr_inst/cmd_queue/inst/fifo_gen_inst/inst_fifo_gen/gconvfifo.rf/grf.rf/gntv_or_sync_fifo.gl0.wr/wpntr/AR[0]
    SLICE_X22Y254        FDCE                                         f  bse_i/ps8_0_axi_periph/s00_couplers/auto_ds/inst/gen_downsizer.gen_simple_downsizer.axi_downsizer_inst/USE_WRITE.write_addr_inst/cmd_queue/inst/fifo_gen_inst/inst_fifo_gen/gconvfifo.rf/grf.rf/gntv_or_sync_fifo.gl0.wr/wpntr/gcc0.gc0.count_d1_reg[1]/CLR
  -------------------------------------------------------------------    -------------------

                         (clock clk_pl_0 rise edge)
                                                     10.000    10.000 r  
    PS8_X0Y0             PS8                          0.000    10.000 r  bse_i/zynq_ultra_ps_e_0/inst/PS8_i/PLCLK[0]
                         net (fo=1, routed)           0.143    10.143    bse_i/zynq_ultra_ps_e_0/inst/pl_clk_unbuffered[0]
    BUFG_PS_X0Y95        BUFG_PS (Prop_BUFG_PS_I_O)
                                                      0.025    10.168 r  bse_i/zynq_ultra_ps_e_0/inst/buffer_pl_clk_0.PL_CLK_0_BUFG/O
    X1Y2 (CLOCK_ROOT)    net (fo=24139, routed)       1.861    12.029    bse_i/ps8_0_axi_periph/s00_couplers/auto_ds/inst/gen_downsizer.gen_simple_downsizer.axi_downsizer_inst/USE_WRITE.write_addr_inst/cmd_queue/inst/fifo_gen_inst/inst_fifo_gen/gconvfifo.rf/grf.rf/gntv_or_sync_fifo.gl0.wr/wpntr/clk
    SLICE_X22Y254        FDCE                                         r  bse_i/ps8_0_axi_periph/s00_couplers/auto_ds/inst/gen_downsizer.gen_simple_downsizer.axi_downsizer_inst/USE_WRITE.write_addr_inst/cmd_queue/inst/fifo_gen_inst/inst_fifo_gen/gconvfifo.rf/grf.rf/gntv_or_sync_fifo.gl0.wr/wpntr/gcc0.gc0.count_d1_reg[1]/C
                         clock pessimism              0.190    12.219    
                         clock uncertainty           -0.130    12.089    
    SLICE_X22Y254        FDCE (Recov_GFF2_SLICEL_C_CLR)
                                                     -0.066    12.023    bse_i/ps8_0_axi_periph/s00_couplers/auto_ds/inst/gen_downsizer.gen_simple_downsizer.axi_downsizer_inst/USE_WRITE.write_addr_inst/cmd_queue/inst/fifo_gen_inst/inst_fifo_gen/gconvfifo.rf/grf.rf/gntv_or_sync_fifo.gl0.wr/wpntr/gcc0.gc0.count_d1_reg[1]
  -------------------------------------------------------------------
                         required time                         12.023    
                         arrival time                          -3.120    
  -------------------------------------------------------------------
                         slack                                  8.903    

Slack (MET) :             8.903ns  (required time - arrival time)
  Source:                 bse_i/ps8_0_axi_periph/s00_couplers/auto_ds/inst/gen_downsizer.gen_simple_downsizer.axi_downsizer_inst/USE_WRITE.write_addr_inst/cmd_queue/inst/fifo_gen_inst/inst_fifo_gen/gconvfifo.rf/grf.rf/rstblk/ngwrdrst.grst.g7serrst.gnsckt_wrst.gcc_rst.sckt_wr_rst_cc_reg[0]/C
                            (rising edge-triggered cell FDRE clocked by clk_pl_0  {rise@0.000ns fall@5.000ns period=10.000ns})
  Destination:            bse_i/ps8_0_axi_periph/s00_couplers/auto_ds/inst/gen_downsizer.gen_simple_downsizer.axi_downsizer_inst/USE_WRITE.write_addr_inst/cmd_queue/inst/fifo_gen_inst/inst_fifo_gen/gconvfifo.rf/grf.rf/gntv_or_sync_fifo.gl0.wr/wpntr/gcc0.gc0.count_d1_reg[2]/CLR
                            (recovery check against rising-edge clock clk_pl_0  {rise@0.000ns fall@5.000ns period=10.000ns})
  Path Group:             **async_default**
  Path Type:              Recovery (Max at Slow Process Corner)
  Requirement:            10.000ns  (clk_pl_0 rise@10.000ns - clk_pl_0 rise@0.000ns)
  Data Path Delay:        0.815ns  (logic 0.228ns (27.975%)  route 0.587ns (72.025%))
  Logic Levels:           1  (LUT3=1)
  Clock Path Skew:        -0.086ns (DCD - SCD + CPR)
    Destination Clock Delay (DCD):    2.029ns = ( 12.029 - 10.000 ) 
    Source Clock Delay      (SCD):    2.305ns
    Clock Pessimism Removal (CPR):    0.190ns
  Clock Uncertainty:      0.130ns  ((TSJ^2 + DJ^2)^1/2) / 2 + PE
    Total System Jitter     (TSJ):    0.071ns
    Discrete Jitter          (DJ):    0.250ns
    Phase Error              (PE):    0.000ns
  Clock Net Delay (Source):      2.097ns (routing 0.666ns, distribution 1.431ns)
  Clock Net Delay (Destination): 1.861ns (routing 0.600ns, distribution 1.261ns)

    Location             Delay type                Incr(ns)  Path(ns)    Netlist Resource(s)
  -------------------------------------------------------------------    -------------------
                         (clock clk_pl_0 rise edge)
                                                      0.000     0.000 r  
    PS8_X0Y0             PS8                          0.000     0.000 r  bse_i/zynq_ultra_ps_e_0/inst/PS8_i/PLCLK[0]
                         net (fo=1, routed)           0.180     0.180    bse_i/zynq_ultra_ps_e_0/inst/pl_clk_unbuffered[0]
    BUFG_PS_X0Y95        BUFG_PS (Prop_BUFG_PS_I_O)
                                                      0.028     0.208 r  bse_i/zynq_ultra_ps_e_0/inst/buffer_pl_clk_0.PL_CLK_0_BUFG/O
    X1Y2 (CLOCK_ROOT)    net (fo=24139, routed)       2.097     2.305    bse_i/ps8_0_axi_periph/s00_couplers/auto_ds/inst/gen_downsizer.gen_simple_downsizer.axi_downsizer_inst/USE_WRITE.write_addr_inst/cmd_queue/inst/fifo_gen_inst/inst_fifo_gen/gconvfifo.rf/grf.rf/rstblk/clk
    SLICE_X24Y253        FDRE                                         r  bse_i/ps8_0_axi_periph/s00_couplers/auto_ds/inst/gen_downsizer.gen_simple_downsizer.axi_downsizer_inst/USE_WRITE.write_addr_inst/cmd_queue/inst/fifo_gen_inst/inst_fifo_gen/gconvfifo.rf/grf.rf/rstblk/ngwrdrst.grst.g7serrst.gnsckt_wrst.gcc_rst.sckt_wr_rst_cc_reg[0]/C
  -------------------------------------------------------------------    -------------------
    SLICE_X24Y253        FDRE (Prop_EFF_SLICEL_C_Q)
                                                      0.079     2.384 f  bse_i/ps8_0_axi_periph/s00_couplers/auto_ds/inst/gen_downsizer.gen_simple_downsizer.axi_downsizer_inst/USE_WRITE.write_addr_inst/cmd_queue/inst/fifo_gen_inst/inst_fifo_gen/gconvfifo.rf/grf.rf/rstblk/ngwrdrst.grst.g7serrst.gnsckt_wrst.gcc_rst.sckt_wr_rst_cc_reg[0]/Q
                         net (fo=3, routed)           0.131     2.515    bse_i/ps8_0_axi_periph/s00_couplers/auto_ds/inst/gen_downsizer.gen_simple_downsizer.axi_downsizer_inst/USE_WRITE.write_addr_inst/cmd_queue/inst/fifo_gen_inst/inst_fifo_gen/gconvfifo.rf/grf.rf/rstblk/sckt_wr_rst_cc[0]
    SLICE_X24Y253        LUT3 (Prop_G6LUT_SLICEL_I1_O)
                                                      0.149     2.664 f  bse_i/ps8_0_axi_periph/s00_couplers/auto_ds/inst/gen_downsizer.gen_simple_downsizer.axi_downsizer_inst/USE_WRITE.write_addr_inst/cmd_queue/inst/fifo_gen_inst/inst_fifo_gen/gconvfifo.rf/grf.rf/rstblk/gc0.count_d1[4]_i_2/O
                         net (fo=32, routed)          0.456     3.120    bse_i/ps8_0_axi_periph/s00_couplers/auto_ds/inst/gen_downsizer.gen_simple_downsizer.axi_downsizer_inst/USE_WRITE.write_addr_inst/cmd_queue/inst/fifo_gen_inst/inst_fifo_gen/gconvfifo.rf/grf.rf/gntv_or_sync_fifo.gl0.wr/wpntr/AR[0]
    SLICE_X22Y254        FDCE                                         f  bse_i/ps8_0_axi_periph/s00_couplers/auto_ds/inst/gen_downsizer.gen_simple_downsizer.axi_downsizer_inst/USE_WRITE.write_addr_inst/cmd_queue/inst/fifo_gen_inst/inst_fifo_gen/gconvfifo.rf/grf.rf/gntv_or_sync_fifo.gl0.wr/wpntr/gcc0.gc0.count_d1_reg[2]/CLR
  -------------------------------------------------------------------    -------------------

                         (clock clk_pl_0 rise edge)
                                                     10.000    10.000 r  
    PS8_X0Y0             PS8                          0.000    10.000 r  bse_i/zynq_ultra_ps_e_0/inst/PS8_i/PLCLK[0]
                         net (fo=1, routed)           0.143    10.143    bse_i/zynq_ultra_ps_e_0/inst/pl_clk_unbuffered[0]
    BUFG_PS_X0Y95        BUFG_PS (Prop_BUFG_PS_I_O)
                                                      0.025    10.168 r  bse_i/zynq_ultra_ps_e_0/inst/buffer_pl_clk_0.PL_CLK_0_BUFG/O
    X1Y2 (CLOCK_ROOT)    net (fo=24139, routed)       1.861    12.029    bse_i/ps8_0_axi_periph/s00_couplers/auto_ds/inst/gen_downsizer.gen_simple_downsizer.axi_downsizer_inst/USE_WRITE.write_addr_inst/cmd_queue/inst/fifo_gen_inst/inst_fifo_gen/gconvfifo.rf/grf.rf/gntv_or_sync_fifo.gl0.wr/wpntr/clk
    SLICE_X22Y254        FDCE                                         r  bse_i/ps8_0_axi_periph/s00_couplers/auto_ds/inst/gen_downsizer.gen_simple_downsizer.axi_downsizer_inst/USE_WRITE.write_addr_inst/cmd_queue/inst/fifo_gen_inst/inst_fifo_gen/gconvfifo.rf/grf.rf/gntv_or_sync_fifo.gl0.wr/wpntr/gcc0.gc0.count_d1_reg[2]/C
                         clock pessimism              0.190    12.219    
                         clock uncertainty           -0.130    12.089    
    SLICE_X22Y254        FDCE (Recov_FFF2_SLICEL_C_CLR)
                                                     -0.066    12.023    bse_i/ps8_0_axi_periph/s00_couplers/auto_ds/inst/gen_downsizer.gen_simple_downsizer.axi_downsizer_inst/USE_WRITE.write_addr_inst/cmd_queue/inst/fifo_gen_inst/inst_fifo_gen/gconvfifo.rf/grf.rf/gntv_or_sync_fifo.gl0.wr/wpntr/gcc0.gc0.count_d1_reg[2]
  -------------------------------------------------------------------
                         required time                         12.023    
                         arrival time                          -3.120    
  -------------------------------------------------------------------
                         slack                                  8.903    

Slack (MET) :             8.912ns  (required time - arrival time)
  Source:                 bse_i/ps8_0_axi_periph/s00_couplers/auto_ds/inst/gen_downsizer.gen_simple_downsizer.axi_downsizer_inst/USE_READ.read_addr_inst/cmd_queue/inst/fifo_gen_inst/inst_fifo_gen/gconvfifo.rf/grf.rf/rstblk/ngwrdrst.grst.g7serrst.gnsckt_wrst.gcc_rst.sckt_wr_rst_cc_reg[0]/C
                            (rising edge-triggered cell FDRE clocked by clk_pl_0  {rise@0.000ns fall@5.000ns period=10.000ns})
  Destination:            bse_i/ps8_0_axi_periph/s00_couplers/auto_ds/inst/gen_downsizer.gen_simple_downsizer.axi_downsizer_inst/USE_READ.read_addr_inst/cmd_queue/inst/fifo_gen_inst/inst_fifo_gen/gconvfifo.rf/grf.rf/gntv_or_sync_fifo.gl0.rd/rpntr/gc0.count_reg[0]/PRE
                            (recovery check against rising-edge clock clk_pl_0  {rise@0.000ns fall@5.000ns period=10.000ns})
  Path Group:             **async_default**
  Path Type:              Recovery (Max at Slow Process Corner)
  Requirement:            10.000ns  (clk_pl_0 rise@10.000ns - clk_pl_0 rise@0.000ns)
  Data Path Delay:        0.796ns  (logic 0.202ns (25.377%)  route 0.594ns (74.623%))
  Logic Levels:           1  (LUT3=1)
  Clock Path Skew:        -0.096ns (DCD - SCD + CPR)
    Destination Clock Delay (DCD):    2.014ns = ( 12.014 - 10.000 ) 
    Source Clock Delay      (SCD):    2.300ns
    Clock Pessimism Removal (CPR):    0.190ns
  Clock Uncertainty:      0.130ns  ((TSJ^2 + DJ^2)^1/2) / 2 + PE
    Total System Jitter     (TSJ):    0.071ns
    Discrete Jitter          (DJ):    0.250ns
    Phase Error              (PE):    0.000ns
  Clock Net Delay (Source):      2.092ns (routing 0.666ns, distribution 1.426ns)
  Clock Net Delay (Destination): 1.846ns (routing 0.600ns, distribution 1.246ns)

    Location             Delay type                Incr(ns)  Path(ns)    Netlist Resource(s)
  -------------------------------------------------------------------    -------------------
                         (clock clk_pl_0 rise edge)
                                                      0.000     0.000 r  
    PS8_X0Y0             PS8                          0.000     0.000 r  bse_i/zynq_ultra_ps_e_0/inst/PS8_i/PLCLK[0]
                         net (fo=1, routed)           0.180     0.180    bse_i/zynq_ultra_ps_e_0/inst/pl_clk_unbuffered[0]
    BUFG_PS_X0Y95        BUFG_PS (Prop_BUFG_PS_I_O)
                                                      0.028     0.208 r  bse_i/zynq_ultra_ps_e_0/inst/buffer_pl_clk_0.PL_CLK_0_BUFG/O
    X1Y2 (CLOCK_ROOT)    net (fo=24139, routed)       2.092     2.300    bse_i/ps8_0_axi_periph/s00_couplers/auto_ds/inst/gen_downsizer.gen_simple_downsizer.axi_downsizer_inst/USE_READ.read_addr_inst/cmd_queue/inst/fifo_gen_inst/inst_fifo_gen/gconvfifo.rf/grf.rf/rstblk/clk
    SLICE_X31Y246        FDRE                                         r  bse_i/ps8_0_axi_periph/s00_couplers/auto_ds/inst/gen_downsizer.gen_simple_downsizer.axi_downsizer_inst/USE_READ.read_addr_inst/cmd_queue/inst/fifo_gen_inst/inst_fifo_gen/gconvfifo.rf/grf.rf/rstblk/ngwrdrst.grst.g7serrst.gnsckt_wrst.gcc_rst.sckt_wr_rst_cc_reg[0]/C
  -------------------------------------------------------------------    -------------------
    SLICE_X31Y246        FDRE (Prop_HFF2_SLICEM_C_Q)
                                                      0.078     2.378 f  bse_i/ps8_0_axi_periph/s00_couplers/auto_ds/inst/gen_downsizer.gen_simple_downsizer.axi_downsizer_inst/USE_READ.read_addr_inst/cmd_queue/inst/fifo_gen_inst/inst_fifo_gen/gconvfifo.rf/grf.rf/rstblk/ngwrdrst.grst.g7serrst.gnsckt_wrst.gcc_rst.sckt_wr_rst_cc_reg[0]/Q
                         net (fo=3, routed)           0.224     2.602    bse_i/ps8_0_axi_periph/s00_couplers/auto_ds/inst/gen_downsizer.gen_simple_downsizer.axi_downsizer_inst/USE_READ.read_addr_inst/cmd_queue/inst/fifo_gen_inst/inst_fifo_gen/gconvfifo.rf/grf.rf/rstblk/sckt_wr_rst_cc[0]
    SLICE_X31Y246        LUT3 (Prop_E6LUT_SLICEM_I1_O)
                                                      0.124     2.726 f  bse_i/ps8_0_axi_periph/s00_couplers/auto_ds/inst/gen_downsizer.gen_simple_downsizer.axi_downsizer_inst/USE_READ.read_addr_inst/cmd_queue/inst/fifo_gen_inst/inst_fifo_gen/gconvfifo.rf/grf.rf/rstblk/gc0.count_d1[4]_i_2/O
                         net (fo=32, routed)          0.370     3.096    bse_i/ps8_0_axi_periph/s00_couplers/auto_ds/inst/gen_downsizer.gen_simple_downsizer.axi_downsizer_inst/USE_READ.read_addr_inst/cmd_queue/inst/fifo_gen_inst/inst_fifo_gen/gconvfifo.rf/grf.rf/gntv_or_sync_fifo.gl0.rd/rpntr/gc0.count_d1_reg[0]_0
    SLICE_X30Y245        FDPE                                         f  bse_i/ps8_0_axi_periph/s00_couplers/auto_ds/inst/gen_downsizer.gen_simple_downsizer.axi_downsizer_inst/USE_READ.read_addr_inst/cmd_queue/inst/fifo_gen_inst/inst_fifo_gen/gconvfifo.rf/grf.rf/gntv_or_sync_fifo.gl0.rd/rpntr/gc0.count_reg[0]/PRE
  -------------------------------------------------------------------    -------------------

                         (clock clk_pl_0 rise edge)
                                                     10.000    10.000 r  
    PS8_X0Y0             PS8                          0.000    10.000 r  bse_i/zynq_ultra_ps_e_0/inst/PS8_i/PLCLK[0]
                         net (fo=1, routed)           0.143    10.143    bse_i/zynq_ultra_ps_e_0/inst/pl_clk_unbuffered[0]
    BUFG_PS_X0Y95        BUFG_PS (Prop_BUFG_PS_I_O)
                                                      0.025    10.168 r  bse_i/zynq_ultra_ps_e_0/inst/buffer_pl_clk_0.PL_CLK_0_BUFG/O
    X1Y2 (CLOCK_ROOT)    net (fo=24139, routed)       1.846    12.014    bse_i/ps8_0_axi_periph/s00_couplers/auto_ds/inst/gen_downsizer.gen_simple_downsizer.axi_downsizer_inst/USE_READ.read_addr_inst/cmd_queue/inst/fifo_gen_inst/inst_fifo_gen/gconvfifo.rf/grf.rf/gntv_or_sync_fifo.gl0.rd/rpntr/clk
    SLICE_X30Y245        FDPE                                         r  bse_i/ps8_0_axi_periph/s00_couplers/auto_ds/inst/gen_downsizer.gen_simple_downsizer.axi_downsizer_inst/USE_READ.read_addr_inst/cmd_queue/inst/fifo_gen_inst/inst_fifo_gen/gconvfifo.rf/grf.rf/gntv_or_sync_fifo.gl0.rd/rpntr/gc0.count_reg[0]/C
                         clock pessimism              0.190    12.204    
                         clock uncertainty           -0.130    12.074    
    SLICE_X30Y245        FDPE (Recov_BFF2_SLICEL_C_PRE)
                                                     -0.066    12.008    bse_i/ps8_0_axi_periph/s00_couplers/auto_ds/inst/gen_downsizer.gen_simple_downsizer.axi_downsizer_inst/USE_READ.read_addr_inst/cmd_queue/inst/fifo_gen_inst/inst_fifo_gen/gconvfifo.rf/grf.rf/gntv_or_sync_fifo.gl0.rd/rpntr/gc0.count_reg[0]
  -------------------------------------------------------------------
                         required time                         12.008    
                         arrival time                          -3.096    
  -------------------------------------------------------------------
                         slack                                  8.912    

Slack (MET) :             8.912ns  (required time - arrival time)
  Source:                 bse_i/ps8_0_axi_periph/s00_couplers/auto_ds/inst/gen_downsizer.gen_simple_downsizer.axi_downsizer_inst/USE_READ.read_addr_inst/cmd_queue/inst/fifo_gen_inst/inst_fifo_gen/gconvfifo.rf/grf.rf/rstblk/ngwrdrst.grst.g7serrst.gnsckt_wrst.gcc_rst.sckt_wr_rst_cc_reg[0]/C
                            (rising edge-triggered cell FDRE clocked by clk_pl_0  {rise@0.000ns fall@5.000ns period=10.000ns})
  Destination:            bse_i/ps8_0_axi_periph/s00_couplers/auto_ds/inst/gen_downsizer.gen_simple_downsizer.axi_downsizer_inst/USE_READ.read_addr_inst/cmd_queue/inst/fifo_gen_inst/inst_fifo_gen/gconvfifo.rf/grf.rf/gntv_or_sync_fifo.gl0.rd/rpntr/gc0.count_reg[1]/CLR
                            (recovery check against rising-edge clock clk_pl_0  {rise@0.000ns fall@5.000ns period=10.000ns})
  Path Group:             **async_default**
  Path Type:              Recovery (Max at Slow Process Corner)
  Requirement:            10.000ns  (clk_pl_0 rise@10.000ns - clk_pl_0 rise@0.000ns)
  Data Path Delay:        0.796ns  (logic 0.202ns (25.377%)  route 0.594ns (74.623%))
  Logic Levels:           1  (LUT3=1)
  Clock Path Skew:        -0.096ns (DCD - SCD + CPR)
    Destination Clock Delay (DCD):    2.014ns = ( 12.014 - 10.000 ) 
    Source Clock Delay      (SCD):    2.300ns
    Clock Pessimism Removal (CPR):    0.190ns
  Clock Uncertainty:      0.130ns  ((TSJ^2 + DJ^2)^1/2) / 2 + PE
    Total System Jitter     (TSJ):    0.071ns
    Discrete Jitter          (DJ):    0.250ns
    Phase Error              (PE):    0.000ns
  Clock Net Delay (Source):      2.092ns (routing 0.666ns, distribution 1.426ns)
  Clock Net Delay (Destination): 1.846ns (routing 0.600ns, distribution 1.246ns)

    Location             Delay type                Incr(ns)  Path(ns)    Netlist Resource(s)
  -------------------------------------------------------------------    -------------------
                         (clock clk_pl_0 rise edge)
                                                      0.000     0.000 r  
    PS8_X0Y0             PS8                          0.000     0.000 r  bse_i/zynq_ultra_ps_e_0/inst/PS8_i/PLCLK[0]
                         net (fo=1, routed)           0.180     0.180    bse_i/zynq_ultra_ps_e_0/inst/pl_clk_unbuffered[0]
    BUFG_PS_X0Y95        BUFG_PS (Prop_BUFG_PS_I_O)
                                                      0.028     0.208 r  bse_i/zynq_ultra_ps_e_0/inst/buffer_pl_clk_0.PL_CLK_0_BUFG/O
    X1Y2 (CLOCK_ROOT)    net (fo=24139, routed)       2.092     2.300    bse_i/ps8_0_axi_periph/s00_couplers/auto_ds/inst/gen_downsizer.gen_simple_downsizer.axi_downsizer_inst/USE_READ.read_addr_inst/cmd_queue/inst/fifo_gen_inst/inst_fifo_gen/gconvfifo.rf/grf.rf/rstblk/clk
    SLICE_X31Y246        FDRE                                         r  bse_i/ps8_0_axi_periph/s00_couplers/auto_ds/inst/gen_downsizer.gen_simple_downsizer.axi_downsizer_inst/USE_READ.read_addr_inst/cmd_queue/inst/fifo_gen_inst/inst_fifo_gen/gconvfifo.rf/grf.rf/rstblk/ngwrdrst.grst.g7serrst.gnsckt_wrst.gcc_rst.sckt_wr_rst_cc_reg[0]/C
  -------------------------------------------------------------------    -------------------
    SLICE_X31Y246        FDRE (Prop_HFF2_SLICEM_C_Q)
                                                      0.078     2.378 f  bse_i/ps8_0_axi_periph/s00_couplers/auto_ds/inst/gen_downsizer.gen_simple_downsizer.axi_downsizer_inst/USE_READ.read_addr_inst/cmd_queue/inst/fifo_gen_inst/inst_fifo_gen/gconvfifo.rf/grf.rf/rstblk/ngwrdrst.grst.g7serrst.gnsckt_wrst.gcc_rst.sckt_wr_rst_cc_reg[0]/Q
                         net (fo=3, routed)           0.224     2.602    bse_i/ps8_0_axi_periph/s00_couplers/auto_ds/inst/gen_downsizer.gen_simple_downsizer.axi_downsizer_inst/USE_READ.read_addr_inst/cmd_queue/inst/fifo_gen_inst/inst_fifo_gen/gconvfifo.rf/grf.rf/rstblk/sckt_wr_rst_cc[0]
    SLICE_X31Y246        LUT3 (Prop_E6LUT_SLICEM_I1_O)
                                                      0.124     2.726 f  bse_i/ps8_0_axi_periph/s00_couplers/auto_ds/inst/gen_downsizer.gen_simple_downsizer.axi_downsizer_inst/USE_READ.read_addr_inst/cmd_queue/inst/fifo_gen_inst/inst_fifo_gen/gconvfifo.rf/grf.rf/rstblk/gc0.count_d1[4]_i_2/O
                         net (fo=32, routed)          0.370     3.096    bse_i/ps8_0_axi_periph/s00_couplers/auto_ds/inst/gen_downsizer.gen_simple_downsizer.axi_downsizer_inst/USE_READ.read_addr_inst/cmd_queue/inst/fifo_gen_inst/inst_fifo_gen/gconvfifo.rf/grf.rf/gntv_or_sync_fifo.gl0.rd/rpntr/gc0.count_d1_reg[0]_0
    SLICE_X30Y245        FDCE                                         f  bse_i/ps8_0_axi_periph/s00_couplers/auto_ds/inst/gen_downsizer.gen_simple_downsizer.axi_downsizer_inst/USE_READ.read_addr_inst/cmd_queue/inst/fifo_gen_inst/inst_fifo_gen/gconvfifo.rf/grf.rf/gntv_or_sync_fifo.gl0.rd/rpntr/gc0.count_reg[1]/CLR
  -------------------------------------------------------------------    -------------------

                         (clock clk_pl_0 rise edge)
                                                     10.000    10.000 r  
    PS8_X0Y0             PS8                          0.000    10.000 r  bse_i/zynq_ultra_ps_e_0/inst/PS8_i/PLCLK[0]
                         net (fo=1, routed)           0.143    10.143    bse_i/zynq_ultra_ps_e_0/inst/pl_clk_unbuffered[0]
    BUFG_PS_X0Y95        BUFG_PS (Prop_BUFG_PS_I_O)
                                                      0.025    10.168 r  bse_i/zynq_ultra_ps_e_0/inst/buffer_pl_clk_0.PL_CLK_0_BUFG/O
    X1Y2 (CLOCK_ROOT)    net (fo=24139, routed)       1.846    12.014    bse_i/ps8_0_axi_periph/s00_couplers/auto_ds/inst/gen_downsizer.gen_simple_downsizer.axi_downsizer_inst/USE_READ.read_addr_inst/cmd_queue/inst/fifo_gen_inst/inst_fifo_gen/gconvfifo.rf/grf.rf/gntv_or_sync_fifo.gl0.rd/rpntr/clk
    SLICE_X30Y245        FDCE                                         r  bse_i/ps8_0_axi_periph/s00_couplers/auto_ds/inst/gen_downsizer.gen_simple_downsizer.axi_downsizer_inst/USE_READ.read_addr_inst/cmd_queue/inst/fifo_gen_inst/inst_fifo_gen/gconvfifo.rf/grf.rf/gntv_or_sync_fifo.gl0.rd/rpntr/gc0.count_reg[1]/C
                         clock pessimism              0.190    12.204    
                         clock uncertainty           -0.130    12.074    
    SLICE_X30Y245        FDCE (Recov_DFF_SLICEL_C_CLR)
                                                     -0.066    12.008    bse_i/ps8_0_axi_periph/s00_couplers/auto_ds/inst/gen_downsizer.gen_simple_downsizer.axi_downsizer_inst/USE_READ.read_addr_inst/cmd_queue/inst/fifo_gen_inst/inst_fifo_gen/gconvfifo.rf/grf.rf/gntv_or_sync_fifo.gl0.rd/rpntr/gc0.count_reg[1]
  -------------------------------------------------------------------
                         required time                         12.008    
                         arrival time                          -3.096    
  -------------------------------------------------------------------
                         slack                                  8.912    





Min Delay Paths
--------------------------------------------------------------------------------------
Slack (MET) :             0.144ns  (arrival time - required time)
  Source:                 bse_i/ps8_0_axi_periph/s00_couplers/auto_ds/inst/gen_downsizer.gen_simple_downsizer.axi_downsizer_inst/USE_WRITE.write_addr_inst/USE_B_CHANNEL.cmd_b_queue/inst/fifo_gen_inst/inst_fifo_gen/gconvfifo.rf/grf.rf/rstblk/ngwrdrst.grst.g7serrst.gnsckt_wrst.gcc_rst.sckt_wr_rst_cc_reg[0]/C
                            (rising edge-triggered cell FDRE clocked by clk_pl_0  {rise@0.000ns fall@5.000ns period=10.000ns})
  Destination:            bse_i/ps8_0_axi_periph/s00_couplers/auto_ds/inst/gen_downsizer.gen_simple_downsizer.axi_downsizer_inst/USE_WRITE.write_addr_inst/USE_B_CHANNEL.cmd_b_queue/inst/fifo_gen_inst/inst_fifo_gen/gconvfifo.rf/grf.rf/gntv_or_sync_fifo.gl0.rd/gr1.gr1_int.rfwft/gpregsm1.curr_fwft_state_reg[0]/CLR
                            (removal check against rising-edge clock clk_pl_0  {rise@0.000ns fall@5.000ns period=10.000ns})
  Path Group:             **async_default**
  Path Type:              Removal (Min at Fast Process Corner)
  Requirement:            0.000ns  (clk_pl_0 rise@0.000ns - clk_pl_0 rise@0.000ns)
  Data Path Delay:        0.187ns  (logic 0.053ns (28.342%)  route 0.134ns (71.658%))
  Logic Levels:           1  (LUT3=1)
  Clock Path Skew:        0.063ns (DCD - SCD - CPR)
    Destination Clock Delay (DCD):    1.466ns
    Source Clock Delay      (SCD):    1.274ns
    Clock Pessimism Removal (CPR):    0.129ns
  Clock Net Delay (Source):      1.135ns (routing 0.363ns, distribution 0.772ns)
  Clock Net Delay (Destination): 1.294ns (routing 0.410ns, distribution 0.884ns)

    Location             Delay type                Incr(ns)  Path(ns)    Netlist Resource(s)
  -------------------------------------------------------------------    -------------------
                         (clock clk_pl_0 rise edge)
                                                      0.000     0.000 r  
    PS8_X0Y0             PS8                          0.000     0.000 r  bse_i/zynq_ultra_ps_e_0/inst/PS8_i/PLCLK[0]
                         net (fo=1, routed)           0.122     0.122    bse_i/zynq_ultra_ps_e_0/inst/pl_clk_unbuffered[0]
    BUFG_PS_X0Y95        BUFG_PS (Prop_BUFG_PS_I_O)
                                                      0.017     0.139 r  bse_i/zynq_ultra_ps_e_0/inst/buffer_pl_clk_0.PL_CLK_0_BUFG/O
    X1Y2 (CLOCK_ROOT)    net (fo=24139, routed)       1.135     1.274    bse_i/ps8_0_axi_periph/s00_couplers/auto_ds/inst/gen_downsizer.gen_simple_downsizer.axi_downsizer_inst/USE_WRITE.write_addr_inst/USE_B_CHANNEL.cmd_b_queue/inst/fifo_gen_inst/inst_fifo_gen/gconvfifo.rf/grf.rf/rstblk/clk
    SLICE_X29Y254        FDRE                                         r  bse_i/ps8_0_axi_periph/s00_couplers/auto_ds/inst/gen_downsizer.gen_simple_downsizer.axi_downsizer_inst/USE_WRITE.write_addr_inst/USE_B_CHANNEL.cmd_b_queue/inst/fifo_gen_inst/inst_fifo_gen/gconvfifo.rf/grf.rf/rstblk/ngwrdrst.grst.g7serrst.gnsckt_wrst.gcc_rst.sckt_wr_rst_cc_reg[0]/C
  -------------------------------------------------------------------    -------------------
    SLICE_X29Y254        FDRE (Prop_HFF_SLICEM_C_Q)
                                                      0.039     1.313 f  bse_i/ps8_0_axi_periph/s00_couplers/auto_ds/inst/gen_downsizer.gen_simple_downsizer.axi_downsizer_inst/USE_WRITE.write_addr_inst/USE_B_CHANNEL.cmd_b_queue/inst/fifo_gen_inst/inst_fifo_gen/gconvfifo.rf/grf.rf/rstblk/ngwrdrst.grst.g7serrst.gnsckt_wrst.gcc_rst.sckt_wr_rst_cc_reg[0]/Q
                         net (fo=3, routed)           0.053     1.366    bse_i/ps8_0_axi_periph/s00_couplers/auto_ds/inst/gen_downsizer.gen_simple_downsizer.axi_downsizer_inst/USE_WRITE.write_addr_inst/USE_B_CHANNEL.cmd_b_queue/inst/fifo_gen_inst/inst_fifo_gen/gconvfifo.rf/grf.rf/rstblk/sckt_wr_rst_cc[0]
    SLICE_X28Y254        LUT3 (Prop_F6LUT_SLICEL_I1_O)
                                                      0.014     1.380 f  bse_i/ps8_0_axi_periph/s00_couplers/auto_ds/inst/gen_downsizer.gen_simple_downsizer.axi_downsizer_inst/USE_WRITE.write_addr_inst/USE_B_CHANNEL.cmd_b_queue/inst/fifo_gen_inst/inst_fifo_gen/gconvfifo.rf/grf.rf/rstblk/gc0.count_d1[4]_i_2/O
                         net (fo=32, routed)          0.081     1.461    bse_i/ps8_0_axi_periph/s00_couplers/auto_ds/inst/gen_downsizer.gen_simple_downsizer.axi_downsizer_inst/USE_WRITE.write_addr_inst/USE_B_CHANNEL.cmd_b_queue/inst/fifo_gen_inst/inst_fifo_gen/gconvfifo.rf/grf.rf/gntv_or_sync_fifo.gl0.rd/gr1.gr1_int.rfwft/gpregsm1.user_valid_reg_0
    SLICE_X28Y254        FDCE                                         f  bse_i/ps8_0_axi_periph/s00_couplers/auto_ds/inst/gen_downsizer.gen_simple_downsizer.axi_downsizer_inst/USE_WRITE.write_addr_inst/USE_B_CHANNEL.cmd_b_queue/inst/fifo_gen_inst/inst_fifo_gen/gconvfifo.rf/grf.rf/gntv_or_sync_fifo.gl0.rd/gr1.gr1_int.rfwft/gpregsm1.curr_fwft_state_reg[0]/CLR
  -------------------------------------------------------------------    -------------------

                         (clock clk_pl_0 rise edge)
                                                      0.000     0.000 r  
    PS8_X0Y0             PS8                          0.000     0.000 r  bse_i/zynq_ultra_ps_e_0/inst/PS8_i/PLCLK[0]
                         net (fo=1, routed)           0.154     0.154    bse_i/zynq_ultra_ps_e_0/inst/pl_clk_unbuffered[0]
    BUFG_PS_X0Y95        BUFG_PS (Prop_BUFG_PS_I_O)
                                                      0.018     0.172 r  bse_i/zynq_ultra_ps_e_0/inst/buffer_pl_clk_0.PL_CLK_0_BUFG/O
    X1Y2 (CLOCK_ROOT)    net (fo=24139, routed)       1.294     1.466    bse_i/ps8_0_axi_periph/s00_couplers/auto_ds/inst/gen_downsizer.gen_simple_downsizer.axi_downsizer_inst/USE_WRITE.write_addr_inst/USE_B_CHANNEL.cmd_b_queue/inst/fifo_gen_inst/inst_fifo_gen/gconvfifo.rf/grf.rf/gntv_or_sync_fifo.gl0.rd/gr1.gr1_int.rfwft/clk
    SLICE_X28Y254        FDCE                                         r  bse_i/ps8_0_axi_periph/s00_couplers/auto_ds/inst/gen_downsizer.gen_simple_downsizer.axi_downsizer_inst/USE_WRITE.write_addr_inst/USE_B_CHANNEL.cmd_b_queue/inst/fifo_gen_inst/inst_fifo_gen/gconvfifo.rf/grf.rf/gntv_or_sync_fifo.gl0.rd/gr1.gr1_int.rfwft/gpregsm1.curr_fwft_state_reg[0]/C
                         clock pessimism             -0.129     1.337    
    SLICE_X28Y254        FDCE (Remov_EFF_SLICEL_C_CLR)
                                                     -0.020     1.317    bse_i/ps8_0_axi_periph/s00_couplers/auto_ds/inst/gen_downsizer.gen_simple_downsizer.axi_downsizer_inst/USE_WRITE.write_addr_inst/USE_B_CHANNEL.cmd_b_queue/inst/fifo_gen_inst/inst_fifo_gen/gconvfifo.rf/grf.rf/gntv_or_sync_fifo.gl0.rd/gr1.gr1_int.rfwft/gpregsm1.curr_fwft_state_reg[0]
  -------------------------------------------------------------------
                         required time                         -1.317    
                         arrival time                           1.461    
  -------------------------------------------------------------------
                         slack                                  0.144    

Slack (MET) :             0.144ns  (arrival time - required time)
  Source:                 bse_i/ps8_0_axi_periph/s00_couplers/auto_ds/inst/gen_downsizer.gen_simple_downsizer.axi_downsizer_inst/USE_WRITE.write_addr_inst/USE_B_CHANNEL.cmd_b_queue/inst/fifo_gen_inst/inst_fifo_gen/gconvfifo.rf/grf.rf/rstblk/ngwrdrst.grst.g7serrst.gnsckt_wrst.gcc_rst.sckt_wr_rst_cc_reg[0]/C
                            (rising edge-triggered cell FDRE clocked by clk_pl_0  {rise@0.000ns fall@5.000ns period=10.000ns})
  Destination:            bse_i/ps8_0_axi_periph/s00_couplers/auto_ds/inst/gen_downsizer.gen_simple_downsizer.axi_downsizer_inst/USE_WRITE.write_addr_inst/USE_B_CHANNEL.cmd_b_queue/inst/fifo_gen_inst/inst_fifo_gen/gconvfifo.rf/grf.rf/gntv_or_sync_fifo.gl0.rd/gr1.gr1_int.rfwft/gpregsm1.user_valid_reg/CLR
                            (removal check against rising-edge clock clk_pl_0  {rise@0.000ns fall@5.000ns period=10.000ns})
  Path Group:             **async_default**
  Path Type:              Removal (Min at Fast Process Corner)
  Requirement:            0.000ns  (clk_pl_0 rise@0.000ns - clk_pl_0 rise@0.000ns)
  Data Path Delay:        0.187ns  (logic 0.053ns (28.342%)  route 0.134ns (71.658%))
  Logic Levels:           1  (LUT3=1)
  Clock Path Skew:        0.063ns (DCD - SCD - CPR)
    Destination Clock Delay (DCD):    1.466ns
    Source Clock Delay      (SCD):    1.274ns
    Clock Pessimism Removal (CPR):    0.129ns
  Clock Net Delay (Source):      1.135ns (routing 0.363ns, distribution 0.772ns)
  Clock Net Delay (Destination): 1.294ns (routing 0.410ns, distribution 0.884ns)

    Location             Delay type                Incr(ns)  Path(ns)    Netlist Resource(s)
  -------------------------------------------------------------------    -------------------
                         (clock clk_pl_0 rise edge)
                                                      0.000     0.000 r  
    PS8_X0Y0             PS8                          0.000     0.000 r  bse_i/zynq_ultra_ps_e_0/inst/PS8_i/PLCLK[0]
                         net (fo=1, routed)           0.122     0.122    bse_i/zynq_ultra_ps_e_0/inst/pl_clk_unbuffered[0]
    BUFG_PS_X0Y95        BUFG_PS (Prop_BUFG_PS_I_O)
                                                      0.017     0.139 r  bse_i/zynq_ultra_ps_e_0/inst/buffer_pl_clk_0.PL_CLK_0_BUFG/O
    X1Y2 (CLOCK_ROOT)    net (fo=24139, routed)       1.135     1.274    bse_i/ps8_0_axi_periph/s00_couplers/auto_ds/inst/gen_downsizer.gen_simple_downsizer.axi_downsizer_inst/USE_WRITE.write_addr_inst/USE_B_CHANNEL.cmd_b_queue/inst/fifo_gen_inst/inst_fifo_gen/gconvfifo.rf/grf.rf/rstblk/clk
    SLICE_X29Y254        FDRE                                         r  bse_i/ps8_0_axi_periph/s00_couplers/auto_ds/inst/gen_downsizer.gen_simple_downsizer.axi_downsizer_inst/USE_WRITE.write_addr_inst/USE_B_CHANNEL.cmd_b_queue/inst/fifo_gen_inst/inst_fifo_gen/gconvfifo.rf/grf.rf/rstblk/ngwrdrst.grst.g7serrst.gnsckt_wrst.gcc_rst.sckt_wr_rst_cc_reg[0]/C
  -------------------------------------------------------------------    -------------------
    SLICE_X29Y254        FDRE (Prop_HFF_SLICEM_C_Q)
                                                      0.039     1.313 f  bse_i/ps8_0_axi_periph/s00_couplers/auto_ds/inst/gen_downsizer.gen_simple_downsizer.axi_downsizer_inst/USE_WRITE.write_addr_inst/USE_B_CHANNEL.cmd_b_queue/inst/fifo_gen_inst/inst_fifo_gen/gconvfifo.rf/grf.rf/rstblk/ngwrdrst.grst.g7serrst.gnsckt_wrst.gcc_rst.sckt_wr_rst_cc_reg[0]/Q
                         net (fo=3, routed)           0.053     1.366    bse_i/ps8_0_axi_periph/s00_couplers/auto_ds/inst/gen_downsizer.gen_simple_downsizer.axi_downsizer_inst/USE_WRITE.write_addr_inst/USE_B_CHANNEL.cmd_b_queue/inst/fifo_gen_inst/inst_fifo_gen/gconvfifo.rf/grf.rf/rstblk/sckt_wr_rst_cc[0]
    SLICE_X28Y254        LUT3 (Prop_F6LUT_SLICEL_I1_O)
                                                      0.014     1.380 f  bse_i/ps8_0_axi_periph/s00_couplers/auto_ds/inst/gen_downsizer.gen_simple_downsizer.axi_downsizer_inst/USE_WRITE.write_addr_inst/USE_B_CHANNEL.cmd_b_queue/inst/fifo_gen_inst/inst_fifo_gen/gconvfifo.rf/grf.rf/rstblk/gc0.count_d1[4]_i_2/O
                         net (fo=32, routed)          0.081     1.461    bse_i/ps8_0_axi_periph/s00_couplers/auto_ds/inst/gen_downsizer.gen_simple_downsizer.axi_downsizer_inst/USE_WRITE.write_addr_inst/USE_B_CHANNEL.cmd_b_queue/inst/fifo_gen_inst/inst_fifo_gen/gconvfifo.rf/grf.rf/gntv_or_sync_fifo.gl0.rd/gr1.gr1_int.rfwft/gpregsm1.user_valid_reg_0
    SLICE_X28Y254        FDCE                                         f  bse_i/ps8_0_axi_periph/s00_couplers/auto_ds/inst/gen_downsizer.gen_simple_downsizer.axi_downsizer_inst/USE_WRITE.write_addr_inst/USE_B_CHANNEL.cmd_b_queue/inst/fifo_gen_inst/inst_fifo_gen/gconvfifo.rf/grf.rf/gntv_or_sync_fifo.gl0.rd/gr1.gr1_int.rfwft/gpregsm1.user_valid_reg/CLR
  -------------------------------------------------------------------    -------------------

                         (clock clk_pl_0 rise edge)
                                                      0.000     0.000 r  
    PS8_X0Y0             PS8                          0.000     0.000 r  bse_i/zynq_ultra_ps_e_0/inst/PS8_i/PLCLK[0]
                         net (fo=1, routed)           0.154     0.154    bse_i/zynq_ultra_ps_e_0/inst/pl_clk_unbuffered[0]
    BUFG_PS_X0Y95        BUFG_PS (Prop_BUFG_PS_I_O)
                                                      0.018     0.172 r  bse_i/zynq_ultra_ps_e_0/inst/buffer_pl_clk_0.PL_CLK_0_BUFG/O
    X1Y2 (CLOCK_ROOT)    net (fo=24139, routed)       1.294     1.466    bse_i/ps8_0_axi_periph/s00_couplers/auto_ds/inst/gen_downsizer.gen_simple_downsizer.axi_downsizer_inst/USE_WRITE.write_addr_inst/USE_B_CHANNEL.cmd_b_queue/inst/fifo_gen_inst/inst_fifo_gen/gconvfifo.rf/grf.rf/gntv_or_sync_fifo.gl0.rd/gr1.gr1_int.rfwft/clk
    SLICE_X28Y254        FDCE                                         r  bse_i/ps8_0_axi_periph/s00_couplers/auto_ds/inst/gen_downsizer.gen_simple_downsizer.axi_downsizer_inst/USE_WRITE.write_addr_inst/USE_B_CHANNEL.cmd_b_queue/inst/fifo_gen_inst/inst_fifo_gen/gconvfifo.rf/grf.rf/gntv_or_sync_fifo.gl0.rd/gr1.gr1_int.rfwft/gpregsm1.user_valid_reg/C
                         clock pessimism             -0.129     1.337    
    SLICE_X28Y254        FDCE (Remov_EFF2_SLICEL_C_CLR)
                                                     -0.020     1.317    bse_i/ps8_0_axi_periph/s00_couplers/auto_ds/inst/gen_downsizer.gen_simple_downsizer.axi_downsizer_inst/USE_WRITE.write_addr_inst/USE_B_CHANNEL.cmd_b_queue/inst/fifo_gen_inst/inst_fifo_gen/gconvfifo.rf/grf.rf/gntv_or_sync_fifo.gl0.rd/gr1.gr1_int.rfwft/gpregsm1.user_valid_reg
  -------------------------------------------------------------------
                         required time                         -1.317    
                         arrival time                           1.461    
  -------------------------------------------------------------------
                         slack                                  0.144    

Slack (MET) :             0.144ns  (arrival time - required time)
  Source:                 bse_i/ps8_0_axi_periph/s00_couplers/auto_ds/inst/gen_downsizer.gen_simple_downsizer.axi_downsizer_inst/USE_WRITE.write_addr_inst/USE_B_CHANNEL.cmd_b_queue/inst/fifo_gen_inst/inst_fifo_gen/gconvfifo.rf/grf.rf/rstblk/ngwrdrst.grst.g7serrst.gnsckt_wrst.gcc_rst.sckt_wr_rst_cc_reg[0]/C
                            (rising edge-triggered cell FDRE clocked by clk_pl_0  {rise@0.000ns fall@5.000ns period=10.000ns})
  Destination:            bse_i/ps8_0_axi_periph/s00_couplers/auto_ds/inst/gen_downsizer.gen_simple_downsizer.axi_downsizer_inst/USE_WRITE.write_addr_inst/USE_B_CHANNEL.cmd_b_queue/inst/fifo_gen_inst/inst_fifo_gen/gconvfifo.rf/grf.rf/gntv_or_sync_fifo.gl0.wr/wpntr/gcc0.gc0.count_d1_reg[0]/CLR
                            (removal check against rising-edge clock clk_pl_0  {rise@0.000ns fall@5.000ns period=10.000ns})
  Path Group:             **async_default**
  Path Type:              Removal (Min at Fast Process Corner)
  Requirement:            0.000ns  (clk_pl_0 rise@0.000ns - clk_pl_0 rise@0.000ns)
  Data Path Delay:        0.187ns  (logic 0.053ns (28.342%)  route 0.134ns (71.658%))
  Logic Levels:           1  (LUT3=1)
  Clock Path Skew:        0.063ns (DCD - SCD - CPR)
    Destination Clock Delay (DCD):    1.466ns
    Source Clock Delay      (SCD):    1.274ns
    Clock Pessimism Removal (CPR):    0.129ns
  Clock Net Delay (Source):      1.135ns (routing 0.363ns, distribution 0.772ns)
  Clock Net Delay (Destination): 1.294ns (routing 0.410ns, distribution 0.884ns)

    Location             Delay type                Incr(ns)  Path(ns)    Netlist Resource(s)
  -------------------------------------------------------------------    -------------------
                         (clock clk_pl_0 rise edge)
                                                      0.000     0.000 r  
    PS8_X0Y0             PS8                          0.000     0.000 r  bse_i/zynq_ultra_ps_e_0/inst/PS8_i/PLCLK[0]
                         net (fo=1, routed)           0.122     0.122    bse_i/zynq_ultra_ps_e_0/inst/pl_clk_unbuffered[0]
    BUFG_PS_X0Y95        BUFG_PS (Prop_BUFG_PS_I_O)
                                                      0.017     0.139 r  bse_i/zynq_ultra_ps_e_0/inst/buffer_pl_clk_0.PL_CLK_0_BUFG/O
    X1Y2 (CLOCK_ROOT)    net (fo=24139, routed)       1.135     1.274    bse_i/ps8_0_axi_periph/s00_couplers/auto_ds/inst/gen_downsizer.gen_simple_downsizer.axi_downsizer_inst/USE_WRITE.write_addr_inst/USE_B_CHANNEL.cmd_b_queue/inst/fifo_gen_inst/inst_fifo_gen/gconvfifo.rf/grf.rf/rstblk/clk
    SLICE_X29Y254        FDRE                                         r  bse_i/ps8_0_axi_periph/s00_couplers/auto_ds/inst/gen_downsizer.gen_simple_downsizer.axi_downsizer_inst/USE_WRITE.write_addr_inst/USE_B_CHANNEL.cmd_b_queue/inst/fifo_gen_inst/inst_fifo_gen/gconvfifo.rf/grf.rf/rstblk/ngwrdrst.grst.g7serrst.gnsckt_wrst.gcc_rst.sckt_wr_rst_cc_reg[0]/C
  -------------------------------------------------------------------    -------------------
    SLICE_X29Y254        FDRE (Prop_HFF_SLICEM_C_Q)
                                                      0.039     1.313 f  bse_i/ps8_0_axi_periph/s00_couplers/auto_ds/inst/gen_downsizer.gen_simple_downsizer.axi_downsizer_inst/USE_WRITE.write_addr_inst/USE_B_CHANNEL.cmd_b_queue/inst/fifo_gen_inst/inst_fifo_gen/gconvfifo.rf/grf.rf/rstblk/ngwrdrst.grst.g7serrst.gnsckt_wrst.gcc_rst.sckt_wr_rst_cc_reg[0]/Q
                         net (fo=3, routed)           0.053     1.366    bse_i/ps8_0_axi_periph/s00_couplers/auto_ds/inst/gen_downsizer.gen_simple_downsizer.axi_downsizer_inst/USE_WRITE.write_addr_inst/USE_B_CHANNEL.cmd_b_queue/inst/fifo_gen_inst/inst_fifo_gen/gconvfifo.rf/grf.rf/rstblk/sckt_wr_rst_cc[0]
    SLICE_X28Y254        LUT3 (Prop_F6LUT_SLICEL_I1_O)
                                                      0.014     1.380 f  bse_i/ps8_0_axi_periph/s00_couplers/auto_ds/inst/gen_downsizer.gen_simple_downsizer.axi_downsizer_inst/USE_WRITE.write_addr_inst/USE_B_CHANNEL.cmd_b_queue/inst/fifo_gen_inst/inst_fifo_gen/gconvfifo.rf/grf.rf/rstblk/gc0.count_d1[4]_i_2/O
                         net (fo=32, routed)          0.081     1.461    bse_i/ps8_0_axi_periph/s00_couplers/auto_ds/inst/gen_downsizer.gen_simple_downsizer.axi_downsizer_inst/USE_WRITE.write_addr_inst/USE_B_CHANNEL.cmd_b_queue/inst/fifo_gen_inst/inst_fifo_gen/gconvfifo.rf/grf.rf/gntv_or_sync_fifo.gl0.wr/wpntr/AR[0]
    SLICE_X27Y254        FDCE                                         f  bse_i/ps8_0_axi_periph/s00_couplers/auto_ds/inst/gen_downsizer.gen_simple_downsizer.axi_downsizer_inst/USE_WRITE.write_addr_inst/USE_B_CHANNEL.cmd_b_queue/inst/fifo_gen_inst/inst_fifo_gen/gconvfifo.rf/grf.rf/gntv_or_sync_fifo.gl0.wr/wpntr/gcc0.gc0.count_d1_reg[0]/CLR
  -------------------------------------------------------------------    -------------------

                         (clock clk_pl_0 rise edge)
                                                      0.000     0.000 r  
    PS8_X0Y0             PS8                          0.000     0.000 r  bse_i/zynq_ultra_ps_e_0/inst/PS8_i/PLCLK[0]
                         net (fo=1, routed)           0.154     0.154    bse_i/zynq_ultra_ps_e_0/inst/pl_clk_unbuffered[0]
    BUFG_PS_X0Y95        BUFG_PS (Prop_BUFG_PS_I_O)
                                                      0.018     0.172 r  bse_i/zynq_ultra_ps_e_0/inst/buffer_pl_clk_0.PL_CLK_0_BUFG/O
    X1Y2 (CLOCK_ROOT)    net (fo=24139, routed)       1.294     1.466    bse_i/ps8_0_axi_periph/s00_couplers/auto_ds/inst/gen_downsizer.gen_simple_downsizer.axi_downsizer_inst/USE_WRITE.write_addr_inst/USE_B_CHANNEL.cmd_b_queue/inst/fifo_gen_inst/inst_fifo_gen/gconvfifo.rf/grf.rf/gntv_or_sync_fifo.gl0.wr/wpntr/clk
    SLICE_X27Y254        FDCE                                         r  bse_i/ps8_0_axi_periph/s00_couplers/auto_ds/inst/gen_downsizer.gen_simple_downsizer.axi_downsizer_inst/USE_WRITE.write_addr_inst/USE_B_CHANNEL.cmd_b_queue/inst/fifo_gen_inst/inst_fifo_gen/gconvfifo.rf/grf.rf/gntv_or_sync_fifo.gl0.wr/wpntr/gcc0.gc0.count_d1_reg[0]/C
                         clock pessimism             -0.129     1.337    
    SLICE_X27Y254        FDCE (Remov_EFF_SLICEL_C_CLR)
                                                     -0.020     1.317    bse_i/ps8_0_axi_periph/s00_couplers/auto_ds/inst/gen_downsizer.gen_simple_downsizer.axi_downsizer_inst/USE_WRITE.write_addr_inst/USE_B_CHANNEL.cmd_b_queue/inst/fifo_gen_inst/inst_fifo_gen/gconvfifo.rf/grf.rf/gntv_or_sync_fifo.gl0.wr/wpntr/gcc0.gc0.count_d1_reg[0]
  -------------------------------------------------------------------
                         required time                         -1.317    
                         arrival time                           1.461    
  -------------------------------------------------------------------
                         slack                                  0.144    

Slack (MET) :             0.144ns  (arrival time - required time)
  Source:                 bse_i/ps8_0_axi_periph/s00_couplers/auto_ds/inst/gen_downsizer.gen_simple_downsizer.axi_downsizer_inst/USE_WRITE.write_addr_inst/USE_B_CHANNEL.cmd_b_queue/inst/fifo_gen_inst/inst_fifo_gen/gconvfifo.rf/grf.rf/rstblk/ngwrdrst.grst.g7serrst.gnsckt_wrst.gcc_rst.sckt_wr_rst_cc_reg[0]/C
                            (rising edge-triggered cell FDRE clocked by clk_pl_0  {rise@0.000ns fall@5.000ns period=10.000ns})
  Destination:            bse_i/ps8_0_axi_periph/s00_couplers/auto_ds/inst/gen_downsizer.gen_simple_downsizer.axi_downsizer_inst/USE_WRITE.write_addr_inst/USE_B_CHANNEL.cmd_b_queue/inst/fifo_gen_inst/inst_fifo_gen/gconvfifo.rf/grf.rf/gntv_or_sync_fifo.gl0.wr/wpntr/gcc0.gc0.count_d1_reg[1]/CLR
                            (removal check against rising-edge clock clk_pl_0  {rise@0.000ns fall@5.000ns period=10.000ns})
  Path Group:             **async_default**
  Path Type:              Removal (Min at Fast Process Corner)
  Requirement:            0.000ns  (clk_pl_0 rise@0.000ns - clk_pl_0 rise@0.000ns)
  Data Path Delay:        0.187ns  (logic 0.053ns (28.342%)  route 0.134ns (71.658%))
  Logic Levels:           1  (LUT3=1)
  Clock Path Skew:        0.063ns (DCD - SCD - CPR)
    Destination Clock Delay (DCD):    1.466ns
    Source Clock Delay      (SCD):    1.274ns
    Clock Pessimism Removal (CPR):    0.129ns
  Clock Net Delay (Source):      1.135ns (routing 0.363ns, distribution 0.772ns)
  Clock Net Delay (Destination): 1.294ns (routing 0.410ns, distribution 0.884ns)

    Location             Delay type                Incr(ns)  Path(ns)    Netlist Resource(s)
  -------------------------------------------------------------------    -------------------
                         (clock clk_pl_0 rise edge)
                                                      0.000     0.000 r  
    PS8_X0Y0             PS8                          0.000     0.000 r  bse_i/zynq_ultra_ps_e_0/inst/PS8_i/PLCLK[0]
                         net (fo=1, routed)           0.122     0.122    bse_i/zynq_ultra_ps_e_0/inst/pl_clk_unbuffered[0]
    BUFG_PS_X0Y95        BUFG_PS (Prop_BUFG_PS_I_O)
                                                      0.017     0.139 r  bse_i/zynq_ultra_ps_e_0/inst/buffer_pl_clk_0.PL_CLK_0_BUFG/O
    X1Y2 (CLOCK_ROOT)    net (fo=24139, routed)       1.135     1.274    bse_i/ps8_0_axi_periph/s00_couplers/auto_ds/inst/gen_downsizer.gen_simple_downsizer.axi_downsizer_inst/USE_WRITE.write_addr_inst/USE_B_CHANNEL.cmd_b_queue/inst/fifo_gen_inst/inst_fifo_gen/gconvfifo.rf/grf.rf/rstblk/clk
    SLICE_X29Y254        FDRE                                         r  bse_i/ps8_0_axi_periph/s00_couplers/auto_ds/inst/gen_downsizer.gen_simple_downsizer.axi_downsizer_inst/USE_WRITE.write_addr_inst/USE_B_CHANNEL.cmd_b_queue/inst/fifo_gen_inst/inst_fifo_gen/gconvfifo.rf/grf.rf/rstblk/ngwrdrst.grst.g7serrst.gnsckt_wrst.gcc_rst.sckt_wr_rst_cc_reg[0]/C
  -------------------------------------------------------------------    -------------------
    SLICE_X29Y254        FDRE (Prop_HFF_SLICEM_C_Q)
                                                      0.039     1.313 f  bse_i/ps8_0_axi_periph/s00_couplers/auto_ds/inst/gen_downsizer.gen_simple_downsizer.axi_downsizer_inst/USE_WRITE.write_addr_inst/USE_B_CHANNEL.cmd_b_queue/inst/fifo_gen_inst/inst_fifo_gen/gconvfifo.rf/grf.rf/rstblk/ngwrdrst.grst.g7serrst.gnsckt_wrst.gcc_rst.sckt_wr_rst_cc_reg[0]/Q
                         net (fo=3, routed)           0.053     1.366    bse_i/ps8_0_axi_periph/s00_couplers/auto_ds/inst/gen_downsizer.gen_simple_downsizer.axi_downsizer_inst/USE_WRITE.write_addr_inst/USE_B_CHANNEL.cmd_b_queue/inst/fifo_gen_inst/inst_fifo_gen/gconvfifo.rf/grf.rf/rstblk/sckt_wr_rst_cc[0]
    SLICE_X28Y254        LUT3 (Prop_F6LUT_SLICEL_I1_O)
                                                      0.014     1.380 f  bse_i/ps8_0_axi_periph/s00_couplers/auto_ds/inst/gen_downsizer.gen_simple_downsizer.axi_downsizer_inst/USE_WRITE.write_addr_inst/USE_B_CHANNEL.cmd_b_queue/inst/fifo_gen_inst/inst_fifo_gen/gconvfifo.rf/grf.rf/rstblk/gc0.count_d1[4]_i_2/O
                         net (fo=32, routed)          0.081     1.461    bse_i/ps8_0_axi_periph/s00_couplers/auto_ds/inst/gen_downsizer.gen_simple_downsizer.axi_downsizer_inst/USE_WRITE.write_addr_inst/USE_B_CHANNEL.cmd_b_queue/inst/fifo_gen_inst/inst_fifo_gen/gconvfifo.rf/grf.rf/gntv_or_sync_fifo.gl0.wr/wpntr/AR[0]
    SLICE_X27Y254        FDCE                                         f  bse_i/ps8_0_axi_periph/s00_couplers/auto_ds/inst/gen_downsizer.gen_simple_downsizer.axi_downsizer_inst/USE_WRITE.write_addr_inst/USE_B_CHANNEL.cmd_b_queue/inst/fifo_gen_inst/inst_fifo_gen/gconvfifo.rf/grf.rf/gntv_or_sync_fifo.gl0.wr/wpntr/gcc0.gc0.count_d1_reg[1]/CLR
  -------------------------------------------------------------------    -------------------

                         (clock clk_pl_0 rise edge)
                                                      0.000     0.000 r  
    PS8_X0Y0             PS8                          0.000     0.000 r  bse_i/zynq_ultra_ps_e_0/inst/PS8_i/PLCLK[0]
                         net (fo=1, routed)           0.154     0.154    bse_i/zynq_ultra_ps_e_0/inst/pl_clk_unbuffered[0]
    BUFG_PS_X0Y95        BUFG_PS (Prop_BUFG_PS_I_O)
                                                      0.018     0.172 r  bse_i/zynq_ultra_ps_e_0/inst/buffer_pl_clk_0.PL_CLK_0_BUFG/O
    X1Y2 (CLOCK_ROOT)    net (fo=24139, routed)       1.294     1.466    bse_i/ps8_0_axi_periph/s00_couplers/auto_ds/inst/gen_downsizer.gen_simple_downsizer.axi_downsizer_inst/USE_WRITE.write_addr_inst/USE_B_CHANNEL.cmd_b_queue/inst/fifo_gen_inst/inst_fifo_gen/gconvfifo.rf/grf.rf/gntv_or_sync_fifo.gl0.wr/wpntr/clk
    SLICE_X27Y254        FDCE                                         r  bse_i/ps8_0_axi_periph/s00_couplers/auto_ds/inst/gen_downsizer.gen_simple_downsizer.axi_downsizer_inst/USE_WRITE.write_addr_inst/USE_B_CHANNEL.cmd_b_queue/inst/fifo_gen_inst/inst_fifo_gen/gconvfifo.rf/grf.rf/gntv_or_sync_fifo.gl0.wr/wpntr/gcc0.gc0.count_d1_reg[1]/C
                         clock pessimism             -0.129     1.337    
    SLICE_X27Y254        FDCE (Remov_EFF2_SLICEL_C_CLR)
                                                     -0.020     1.317    bse_i/ps8_0_axi_periph/s00_couplers/auto_ds/inst/gen_downsizer.gen_simple_downsizer.axi_downsizer_inst/USE_WRITE.write_addr_inst/USE_B_CHANNEL.cmd_b_queue/inst/fifo_gen_inst/inst_fifo_gen/gconvfifo.rf/grf.rf/gntv_or_sync_fifo.gl0.wr/wpntr/gcc0.gc0.count_d1_reg[1]
  -------------------------------------------------------------------
                         required time                         -1.317    
                         arrival time                           1.461    
  -------------------------------------------------------------------
                         slack                                  0.144    

Slack (MET) :             0.144ns  (arrival time - required time)
  Source:                 bse_i/ps8_0_axi_periph/s00_couplers/auto_ds/inst/gen_downsizer.gen_simple_downsizer.axi_downsizer_inst/USE_WRITE.write_addr_inst/USE_B_CHANNEL.cmd_b_queue/inst/fifo_gen_inst/inst_fifo_gen/gconvfifo.rf/grf.rf/rstblk/ngwrdrst.grst.g7serrst.gnsckt_wrst.gcc_rst.sckt_wr_rst_cc_reg[0]/C
                            (rising edge-triggered cell FDRE clocked by clk_pl_0  {rise@0.000ns fall@5.000ns period=10.000ns})
  Destination:            bse_i/ps8_0_axi_periph/s00_couplers/auto_ds/inst/gen_downsizer.gen_simple_downsizer.axi_downsizer_inst/USE_WRITE.write_addr_inst/USE_B_CHANNEL.cmd_b_queue/inst/fifo_gen_inst/inst_fifo_gen/gconvfifo.rf/grf.rf/gntv_or_sync_fifo.gl0.wr/wpntr/gcc0.gc0.count_d1_reg[2]/CLR
                            (removal check against rising-edge clock clk_pl_0  {rise@0.000ns fall@5.000ns period=10.000ns})
  Path Group:             **async_default**
  Path Type:              Removal (Min at Fast Process Corner)
  Requirement:            0.000ns  (clk_pl_0 rise@0.000ns - clk_pl_0 rise@0.000ns)
  Data Path Delay:        0.187ns  (logic 0.053ns (28.342%)  route 0.134ns (71.658%))
  Logic Levels:           1  (LUT3=1)
  Clock Path Skew:        0.063ns (DCD - SCD - CPR)
    Destination Clock Delay (DCD):    1.466ns
    Source Clock Delay      (SCD):    1.274ns
    Clock Pessimism Removal (CPR):    0.129ns
  Clock Net Delay (Source):      1.135ns (routing 0.363ns, distribution 0.772ns)
  Clock Net Delay (Destination): 1.294ns (routing 0.410ns, distribution 0.884ns)

    Location             Delay type                Incr(ns)  Path(ns)    Netlist Resource(s)
  -------------------------------------------------------------------    -------------------
                         (clock clk_pl_0 rise edge)
                                                      0.000     0.000 r  
    PS8_X0Y0             PS8                          0.000     0.000 r  bse_i/zynq_ultra_ps_e_0/inst/PS8_i/PLCLK[0]
                         net (fo=1, routed)           0.122     0.122    bse_i/zynq_ultra_ps_e_0/inst/pl_clk_unbuffered[0]
    BUFG_PS_X0Y95        BUFG_PS (Prop_BUFG_PS_I_O)
                                                      0.017     0.139 r  bse_i/zynq_ultra_ps_e_0/inst/buffer_pl_clk_0.PL_CLK_0_BUFG/O
    X1Y2 (CLOCK_ROOT)    net (fo=24139, routed)       1.135     1.274    bse_i/ps8_0_axi_periph/s00_couplers/auto_ds/inst/gen_downsizer.gen_simple_downsizer.axi_downsizer_inst/USE_WRITE.write_addr_inst/USE_B_CHANNEL.cmd_b_queue/inst/fifo_gen_inst/inst_fifo_gen/gconvfifo.rf/grf.rf/rstblk/clk
    SLICE_X29Y254        FDRE                                         r  bse_i/ps8_0_axi_periph/s00_couplers/auto_ds/inst/gen_downsizer.gen_simple_downsizer.axi_downsizer_inst/USE_WRITE.write_addr_inst/USE_B_CHANNEL.cmd_b_queue/inst/fifo_gen_inst/inst_fifo_gen/gconvfifo.rf/grf.rf/rstblk/ngwrdrst.grst.g7serrst.gnsckt_wrst.gcc_rst.sckt_wr_rst_cc_reg[0]/C
  -------------------------------------------------------------------    -------------------
    SLICE_X29Y254        FDRE (Prop_HFF_SLICEM_C_Q)
                                                      0.039     1.313 f  bse_i/ps8_0_axi_periph/s00_couplers/auto_ds/inst/gen_downsizer.gen_simple_downsizer.axi_downsizer_inst/USE_WRITE.write_addr_inst/USE_B_CHANNEL.cmd_b_queue/inst/fifo_gen_inst/inst_fifo_gen/gconvfifo.rf/grf.rf/rstblk/ngwrdrst.grst.g7serrst.gnsckt_wrst.gcc_rst.sckt_wr_rst_cc_reg[0]/Q
                         net (fo=3, routed)           0.053     1.366    bse_i/ps8_0_axi_periph/s00_couplers/auto_ds/inst/gen_downsizer.gen_simple_downsizer.axi_downsizer_inst/USE_WRITE.write_addr_inst/USE_B_CHANNEL.cmd_b_queue/inst/fifo_gen_inst/inst_fifo_gen/gconvfifo.rf/grf.rf/rstblk/sckt_wr_rst_cc[0]
    SLICE_X28Y254        LUT3 (Prop_F6LUT_SLICEL_I1_O)
                                                      0.014     1.380 f  bse_i/ps8_0_axi_periph/s00_couplers/auto_ds/inst/gen_downsizer.gen_simple_downsizer.axi_downsizer_inst/USE_WRITE.write_addr_inst/USE_B_CHANNEL.cmd_b_queue/inst/fifo_gen_inst/inst_fifo_gen/gconvfifo.rf/grf.rf/rstblk/gc0.count_d1[4]_i_2/O
                         net (fo=32, routed)          0.081     1.461    bse_i/ps8_0_axi_periph/s00_couplers/auto_ds/inst/gen_downsizer.gen_simple_downsizer.axi_downsizer_inst/USE_WRITE.write_addr_inst/USE_B_CHANNEL.cmd_b_queue/inst/fifo_gen_inst/inst_fifo_gen/gconvfifo.rf/grf.rf/gntv_or_sync_fifo.gl0.wr/wpntr/AR[0]
    SLICE_X27Y254        FDCE                                         f  bse_i/ps8_0_axi_periph/s00_couplers/auto_ds/inst/gen_downsizer.gen_simple_downsizer.axi_downsizer_inst/USE_WRITE.write_addr_inst/USE_B_CHANNEL.cmd_b_queue/inst/fifo_gen_inst/inst_fifo_gen/gconvfifo.rf/grf.rf/gntv_or_sync_fifo.gl0.wr/wpntr/gcc0.gc0.count_d1_reg[2]/CLR
  -------------------------------------------------------------------    -------------------

                         (clock clk_pl_0 rise edge)
                                                      0.000     0.000 r  
    PS8_X0Y0             PS8                          0.000     0.000 r  bse_i/zynq_ultra_ps_e_0/inst/PS8_i/PLCLK[0]
                         net (fo=1, routed)           0.154     0.154    bse_i/zynq_ultra_ps_e_0/inst/pl_clk_unbuffered[0]
    BUFG_PS_X0Y95        BUFG_PS (Prop_BUFG_PS_I_O)
                                                      0.018     0.172 r  bse_i/zynq_ultra_ps_e_0/inst/buffer_pl_clk_0.PL_CLK_0_BUFG/O
    X1Y2 (CLOCK_ROOT)    net (fo=24139, routed)       1.294     1.466    bse_i/ps8_0_axi_periph/s00_couplers/auto_ds/inst/gen_downsizer.gen_simple_downsizer.axi_downsizer_inst/USE_WRITE.write_addr_inst/USE_B_CHANNEL.cmd_b_queue/inst/fifo_gen_inst/inst_fifo_gen/gconvfifo.rf/grf.rf/gntv_or_sync_fifo.gl0.wr/wpntr/clk
    SLICE_X27Y254        FDCE                                         r  bse_i/ps8_0_axi_periph/s00_couplers/auto_ds/inst/gen_downsizer.gen_simple_downsizer.axi_downsizer_inst/USE_WRITE.write_addr_inst/USE_B_CHANNEL.cmd_b_queue/inst/fifo_gen_inst/inst_fifo_gen/gconvfifo.rf/grf.rf/gntv_or_sync_fifo.gl0.wr/wpntr/gcc0.gc0.count_d1_reg[2]/C
                         clock pessimism             -0.129     1.337    
    SLICE_X27Y254        FDCE (Remov_FFF_SLICEL_C_CLR)
                                                     -0.020     1.317    bse_i/ps8_0_axi_periph/s00_couplers/auto_ds/inst/gen_downsizer.gen_simple_downsizer.axi_downsizer_inst/USE_WRITE.write_addr_inst/USE_B_CHANNEL.cmd_b_queue/inst/fifo_gen_inst/inst_fifo_gen/gconvfifo.rf/grf.rf/gntv_or_sync_fifo.gl0.wr/wpntr/gcc0.gc0.count_d1_reg[2]
  -------------------------------------------------------------------
                         required time                         -1.317    
                         arrival time                           1.461    
  -------------------------------------------------------------------
                         slack                                  0.144    

Slack (MET) :             0.144ns  (arrival time - required time)
  Source:                 bse_i/ps8_0_axi_periph/s00_couplers/auto_ds/inst/gen_downsizer.gen_simple_downsizer.axi_downsizer_inst/USE_WRITE.write_addr_inst/USE_B_CHANNEL.cmd_b_queue/inst/fifo_gen_inst/inst_fifo_gen/gconvfifo.rf/grf.rf/rstblk/ngwrdrst.grst.g7serrst.gnsckt_wrst.gcc_rst.sckt_wr_rst_cc_reg[0]/C
                            (rising edge-triggered cell FDRE clocked by clk_pl_0  {rise@0.000ns fall@5.000ns period=10.000ns})
  Destination:            bse_i/ps8_0_axi_periph/s00_couplers/auto_ds/inst/gen_downsizer.gen_simple_downsizer.axi_downsizer_inst/USE_WRITE.write_addr_inst/USE_B_CHANNEL.cmd_b_queue/inst/fifo_gen_inst/inst_fifo_gen/gconvfifo.rf/grf.rf/gntv_or_sync_fifo.gl0.wr/wpntr/gcc0.gc0.count_d1_reg[3]/CLR
                            (removal check against rising-edge clock clk_pl_0  {rise@0.000ns fall@5.000ns period=10.000ns})
  Path Group:             **async_default**
  Path Type:              Removal (Min at Fast Process Corner)
  Requirement:            0.000ns  (clk_pl_0 rise@0.000ns - clk_pl_0 rise@0.000ns)
  Data Path Delay:        0.187ns  (logic 0.053ns (28.342%)  route 0.134ns (71.658%))
  Logic Levels:           1  (LUT3=1)
  Clock Path Skew:        0.063ns (DCD - SCD - CPR)
    Destination Clock Delay (DCD):    1.466ns
    Source Clock Delay      (SCD):    1.274ns
    Clock Pessimism Removal (CPR):    0.129ns
  Clock Net Delay (Source):      1.135ns (routing 0.363ns, distribution 0.772ns)
  Clock Net Delay (Destination): 1.294ns (routing 0.410ns, distribution 0.884ns)

    Location             Delay type                Incr(ns)  Path(ns)    Netlist Resource(s)
  -------------------------------------------------------------------    -------------------
                         (clock clk_pl_0 rise edge)
                                                      0.000     0.000 r  
    PS8_X0Y0             PS8                          0.000     0.000 r  bse_i/zynq_ultra_ps_e_0/inst/PS8_i/PLCLK[0]
                         net (fo=1, routed)           0.122     0.122    bse_i/zynq_ultra_ps_e_0/inst/pl_clk_unbuffered[0]
    BUFG_PS_X0Y95        BUFG_PS (Prop_BUFG_PS_I_O)
                                                      0.017     0.139 r  bse_i/zynq_ultra_ps_e_0/inst/buffer_pl_clk_0.PL_CLK_0_BUFG/O
    X1Y2 (CLOCK_ROOT)    net (fo=24139, routed)       1.135     1.274    bse_i/ps8_0_axi_periph/s00_couplers/auto_ds/inst/gen_downsizer.gen_simple_downsizer.axi_downsizer_inst/USE_WRITE.write_addr_inst/USE_B_CHANNEL.cmd_b_queue/inst/fifo_gen_inst/inst_fifo_gen/gconvfifo.rf/grf.rf/rstblk/clk
    SLICE_X29Y254        FDRE                                         r  bse_i/ps8_0_axi_periph/s00_couplers/auto_ds/inst/gen_downsizer.gen_simple_downsizer.axi_downsizer_inst/USE_WRITE.write_addr_inst/USE_B_CHANNEL.cmd_b_queue/inst/fifo_gen_inst/inst_fifo_gen/gconvfifo.rf/grf.rf/rstblk/ngwrdrst.grst.g7serrst.gnsckt_wrst.gcc_rst.sckt_wr_rst_cc_reg[0]/C
  -------------------------------------------------------------------    -------------------
    SLICE_X29Y254        FDRE (Prop_HFF_SLICEM_C_Q)
                                                      0.039     1.313 f  bse_i/ps8_0_axi_periph/s00_couplers/auto_ds/inst/gen_downsizer.gen_simple_downsizer.axi_downsizer_inst/USE_WRITE.write_addr_inst/USE_B_CHANNEL.cmd_b_queue/inst/fifo_gen_inst/inst_fifo_gen/gconvfifo.rf/grf.rf/rstblk/ngwrdrst.grst.g7serrst.gnsckt_wrst.gcc_rst.sckt_wr_rst_cc_reg[0]/Q
                         net (fo=3, routed)           0.053     1.366    bse_i/ps8_0_axi_periph/s00_couplers/auto_ds/inst/gen_downsizer.gen_simple_downsizer.axi_downsizer_inst/USE_WRITE.write_addr_inst/USE_B_CHANNEL.cmd_b_queue/inst/fifo_gen_inst/inst_fifo_gen/gconvfifo.rf/grf.rf/rstblk/sckt_wr_rst_cc[0]
    SLICE_X28Y254        LUT3 (Prop_F6LUT_SLICEL_I1_O)
                                                      0.014     1.380 f  bse_i/ps8_0_axi_periph/s00_couplers/auto_ds/inst/gen_downsizer.gen_simple_downsizer.axi_downsizer_inst/USE_WRITE.write_addr_inst/USE_B_CHANNEL.cmd_b_queue/inst/fifo_gen_inst/inst_fifo_gen/gconvfifo.rf/grf.rf/rstblk/gc0.count_d1[4]_i_2/O
                         net (fo=32, routed)          0.081     1.461    bse_i/ps8_0_axi_periph/s00_couplers/auto_ds/inst/gen_downsizer.gen_simple_downsizer.axi_downsizer_inst/USE_WRITE.write_addr_inst/USE_B_CHANNEL.cmd_b_queue/inst/fifo_gen_inst/inst_fifo_gen/gconvfifo.rf/grf.rf/gntv_or_sync_fifo.gl0.wr/wpntr/AR[0]
    SLICE_X27Y254        FDCE                                         f  bse_i/ps8_0_axi_periph/s00_couplers/auto_ds/inst/gen_downsizer.gen_simple_downsizer.axi_downsizer_inst/USE_WRITE.write_addr_inst/USE_B_CHANNEL.cmd_b_queue/inst/fifo_gen_inst/inst_fifo_gen/gconvfifo.rf/grf.rf/gntv_or_sync_fifo.gl0.wr/wpntr/gcc0.gc0.count_d1_reg[3]/CLR
  -------------------------------------------------------------------    -------------------

                         (clock clk_pl_0 rise edge)
                                                      0.000     0.000 r  
    PS8_X0Y0             PS8                          0.000     0.000 r  bse_i/zynq_ultra_ps_e_0/inst/PS8_i/PLCLK[0]
                         net (fo=1, routed)           0.154     0.154    bse_i/zynq_ultra_ps_e_0/inst/pl_clk_unbuffered[0]
    BUFG_PS_X0Y95        BUFG_PS (Prop_BUFG_PS_I_O)
                                                      0.018     0.172 r  bse_i/zynq_ultra_ps_e_0/inst/buffer_pl_clk_0.PL_CLK_0_BUFG/O
    X1Y2 (CLOCK_ROOT)    net (fo=24139, routed)       1.294     1.466    bse_i/ps8_0_axi_periph/s00_couplers/auto_ds/inst/gen_downsizer.gen_simple_downsizer.axi_downsizer_inst/USE_WRITE.write_addr_inst/USE_B_CHANNEL.cmd_b_queue/inst/fifo_gen_inst/inst_fifo_gen/gconvfifo.rf/grf.rf/gntv_or_sync_fifo.gl0.wr/wpntr/clk
    SLICE_X27Y254        FDCE                                         r  bse_i/ps8_0_axi_periph/s00_couplers/auto_ds/inst/gen_downsizer.gen_simple_downsizer.axi_downsizer_inst/USE_WRITE.write_addr_inst/USE_B_CHANNEL.cmd_b_queue/inst/fifo_gen_inst/inst_fifo_gen/gconvfifo.rf/grf.rf/gntv_or_sync_fifo.gl0.wr/wpntr/gcc0.gc0.count_d1_reg[3]/C
                         clock pessimism             -0.129     1.337    
    SLICE_X27Y254        FDCE (Remov_FFF2_SLICEL_C_CLR)
                                                     -0.020     1.317    bse_i/ps8_0_axi_periph/s00_couplers/auto_ds/inst/gen_downsizer.gen_simple_downsizer.axi_downsizer_inst/USE_WRITE.write_addr_inst/USE_B_CHANNEL.cmd_b_queue/inst/fifo_gen_inst/inst_fifo_gen/gconvfifo.rf/grf.rf/gntv_or_sync_fifo.gl0.wr/wpntr/gcc0.gc0.count_d1_reg[3]
  -------------------------------------------------------------------
                         required time                         -1.317    
                         arrival time                           1.461    
  -------------------------------------------------------------------
                         slack                                  0.144    

Slack (MET) :             0.144ns  (arrival time - required time)
  Source:                 bse_i/ps8_0_axi_periph/s00_couplers/auto_ds/inst/gen_downsizer.gen_simple_downsizer.axi_downsizer_inst/USE_WRITE.write_addr_inst/USE_B_CHANNEL.cmd_b_queue/inst/fifo_gen_inst/inst_fifo_gen/gconvfifo.rf/grf.rf/rstblk/ngwrdrst.grst.g7serrst.gnsckt_wrst.gcc_rst.sckt_wr_rst_cc_reg[0]/C
                            (rising edge-triggered cell FDRE clocked by clk_pl_0  {rise@0.000ns fall@5.000ns period=10.000ns})
  Destination:            bse_i/ps8_0_axi_periph/s00_couplers/auto_ds/inst/gen_downsizer.gen_simple_downsizer.axi_downsizer_inst/USE_WRITE.write_addr_inst/USE_B_CHANNEL.cmd_b_queue/inst/fifo_gen_inst/inst_fifo_gen/gconvfifo.rf/grf.rf/gntv_or_sync_fifo.gl0.wr/wpntr/gcc0.gc0.count_d1_reg[4]/CLR
                            (removal check against rising-edge clock clk_pl_0  {rise@0.000ns fall@5.000ns period=10.000ns})
  Path Group:             **async_default**
  Path Type:              Removal (Min at Fast Process Corner)
  Requirement:            0.000ns  (clk_pl_0 rise@0.000ns - clk_pl_0 rise@0.000ns)
  Data Path Delay:        0.187ns  (logic 0.053ns (28.342%)  route 0.134ns (71.658%))
  Logic Levels:           1  (LUT3=1)
  Clock Path Skew:        0.063ns (DCD - SCD - CPR)
    Destination Clock Delay (DCD):    1.466ns
    Source Clock Delay      (SCD):    1.274ns
    Clock Pessimism Removal (CPR):    0.129ns
  Clock Net Delay (Source):      1.135ns (routing 0.363ns, distribution 0.772ns)
  Clock Net Delay (Destination): 1.294ns (routing 0.410ns, distribution 0.884ns)

    Location             Delay type                Incr(ns)  Path(ns)    Netlist Resource(s)
  -------------------------------------------------------------------    -------------------
                         (clock clk_pl_0 rise edge)
                                                      0.000     0.000 r  
    PS8_X0Y0             PS8                          0.000     0.000 r  bse_i/zynq_ultra_ps_e_0/inst/PS8_i/PLCLK[0]
                         net (fo=1, routed)           0.122     0.122    bse_i/zynq_ultra_ps_e_0/inst/pl_clk_unbuffered[0]
    BUFG_PS_X0Y95        BUFG_PS (Prop_BUFG_PS_I_O)
                                                      0.017     0.139 r  bse_i/zynq_ultra_ps_e_0/inst/buffer_pl_clk_0.PL_CLK_0_BUFG/O
    X1Y2 (CLOCK_ROOT)    net (fo=24139, routed)       1.135     1.274    bse_i/ps8_0_axi_periph/s00_couplers/auto_ds/inst/gen_downsizer.gen_simple_downsizer.axi_downsizer_inst/USE_WRITE.write_addr_inst/USE_B_CHANNEL.cmd_b_queue/inst/fifo_gen_inst/inst_fifo_gen/gconvfifo.rf/grf.rf/rstblk/clk
    SLICE_X29Y254        FDRE                                         r  bse_i/ps8_0_axi_periph/s00_couplers/auto_ds/inst/gen_downsizer.gen_simple_downsizer.axi_downsizer_inst/USE_WRITE.write_addr_inst/USE_B_CHANNEL.cmd_b_queue/inst/fifo_gen_inst/inst_fifo_gen/gconvfifo.rf/grf.rf/rstblk/ngwrdrst.grst.g7serrst.gnsckt_wrst.gcc_rst.sckt_wr_rst_cc_reg[0]/C
  -------------------------------------------------------------------    -------------------
    SLICE_X29Y254        FDRE (Prop_HFF_SLICEM_C_Q)
                                                      0.039     1.313 f  bse_i/ps8_0_axi_periph/s00_couplers/auto_ds/inst/gen_downsizer.gen_simple_downsizer.axi_downsizer_inst/USE_WRITE.write_addr_inst/USE_B_CHANNEL.cmd_b_queue/inst/fifo_gen_inst/inst_fifo_gen/gconvfifo.rf/grf.rf/rstblk/ngwrdrst.grst.g7serrst.gnsckt_wrst.gcc_rst.sckt_wr_rst_cc_reg[0]/Q
                         net (fo=3, routed)           0.053     1.366    bse_i/ps8_0_axi_periph/s00_couplers/auto_ds/inst/gen_downsizer.gen_simple_downsizer.axi_downsizer_inst/USE_WRITE.write_addr_inst/USE_B_CHANNEL.cmd_b_queue/inst/fifo_gen_inst/inst_fifo_gen/gconvfifo.rf/grf.rf/rstblk/sckt_wr_rst_cc[0]
    SLICE_X28Y254        LUT3 (Prop_F6LUT_SLICEL_I1_O)
                                                      0.014     1.380 f  bse_i/ps8_0_axi_periph/s00_couplers/auto_ds/inst/gen_downsizer.gen_simple_downsizer.axi_downsizer_inst/USE_WRITE.write_addr_inst/USE_B_CHANNEL.cmd_b_queue/inst/fifo_gen_inst/inst_fifo_gen/gconvfifo.rf/grf.rf/rstblk/gc0.count_d1[4]_i_2/O
                         net (fo=32, routed)          0.081     1.461    bse_i/ps8_0_axi_periph/s00_couplers/auto_ds/inst/gen_downsizer.gen_simple_downsizer.axi_downsizer_inst/USE_WRITE.write_addr_inst/USE_B_CHANNEL.cmd_b_queue/inst/fifo_gen_inst/inst_fifo_gen/gconvfifo.rf/grf.rf/gntv_or_sync_fifo.gl0.wr/wpntr/AR[0]
    SLICE_X27Y254        FDCE                                         f  bse_i/ps8_0_axi_periph/s00_couplers/auto_ds/inst/gen_downsizer.gen_simple_downsizer.axi_downsizer_inst/USE_WRITE.write_addr_inst/USE_B_CHANNEL.cmd_b_queue/inst/fifo_gen_inst/inst_fifo_gen/gconvfifo.rf/grf.rf/gntv_or_sync_fifo.gl0.wr/wpntr/gcc0.gc0.count_d1_reg[4]/CLR
  -------------------------------------------------------------------    -------------------

                         (clock clk_pl_0 rise edge)
                                                      0.000     0.000 r  
    PS8_X0Y0             PS8                          0.000     0.000 r  bse_i/zynq_ultra_ps_e_0/inst/PS8_i/PLCLK[0]
                         net (fo=1, routed)           0.154     0.154    bse_i/zynq_ultra_ps_e_0/inst/pl_clk_unbuffered[0]
    BUFG_PS_X0Y95        BUFG_PS (Prop_BUFG_PS_I_O)
                                                      0.018     0.172 r  bse_i/zynq_ultra_ps_e_0/inst/buffer_pl_clk_0.PL_CLK_0_BUFG/O
    X1Y2 (CLOCK_ROOT)    net (fo=24139, routed)       1.294     1.466    bse_i/ps8_0_axi_periph/s00_couplers/auto_ds/inst/gen_downsizer.gen_simple_downsizer.axi_downsizer_inst/USE_WRITE.write_addr_inst/USE_B_CHANNEL.cmd_b_queue/inst/fifo_gen_inst/inst_fifo_gen/gconvfifo.rf/grf.rf/gntv_or_sync_fifo.gl0.wr/wpntr/clk
    SLICE_X27Y254        FDCE                                         r  bse_i/ps8_0_axi_periph/s00_couplers/auto_ds/inst/gen_downsizer.gen_simple_downsizer.axi_downsizer_inst/USE_WRITE.write_addr_inst/USE_B_CHANNEL.cmd_b_queue/inst/fifo_gen_inst/inst_fifo_gen/gconvfifo.rf/grf.rf/gntv_or_sync_fifo.gl0.wr/wpntr/gcc0.gc0.count_d1_reg[4]/C
                         clock pessimism             -0.129     1.337    
    SLICE_X27Y254        FDCE (Remov_GFF_SLICEL_C_CLR)
                                                     -0.020     1.317    bse_i/ps8_0_axi_periph/s00_couplers/auto_ds/inst/gen_downsizer.gen_simple_downsizer.axi_downsizer_inst/USE_WRITE.write_addr_inst/USE_B_CHANNEL.cmd_b_queue/inst/fifo_gen_inst/inst_fifo_gen/gconvfifo.rf/grf.rf/gntv_or_sync_fifo.gl0.wr/wpntr/gcc0.gc0.count_d1_reg[4]
  -------------------------------------------------------------------
                         required time                         -1.317    
                         arrival time                           1.461    
  -------------------------------------------------------------------
                         slack                                  0.144    

Slack (MET) :             0.144ns  (arrival time - required time)
  Source:                 bse_i/ps8_0_axi_periph/s00_couplers/auto_ds/inst/gen_downsizer.gen_simple_downsizer.axi_downsizer_inst/USE_WRITE.write_addr_inst/USE_B_CHANNEL.cmd_b_queue/inst/fifo_gen_inst/inst_fifo_gen/gconvfifo.rf/grf.rf/rstblk/ngwrdrst.grst.g7serrst.gnsckt_wrst.gcc_rst.sckt_wr_rst_cc_reg[0]/C
                            (rising edge-triggered cell FDRE clocked by clk_pl_0  {rise@0.000ns fall@5.000ns period=10.000ns})
  Destination:            bse_i/ps8_0_axi_periph/s00_couplers/auto_ds/inst/gen_downsizer.gen_simple_downsizer.axi_downsizer_inst/USE_WRITE.write_addr_inst/USE_B_CHANNEL.cmd_b_queue/inst/fifo_gen_inst/inst_fifo_gen/gconvfifo.rf/grf.rf/gntv_or_sync_fifo.gl0.wr/wpntr/gcc0.gc0.count_reg[1]/CLR
                            (removal check against rising-edge clock clk_pl_0  {rise@0.000ns fall@5.000ns period=10.000ns})
  Path Group:             **async_default**
  Path Type:              Removal (Min at Fast Process Corner)
  Requirement:            0.000ns  (clk_pl_0 rise@0.000ns - clk_pl_0 rise@0.000ns)
  Data Path Delay:        0.187ns  (logic 0.053ns (28.342%)  route 0.134ns (71.658%))
  Logic Levels:           1  (LUT3=1)
  Clock Path Skew:        0.063ns (DCD - SCD - CPR)
    Destination Clock Delay (DCD):    1.466ns
    Source Clock Delay      (SCD):    1.274ns
    Clock Pessimism Removal (CPR):    0.129ns
  Clock Net Delay (Source):      1.135ns (routing 0.363ns, distribution 0.772ns)
  Clock Net Delay (Destination): 1.294ns (routing 0.410ns, distribution 0.884ns)

    Location             Delay type                Incr(ns)  Path(ns)    Netlist Resource(s)
  -------------------------------------------------------------------    -------------------
                         (clock clk_pl_0 rise edge)
                                                      0.000     0.000 r  
    PS8_X0Y0             PS8                          0.000     0.000 r  bse_i/zynq_ultra_ps_e_0/inst/PS8_i/PLCLK[0]
                         net (fo=1, routed)           0.122     0.122    bse_i/zynq_ultra_ps_e_0/inst/pl_clk_unbuffered[0]
    BUFG_PS_X0Y95        BUFG_PS (Prop_BUFG_PS_I_O)
                                                      0.017     0.139 r  bse_i/zynq_ultra_ps_e_0/inst/buffer_pl_clk_0.PL_CLK_0_BUFG/O
    X1Y2 (CLOCK_ROOT)    net (fo=24139, routed)       1.135     1.274    bse_i/ps8_0_axi_periph/s00_couplers/auto_ds/inst/gen_downsizer.gen_simple_downsizer.axi_downsizer_inst/USE_WRITE.write_addr_inst/USE_B_CHANNEL.cmd_b_queue/inst/fifo_gen_inst/inst_fifo_gen/gconvfifo.rf/grf.rf/rstblk/clk
    SLICE_X29Y254        FDRE                                         r  bse_i/ps8_0_axi_periph/s00_couplers/auto_ds/inst/gen_downsizer.gen_simple_downsizer.axi_downsizer_inst/USE_WRITE.write_addr_inst/USE_B_CHANNEL.cmd_b_queue/inst/fifo_gen_inst/inst_fifo_gen/gconvfifo.rf/grf.rf/rstblk/ngwrdrst.grst.g7serrst.gnsckt_wrst.gcc_rst.sckt_wr_rst_cc_reg[0]/C
  -------------------------------------------------------------------    -------------------
    SLICE_X29Y254        FDRE (Prop_HFF_SLICEM_C_Q)
                                                      0.039     1.313 f  bse_i/ps8_0_axi_periph/s00_couplers/auto_ds/inst/gen_downsizer.gen_simple_downsizer.axi_downsizer_inst/USE_WRITE.write_addr_inst/USE_B_CHANNEL.cmd_b_queue/inst/fifo_gen_inst/inst_fifo_gen/gconvfifo.rf/grf.rf/rstblk/ngwrdrst.grst.g7serrst.gnsckt_wrst.gcc_rst.sckt_wr_rst_cc_reg[0]/Q
                         net (fo=3, routed)           0.053     1.366    bse_i/ps8_0_axi_periph/s00_couplers/auto_ds/inst/gen_downsizer.gen_simple_downsizer.axi_downsizer_inst/USE_WRITE.write_addr_inst/USE_B_CHANNEL.cmd_b_queue/inst/fifo_gen_inst/inst_fifo_gen/gconvfifo.rf/grf.rf/rstblk/sckt_wr_rst_cc[0]
    SLICE_X28Y254        LUT3 (Prop_F6LUT_SLICEL_I1_O)
                                                      0.014     1.380 f  bse_i/ps8_0_axi_periph/s00_couplers/auto_ds/inst/gen_downsizer.gen_simple_downsizer.axi_downsizer_inst/USE_WRITE.write_addr_inst/USE_B_CHANNEL.cmd_b_queue/inst/fifo_gen_inst/inst_fifo_gen/gconvfifo.rf/grf.rf/rstblk/gc0.count_d1[4]_i_2/O
                         net (fo=32, routed)          0.081     1.461    bse_i/ps8_0_axi_periph/s00_couplers/auto_ds/inst/gen_downsizer.gen_simple_downsizer.axi_downsizer_inst/USE_WRITE.write_addr_inst/USE_B_CHANNEL.cmd_b_queue/inst/fifo_gen_inst/inst_fifo_gen/gconvfifo.rf/grf.rf/gntv_or_sync_fifo.gl0.wr/wpntr/AR[0]
    SLICE_X27Y254        FDCE                                         f  bse_i/ps8_0_axi_periph/s00_couplers/auto_ds/inst/gen_downsizer.gen_simple_downsizer.axi_downsizer_inst/USE_WRITE.write_addr_inst/USE_B_CHANNEL.cmd_b_queue/inst/fifo_gen_inst/inst_fifo_gen/gconvfifo.rf/grf.rf/gntv_or_sync_fifo.gl0.wr/wpntr/gcc0.gc0.count_reg[1]/CLR
  -------------------------------------------------------------------    -------------------

                         (clock clk_pl_0 rise edge)
                                                      0.000     0.000 r  
    PS8_X0Y0             PS8                          0.000     0.000 r  bse_i/zynq_ultra_ps_e_0/inst/PS8_i/PLCLK[0]
                         net (fo=1, routed)           0.154     0.154    bse_i/zynq_ultra_ps_e_0/inst/pl_clk_unbuffered[0]
    BUFG_PS_X0Y95        BUFG_PS (Prop_BUFG_PS_I_O)
                                                      0.018     0.172 r  bse_i/zynq_ultra_ps_e_0/inst/buffer_pl_clk_0.PL_CLK_0_BUFG/O
    X1Y2 (CLOCK_ROOT)    net (fo=24139, routed)       1.294     1.466    bse_i/ps8_0_axi_periph/s00_couplers/auto_ds/inst/gen_downsizer.gen_simple_downsizer.axi_downsizer_inst/USE_WRITE.write_addr_inst/USE_B_CHANNEL.cmd_b_queue/inst/fifo_gen_inst/inst_fifo_gen/gconvfifo.rf/grf.rf/gntv_or_sync_fifo.gl0.wr/wpntr/clk
    SLICE_X27Y254        FDCE                                         r  bse_i/ps8_0_axi_periph/s00_couplers/auto_ds/inst/gen_downsizer.gen_simple_downsizer.axi_downsizer_inst/USE_WRITE.write_addr_inst/USE_B_CHANNEL.cmd_b_queue/inst/fifo_gen_inst/inst_fifo_gen/gconvfifo.rf/grf.rf/gntv_or_sync_fifo.gl0.wr/wpntr/gcc0.gc0.count_reg[1]/C
                         clock pessimism             -0.129     1.337    
    SLICE_X27Y254        FDCE (Remov_GFF2_SLICEL_C_CLR)
                                                     -0.020     1.317    bse_i/ps8_0_axi_periph/s00_couplers/auto_ds/inst/gen_downsizer.gen_simple_downsizer.axi_downsizer_inst/USE_WRITE.write_addr_inst/USE_B_CHANNEL.cmd_b_queue/inst/fifo_gen_inst/inst_fifo_gen/gconvfifo.rf/grf.rf/gntv_or_sync_fifo.gl0.wr/wpntr/gcc0.gc0.count_reg[1]
  -------------------------------------------------------------------
                         required time                         -1.317    
                         arrival time                           1.461    
  -------------------------------------------------------------------
                         slack                                  0.144    

Slack (MET) :             0.148ns  (arrival time - required time)
  Source:                 bse_i/ps8_0_axi_periph/s00_couplers/auto_ds/inst/gen_downsizer.gen_simple_downsizer.axi_downsizer_inst/USE_WRITE.write_addr_inst/USE_B_CHANNEL.cmd_b_queue/inst/fifo_gen_inst/inst_fifo_gen/gconvfifo.rf/grf.rf/rstblk/ngwrdrst.grst.g7serrst.gnsckt_wrst.gcc_rst.sckt_wr_rst_cc_reg[0]/C
                            (rising edge-triggered cell FDRE clocked by clk_pl_0  {rise@0.000ns fall@5.000ns period=10.000ns})
  Destination:            bse_i/ps8_0_axi_periph/s00_couplers/auto_ds/inst/gen_downsizer.gen_simple_downsizer.axi_downsizer_inst/USE_WRITE.write_addr_inst/USE_B_CHANNEL.cmd_b_queue/inst/fifo_gen_inst/inst_fifo_gen/gconvfifo.rf/grf.rf/gntv_or_sync_fifo.gl0.rd/gr1.gr1_int.rfwft/empty_fwft_fb_o_i_reg/PRE
                            (removal check against rising-edge clock clk_pl_0  {rise@0.000ns fall@5.000ns period=10.000ns})
  Path Group:             **async_default**
  Path Type:              Removal (Min at Fast Process Corner)
  Requirement:            0.000ns  (clk_pl_0 rise@0.000ns - clk_pl_0 rise@0.000ns)
  Data Path Delay:        0.187ns  (logic 0.053ns (28.342%)  route 0.134ns (71.658%))
  Logic Levels:           1  (LUT3=1)
  Clock Path Skew:        0.059ns (DCD - SCD - CPR)
    Destination Clock Delay (DCD):    1.462ns
    Source Clock Delay      (SCD):    1.274ns
    Clock Pessimism Removal (CPR):    0.129ns
  Clock Net Delay (Source):      1.135ns (routing 0.363ns, distribution 0.772ns)
  Clock Net Delay (Destination): 1.290ns (routing 0.410ns, distribution 0.880ns)

    Location             Delay type                Incr(ns)  Path(ns)    Netlist Resource(s)
  -------------------------------------------------------------------    -------------------
                         (clock clk_pl_0 rise edge)
                                                      0.000     0.000 r  
    PS8_X0Y0             PS8                          0.000     0.000 r  bse_i/zynq_ultra_ps_e_0/inst/PS8_i/PLCLK[0]
                         net (fo=1, routed)           0.122     0.122    bse_i/zynq_ultra_ps_e_0/inst/pl_clk_unbuffered[0]
    BUFG_PS_X0Y95        BUFG_PS (Prop_BUFG_PS_I_O)
                                                      0.017     0.139 r  bse_i/zynq_ultra_ps_e_0/inst/buffer_pl_clk_0.PL_CLK_0_BUFG/O
    X1Y2 (CLOCK_ROOT)    net (fo=24139, routed)       1.135     1.274    bse_i/ps8_0_axi_periph/s00_couplers/auto_ds/inst/gen_downsizer.gen_simple_downsizer.axi_downsizer_inst/USE_WRITE.write_addr_inst/USE_B_CHANNEL.cmd_b_queue/inst/fifo_gen_inst/inst_fifo_gen/gconvfifo.rf/grf.rf/rstblk/clk
    SLICE_X29Y254        FDRE                                         r  bse_i/ps8_0_axi_periph/s00_couplers/auto_ds/inst/gen_downsizer.gen_simple_downsizer.axi_downsizer_inst/USE_WRITE.write_addr_inst/USE_B_CHANNEL.cmd_b_queue/inst/fifo_gen_inst/inst_fifo_gen/gconvfifo.rf/grf.rf/rstblk/ngwrdrst.grst.g7serrst.gnsckt_wrst.gcc_rst.sckt_wr_rst_cc_reg[0]/C
  -------------------------------------------------------------------    -------------------
    SLICE_X29Y254        FDRE (Prop_HFF_SLICEM_C_Q)
                                                      0.039     1.313 f  bse_i/ps8_0_axi_periph/s00_couplers/auto_ds/inst/gen_downsizer.gen_simple_downsizer.axi_downsizer_inst/USE_WRITE.write_addr_inst/USE_B_CHANNEL.cmd_b_queue/inst/fifo_gen_inst/inst_fifo_gen/gconvfifo.rf/grf.rf/rstblk/ngwrdrst.grst.g7serrst.gnsckt_wrst.gcc_rst.sckt_wr_rst_cc_reg[0]/Q
                         net (fo=3, routed)           0.053     1.366    bse_i/ps8_0_axi_periph/s00_couplers/auto_ds/inst/gen_downsizer.gen_simple_downsizer.axi_downsizer_inst/USE_WRITE.write_addr_inst/USE_B_CHANNEL.cmd_b_queue/inst/fifo_gen_inst/inst_fifo_gen/gconvfifo.rf/grf.rf/rstblk/sckt_wr_rst_cc[0]
    SLICE_X28Y254        LUT3 (Prop_F6LUT_SLICEL_I1_O)
                                                      0.014     1.380 f  bse_i/ps8_0_axi_periph/s00_couplers/auto_ds/inst/gen_downsizer.gen_simple_downsizer.axi_downsizer_inst/USE_WRITE.write_addr_inst/USE_B_CHANNEL.cmd_b_queue/inst/fifo_gen_inst/inst_fifo_gen/gconvfifo.rf/grf.rf/rstblk/gc0.count_d1[4]_i_2/O
                         net (fo=32, routed)          0.081     1.461    bse_i/ps8_0_axi_periph/s00_couplers/auto_ds/inst/gen_downsizer.gen_simple_downsizer.axi_downsizer_inst/USE_WRITE.write_addr_inst/USE_B_CHANNEL.cmd_b_queue/inst/fifo_gen_inst/inst_fifo_gen/gconvfifo.rf/grf.rf/gntv_or_sync_fifo.gl0.rd/gr1.gr1_int.rfwft/gpregsm1.user_valid_reg_0
    SLICE_X28Y254        FDPE                                         f  bse_i/ps8_0_axi_periph/s00_couplers/auto_ds/inst/gen_downsizer.gen_simple_downsizer.axi_downsizer_inst/USE_WRITE.write_addr_inst/USE_B_CHANNEL.cmd_b_queue/inst/fifo_gen_inst/inst_fifo_gen/gconvfifo.rf/grf.rf/gntv_or_sync_fifo.gl0.rd/gr1.gr1_int.rfwft/empty_fwft_fb_o_i_reg/PRE
  -------------------------------------------------------------------    -------------------

                         (clock clk_pl_0 rise edge)
                                                      0.000     0.000 r  
    PS8_X0Y0             PS8                          0.000     0.000 r  bse_i/zynq_ultra_ps_e_0/inst/PS8_i/PLCLK[0]
                         net (fo=1, routed)           0.154     0.154    bse_i/zynq_ultra_ps_e_0/inst/pl_clk_unbuffered[0]
    BUFG_PS_X0Y95        BUFG_PS (Prop_BUFG_PS_I_O)
                                                      0.018     0.172 r  bse_i/zynq_ultra_ps_e_0/inst/buffer_pl_clk_0.PL_CLK_0_BUFG/O
    X1Y2 (CLOCK_ROOT)    net (fo=24139, routed)       1.290     1.462    bse_i/ps8_0_axi_periph/s00_couplers/auto_ds/inst/gen_downsizer.gen_simple_downsizer.axi_downsizer_inst/USE_WRITE.write_addr_inst/USE_B_CHANNEL.cmd_b_queue/inst/fifo_gen_inst/inst_fifo_gen/gconvfifo.rf/grf.rf/gntv_or_sync_fifo.gl0.rd/gr1.gr1_int.rfwft/clk
    SLICE_X28Y254        FDPE                                         r  bse_i/ps8_0_axi_periph/s00_couplers/auto_ds/inst/gen_downsizer.gen_simple_downsizer.axi_downsizer_inst/USE_WRITE.write_addr_inst/USE_B_CHANNEL.cmd_b_queue/inst/fifo_gen_inst/inst_fifo_gen/gconvfifo.rf/grf.rf/gntv_or_sync_fifo.gl0.rd/gr1.gr1_int.rfwft/empty_fwft_fb_o_i_reg/C
                         clock pessimism             -0.129     1.333    
    SLICE_X28Y254        FDPE (Remov_DFF2_SLICEL_C_PRE)
                                                     -0.020     1.313    bse_i/ps8_0_axi_periph/s00_couplers/auto_ds/inst/gen_downsizer.gen_simple_downsizer.axi_downsizer_inst/USE_WRITE.write_addr_inst/USE_B_CHANNEL.cmd_b_queue/inst/fifo_gen_inst/inst_fifo_gen/gconvfifo.rf/grf.rf/gntv_or_sync_fifo.gl0.rd/gr1.gr1_int.rfwft/empty_fwft_fb_o_i_reg
  -------------------------------------------------------------------
                         required time                         -1.313    
                         arrival time                           1.461    
  -------------------------------------------------------------------
                         slack                                  0.148    

Slack (MET) :             0.148ns  (arrival time - required time)
  Source:                 bse_i/ps8_0_axi_periph/s00_couplers/auto_ds/inst/gen_downsizer.gen_simple_downsizer.axi_downsizer_inst/USE_WRITE.write_addr_inst/USE_B_CHANNEL.cmd_b_queue/inst/fifo_gen_inst/inst_fifo_gen/gconvfifo.rf/grf.rf/rstblk/ngwrdrst.grst.g7serrst.gnsckt_wrst.gcc_rst.sckt_wr_rst_cc_reg[0]/C
                            (rising edge-triggered cell FDRE clocked by clk_pl_0  {rise@0.000ns fall@5.000ns period=10.000ns})
  Destination:            bse_i/ps8_0_axi_periph/s00_couplers/auto_ds/inst/gen_downsizer.gen_simple_downsizer.axi_downsizer_inst/USE_WRITE.write_addr_inst/USE_B_CHANNEL.cmd_b_queue/inst/fifo_gen_inst/inst_fifo_gen/gconvfifo.rf/grf.rf/gntv_or_sync_fifo.gl0.rd/gr1.gr1_int.rfwft/gpregsm1.curr_fwft_state_reg[1]/CLR
                            (removal check against rising-edge clock clk_pl_0  {rise@0.000ns fall@5.000ns period=10.000ns})
  Path Group:             **async_default**
  Path Type:              Removal (Min at Fast Process Corner)
  Requirement:            0.000ns  (clk_pl_0 rise@0.000ns - clk_pl_0 rise@0.000ns)
  Data Path Delay:        0.187ns  (logic 0.053ns (28.342%)  route 0.134ns (71.658%))
  Logic Levels:           1  (LUT3=1)
  Clock Path Skew:        0.059ns (DCD - SCD - CPR)
    Destination Clock Delay (DCD):    1.462ns
    Source Clock Delay      (SCD):    1.274ns
    Clock Pessimism Removal (CPR):    0.129ns
  Clock Net Delay (Source):      1.135ns (routing 0.363ns, distribution 0.772ns)
  Clock Net Delay (Destination): 1.290ns (routing 0.410ns, distribution 0.880ns)

    Location             Delay type                Incr(ns)  Path(ns)    Netlist Resource(s)
  -------------------------------------------------------------------    -------------------
                         (clock clk_pl_0 rise edge)
                                                      0.000     0.000 r  
    PS8_X0Y0             PS8                          0.000     0.000 r  bse_i/zynq_ultra_ps_e_0/inst/PS8_i/PLCLK[0]
                         net (fo=1, routed)           0.122     0.122    bse_i/zynq_ultra_ps_e_0/inst/pl_clk_unbuffered[0]
    BUFG_PS_X0Y95        BUFG_PS (Prop_BUFG_PS_I_O)
                                                      0.017     0.139 r  bse_i/zynq_ultra_ps_e_0/inst/buffer_pl_clk_0.PL_CLK_0_BUFG/O
    X1Y2 (CLOCK_ROOT)    net (fo=24139, routed)       1.135     1.274    bse_i/ps8_0_axi_periph/s00_couplers/auto_ds/inst/gen_downsizer.gen_simple_downsizer.axi_downsizer_inst/USE_WRITE.write_addr_inst/USE_B_CHANNEL.cmd_b_queue/inst/fifo_gen_inst/inst_fifo_gen/gconvfifo.rf/grf.rf/rstblk/clk
    SLICE_X29Y254        FDRE                                         r  bse_i/ps8_0_axi_periph/s00_couplers/auto_ds/inst/gen_downsizer.gen_simple_downsizer.axi_downsizer_inst/USE_WRITE.write_addr_inst/USE_B_CHANNEL.cmd_b_queue/inst/fifo_gen_inst/inst_fifo_gen/gconvfifo.rf/grf.rf/rstblk/ngwrdrst.grst.g7serrst.gnsckt_wrst.gcc_rst.sckt_wr_rst_cc_reg[0]/C
  -------------------------------------------------------------------    -------------------
    SLICE_X29Y254        FDRE (Prop_HFF_SLICEM_C_Q)
                                                      0.039     1.313 f  bse_i/ps8_0_axi_periph/s00_couplers/auto_ds/inst/gen_downsizer.gen_simple_downsizer.axi_downsizer_inst/USE_WRITE.write_addr_inst/USE_B_CHANNEL.cmd_b_queue/inst/fifo_gen_inst/inst_fifo_gen/gconvfifo.rf/grf.rf/rstblk/ngwrdrst.grst.g7serrst.gnsckt_wrst.gcc_rst.sckt_wr_rst_cc_reg[0]/Q
                         net (fo=3, routed)           0.053     1.366    bse_i/ps8_0_axi_periph/s00_couplers/auto_ds/inst/gen_downsizer.gen_simple_downsizer.axi_downsizer_inst/USE_WRITE.write_addr_inst/USE_B_CHANNEL.cmd_b_queue/inst/fifo_gen_inst/inst_fifo_gen/gconvfifo.rf/grf.rf/rstblk/sckt_wr_rst_cc[0]
    SLICE_X28Y254        LUT3 (Prop_F6LUT_SLICEL_I1_O)
                                                      0.014     1.380 f  bse_i/ps8_0_axi_periph/s00_couplers/auto_ds/inst/gen_downsizer.gen_simple_downsizer.axi_downsizer_inst/USE_WRITE.write_addr_inst/USE_B_CHANNEL.cmd_b_queue/inst/fifo_gen_inst/inst_fifo_gen/gconvfifo.rf/grf.rf/rstblk/gc0.count_d1[4]_i_2/O
                         net (fo=32, routed)          0.081     1.461    bse_i/ps8_0_axi_periph/s00_couplers/auto_ds/inst/gen_downsizer.gen_simple_downsizer.axi_downsizer_inst/USE_WRITE.write_addr_inst/USE_B_CHANNEL.cmd_b_queue/inst/fifo_gen_inst/inst_fifo_gen/gconvfifo.rf/grf.rf/gntv_or_sync_fifo.gl0.rd/gr1.gr1_int.rfwft/gpregsm1.user_valid_reg_0
    SLICE_X27Y254        FDCE                                         f  bse_i/ps8_0_axi_periph/s00_couplers/auto_ds/inst/gen_downsizer.gen_simple_downsizer.axi_downsizer_inst/USE_WRITE.write_addr_inst/USE_B_CHANNEL.cmd_b_queue/inst/fifo_gen_inst/inst_fifo_gen/gconvfifo.rf/grf.rf/gntv_or_sync_fifo.gl0.rd/gr1.gr1_int.rfwft/gpregsm1.curr_fwft_state_reg[1]/CLR
  -------------------------------------------------------------------    -------------------

                         (clock clk_pl_0 rise edge)
                                                      0.000     0.000 r  
    PS8_X0Y0             PS8                          0.000     0.000 r  bse_i/zynq_ultra_ps_e_0/inst/PS8_i/PLCLK[0]
                         net (fo=1, routed)           0.154     0.154    bse_i/zynq_ultra_ps_e_0/inst/pl_clk_unbuffered[0]
    BUFG_PS_X0Y95        BUFG_PS (Prop_BUFG_PS_I_O)
                                                      0.018     0.172 r  bse_i/zynq_ultra_ps_e_0/inst/buffer_pl_clk_0.PL_CLK_0_BUFG/O
    X1Y2 (CLOCK_ROOT)    net (fo=24139, routed)       1.290     1.462    bse_i/ps8_0_axi_periph/s00_couplers/auto_ds/inst/gen_downsizer.gen_simple_downsizer.axi_downsizer_inst/USE_WRITE.write_addr_inst/USE_B_CHANNEL.cmd_b_queue/inst/fifo_gen_inst/inst_fifo_gen/gconvfifo.rf/grf.rf/gntv_or_sync_fifo.gl0.rd/gr1.gr1_int.rfwft/clk
    SLICE_X27Y254        FDCE                                         r  bse_i/ps8_0_axi_periph/s00_couplers/auto_ds/inst/gen_downsizer.gen_simple_downsizer.axi_downsizer_inst/USE_WRITE.write_addr_inst/USE_B_CHANNEL.cmd_b_queue/inst/fifo_gen_inst/inst_fifo_gen/gconvfifo.rf/grf.rf/gntv_or_sync_fifo.gl0.rd/gr1.gr1_int.rfwft/gpregsm1.curr_fwft_state_reg[1]/C
                         clock pessimism             -0.129     1.333    
    SLICE_X27Y254        FDCE (Remov_DFF2_SLICEL_C_CLR)
                                                     -0.020     1.313    bse_i/ps8_0_axi_periph/s00_couplers/auto_ds/inst/gen_downsizer.gen_simple_downsizer.axi_downsizer_inst/USE_WRITE.write_addr_inst/USE_B_CHANNEL.cmd_b_queue/inst/fifo_gen_inst/inst_fifo_gen/gconvfifo.rf/grf.rf/gntv_or_sync_fifo.gl0.rd/gr1.gr1_int.rfwft/gpregsm1.curr_fwft_state_reg[1]
  -------------------------------------------------------------------
                         required time                         -1.313    
                         arrival time                           1.461    
  -------------------------------------------------------------------
                         slack                                  0.148    





