
*** Running vivado
    with args -log bse_byte_statistics_engi_0_0.vds -m64 -product Vivado -mode batch -messageDb vivado.pb -notrace -source bse_byte_statistics_engi_0_0.tcl


****** Vivado v2018.3 (64-bit)
  **** SW Build 2405991 on Thu Dec  6 23:38:27 MST 2018
  **** IP Build 2404404 on Fri Dec  7 01:43:56 MST 2018
    ** Copyright 1986-2018 Xilinx, Inc. All Rights Reserved.

source bse_byte_statistics_engi_0_0.tcl -notrace
INFO: [IP_Flow 19-234] Refreshing IP repositories
INFO: [IP_Flow 19-1700] Loaded user IP repository 'c:/Users/mcrye/AppData/Roaming/Xilinx/Vivado/bse_zcu104/solution1/impl/ip'.
INFO: [IP_Flow 19-2313] Loaded Vivado IP repository 'C:/Xilinx/Vivado/2018.3/data/ip'.
Command: synth_design -top bse_byte_statistics_engi_0_0 -part xczu7ev-ffvc1156-2-e -mode out_of_context
Starting synth_design
Attempting to get a license for feature 'Synthesis' and/or device 'xczu7ev'
INFO: [Common 17-349] Got license for feature 'Synthesis' and/or device 'xczu7ev'
INFO: Launching helper process for spawning children vivado processes
INFO: Helper process launched with PID 15236 
---------------------------------------------------------------------------------
Starting RTL Elaboration : Time (s): cpu = 00:00:07 ; elapsed = 00:00:08 . Memory (MB): peak = 389.586 ; gain = 104.141
---------------------------------------------------------------------------------
INFO: [Synth 8-6157] synthesizing module 'bse_byte_statistics_engi_0_0' [c:/Users/mcrye/Downloads/bladei_bse_zcu104/bladei_bse_zcu104.srcs/sources_1/bd/bse/ip/bse_byte_statistics_engi_0_0/synth/bse_byte_statistics_engi_0_0.v:58]
INFO: [Synth 8-6157] synthesizing module 'byte_statistics_engine' [c:/Users/mcrye/Downloads/bladei_bse_zcu104/bladei_bse_zcu104.srcs/sources_1/bd/bse/ipshared/de07/hdl/verilog/byte_statistics_engine.v:12]
	Parameter ap_ST_fsm_state1 bound to: 203'b00000000000000000000000000000000000000000000000000000000000000000000000000000000000000000000000000000000000000000000000000000000000000000000000000000000000000000000000000000000000000000000000000000000001 
	Parameter ap_ST_fsm_state2 bound to: 203'b00000000000000000000000000000000000000000000000000000000000000000000000000000000000000000000000000000000000000000000000000000000000000000000000000000000000000000000000000000000000000000000000000000000010 
	Parameter ap_ST_fsm_state3 bound to: 203'b00000000000000000000000000000000000000000000000000000000000000000000000000000000000000000000000000000000000000000000000000000000000000000000000000000000000000000000000000000000000000000000000000000000100 
	Parameter ap_ST_fsm_state4 bound to: 203'b00000000000000000000000000000000000000000000000000000000000000000000000000000000000000000000000000000000000000000000000000000000000000000000000000000000000000000000000000000000000000000000000000000001000 
	Parameter ap_ST_fsm_state5 bound to: 203'b00000000000000000000000000000000000000000000000000000000000000000000000000000000000000000000000000000000000000000000000000000000000000000000000000000000000000000000000000000000000000000000000000000010000 
	Parameter ap_ST_fsm_state6 bound to: 203'b00000000000000000000000000000000000000000000000000000000000000000000000000000000000000000000000000000000000000000000000000000000000000000000000000000000000000000000000000000000000000000000000000000100000 
	Parameter ap_ST_fsm_state7 bound to: 203'b00000000000000000000000000000000000000000000000000000000000000000000000000000000000000000000000000000000000000000000000000000000000000000000000000000000000000000000000000000000000000000000000000001000000 
	Parameter ap_ST_fsm_state8 bound to: 203'b00000000000000000000000000000000000000000000000000000000000000000000000000000000000000000000000000000000000000000000000000000000000000000000000000000000000000000000000000000000000000000000000000010000000 
	Parameter ap_ST_fsm_state9 bound to: 203'b00000000000000000000000000000000000000000000000000000000000000000000000000000000000000000000000000000000000000000000000000000000000000000000000000000000000000000000000000000000000000000000000000100000000 
	Parameter ap_ST_fsm_state10 bound to: 203'b00000000000000000000000000000000000000000000000000000000000000000000000000000000000000000000000000000000000000000000000000000000000000000000000000000000000000000000000000000000000000000000000001000000000 
	Parameter ap_ST_fsm_state11 bound to: 203'b00000000000000000000000000000000000000000000000000000000000000000000000000000000000000000000000000000000000000000000000000000000000000000000000000000000000000000000000000000000000000000000000010000000000 
	Parameter ap_ST_fsm_state12 bound to: 203'b00000000000000000000000000000000000000000000000000000000000000000000000000000000000000000000000000000000000000000000000000000000000000000000000000000000000000000000000000000000000000000000000100000000000 
	Parameter ap_ST_fsm_state13 bound to: 203'b00000000000000000000000000000000000000000000000000000000000000000000000000000000000000000000000000000000000000000000000000000000000000000000000000000000000000000000000000000000000000000000001000000000000 
	Parameter ap_ST_fsm_state14 bound to: 203'b00000000000000000000000000000000000000000000000000000000000000000000000000000000000000000000000000000000000000000000000000000000000000000000000000000000000000000000000000000000000000000000010000000000000 
	Parameter ap_ST_fsm_state15 bound to: 203'b00000000000000000000000000000000000000000000000000000000000000000000000000000000000000000000000000000000000000000000000000000000000000000000000000000000000000000000000000000000000000000000100000000000000 
	Parameter ap_ST_fsm_state16 bound to: 203'b00000000000000000000000000000000000000000000000000000000000000000000000000000000000000000000000000000000000000000000000000000000000000000000000000000000000000000000000000000000000000000001000000000000000 
	Parameter ap_ST_fsm_pp0_stage0 bound to: 203'b00000000000000000000000000000000000000000000000000000000000000000000000000000000000000000000000000000000000000000000000000000000000000000000000000000000000000000000000000000000000000000010000000000000000 
	Parameter ap_ST_fsm_pp0_stage1 bound to: 203'b00000000000000000000000000000000000000000000000000000000000000000000000000000000000000000000000000000000000000000000000000000000000000000000000000000000000000000000000000000000000000000100000000000000000 
	Parameter ap_ST_fsm_pp0_stage2 bound to: 203'b00000000000000000000000000000000000000000000000000000000000000000000000000000000000000000000000000000000000000000000000000000000000000000000000000000000000000000000000000000000000000001000000000000000000 
	Parameter ap_ST_fsm_pp0_stage3 bound to: 203'b00000000000000000000000000000000000000000000000000000000000000000000000000000000000000000000000000000000000000000000000000000000000000000000000000000000000000000000000000000000000000010000000000000000000 
	Parameter ap_ST_fsm_pp0_stage4 bound to: 203'b00000000000000000000000000000000000000000000000000000000000000000000000000000000000000000000000000000000000000000000000000000000000000000000000000000000000000000000000000000000000000100000000000000000000 
	Parameter ap_ST_fsm_pp0_stage5 bound to: 203'b00000000000000000000000000000000000000000000000000000000000000000000000000000000000000000000000000000000000000000000000000000000000000000000000000000000000000000000000000000000000001000000000000000000000 
	Parameter ap_ST_fsm_pp0_stage6 bound to: 203'b00000000000000000000000000000000000000000000000000000000000000000000000000000000000000000000000000000000000000000000000000000000000000000000000000000000000000000000000000000000000010000000000000000000000 
	Parameter ap_ST_fsm_pp0_stage7 bound to: 203'b00000000000000000000000000000000000000000000000000000000000000000000000000000000000000000000000000000000000000000000000000000000000000000000000000000000000000000000000000000000000100000000000000000000000 
	Parameter ap_ST_fsm_state26 bound to: 203'b00000000000000000000000000000000000000000000000000000000000000000000000000000000000000000000000000000000000000000000000000000000000000000000000000000000000000000000000000000000001000000000000000000000000 
	Parameter ap_ST_fsm_state27 bound to: 203'b00000000000000000000000000000000000000000000000000000000000000000000000000000000000000000000000000000000000000000000000000000000000000000000000000000000000000000000000000000000010000000000000000000000000 
	Parameter ap_ST_fsm_state28 bound to: 203'b00000000000000000000000000000000000000000000000000000000000000000000000000000000000000000000000000000000000000000000000000000000000000000000000000000000000000000000000000000000100000000000000000000000000 
	Parameter ap_ST_fsm_state29 bound to: 203'b00000000000000000000000000000000000000000000000000000000000000000000000000000000000000000000000000000000000000000000000000000000000000000000000000000000000000000000000000000001000000000000000000000000000 
	Parameter ap_ST_fsm_state30 bound to: 203'b00000000000000000000000000000000000000000000000000000000000000000000000000000000000000000000000000000000000000000000000000000000000000000000000000000000000000000000000000000010000000000000000000000000000 
	Parameter ap_ST_fsm_state31 bound to: 203'b00000000000000000000000000000000000000000000000000000000000000000000000000000000000000000000000000000000000000000000000000000000000000000000000000000000000000000000000000000100000000000000000000000000000 
	Parameter ap_ST_fsm_state32 bound to: 203'b00000000000000000000000000000000000000000000000000000000000000000000000000000000000000000000000000000000000000000000000000000000000000000000000000000000000000000000000000001000000000000000000000000000000 
	Parameter ap_ST_fsm_state33 bound to: 203'b00000000000000000000000000000000000000000000000000000000000000000000000000000000000000000000000000000000000000000000000000000000000000000000000000000000000000000000000000010000000000000000000000000000000 
	Parameter ap_ST_fsm_state34 bound to: 203'b00000000000000000000000000000000000000000000000000000000000000000000000000000000000000000000000000000000000000000000000000000000000000000000000000000000000000000000000000100000000000000000000000000000000 
	Parameter ap_ST_fsm_state35 bound to: 203'b00000000000000000000000000000000000000000000000000000000000000000000000000000000000000000000000000000000000000000000000000000000000000000000000000000000000000000000000001000000000000000000000000000000000 
	Parameter ap_ST_fsm_state36 bound to: 203'b00000000000000000000000000000000000000000000000000000000000000000000000000000000000000000000000000000000000000000000000000000000000000000000000000000000000000000000000010000000000000000000000000000000000 
	Parameter ap_ST_fsm_state37 bound to: 203'b00000000000000000000000000000000000000000000000000000000000000000000000000000000000000000000000000000000000000000000000000000000000000000000000000000000000000000000000100000000000000000000000000000000000 
	Parameter ap_ST_fsm_state38 bound to: 203'b00000000000000000000000000000000000000000000000000000000000000000000000000000000000000000000000000000000000000000000000000000000000000000000000000000000000000000000001000000000000000000000000000000000000 
	Parameter ap_ST_fsm_state39 bound to: 203'b00000000000000000000000000000000000000000000000000000000000000000000000000000000000000000000000000000000000000000000000000000000000000000000000000000000000000000000010000000000000000000000000000000000000 
	Parameter ap_ST_fsm_state40 bound to: 203'b00000000000000000000000000000000000000000000000000000000000000000000000000000000000000000000000000000000000000000000000000000000000000000000000000000000000000000000100000000000000000000000000000000000000 
	Parameter ap_ST_fsm_state41 bound to: 203'b00000000000000000000000000000000000000000000000000000000000000000000000000000000000000000000000000000000000000000000000000000000000000000000000000000000000000000001000000000000000000000000000000000000000 
	Parameter ap_ST_fsm_state42 bound to: 203'b00000000000000000000000000000000000000000000000000000000000000000000000000000000000000000000000000000000000000000000000000000000000000000000000000000000000000000010000000000000000000000000000000000000000 
	Parameter ap_ST_fsm_state43 bound to: 203'b00000000000000000000000000000000000000000000000000000000000000000000000000000000000000000000000000000000000000000000000000000000000000000000000000000000000000000100000000000000000000000000000000000000000 
	Parameter ap_ST_fsm_state44 bound to: 203'b00000000000000000000000000000000000000000000000000000000000000000000000000000000000000000000000000000000000000000000000000000000000000000000000000000000000000001000000000000000000000000000000000000000000 
	Parameter ap_ST_fsm_state45 bound to: 203'b00000000000000000000000000000000000000000000000000000000000000000000000000000000000000000000000000000000000000000000000000000000000000000000000000000000000000010000000000000000000000000000000000000000000 
	Parameter ap_ST_fsm_state46 bound to: 203'b00000000000000000000000000000000000000000000000000000000000000000000000000000000000000000000000000000000000000000000000000000000000000000000000000000000000000100000000000000000000000000000000000000000000 
	Parameter ap_ST_fsm_state47 bound to: 203'b00000000000000000000000000000000000000000000000000000000000000000000000000000000000000000000000000000000000000000000000000000000000000000000000000000000000001000000000000000000000000000000000000000000000 
	Parameter ap_ST_fsm_state48 bound to: 203'b00000000000000000000000000000000000000000000000000000000000000000000000000000000000000000000000000000000000000000000000000000000000000000000000000000000000010000000000000000000000000000000000000000000000 
	Parameter ap_ST_fsm_state49 bound to: 203'b00000000000000000000000000000000000000000000000000000000000000000000000000000000000000000000000000000000000000000000000000000000000000000000000000000000000100000000000000000000000000000000000000000000000 
	Parameter ap_ST_fsm_state50 bound to: 203'b00000000000000000000000000000000000000000000000000000000000000000000000000000000000000000000000000000000000000000000000000000000000000000000000000000000001000000000000000000000000000000000000000000000000 
	Parameter ap_ST_fsm_state51 bound to: 203'b00000000000000000000000000000000000000000000000000000000000000000000000000000000000000000000000000000000000000000000000000000000000000000000000000000000010000000000000000000000000000000000000000000000000 
	Parameter ap_ST_fsm_state52 bound to: 203'b00000000000000000000000000000000000000000000000000000000000000000000000000000000000000000000000000000000000000000000000000000000000000000000000000000000100000000000000000000000000000000000000000000000000 
	Parameter ap_ST_fsm_state53 bound to: 203'b00000000000000000000000000000000000000000000000000000000000000000000000000000000000000000000000000000000000000000000000000000000000000000000000000000001000000000000000000000000000000000000000000000000000 
	Parameter ap_ST_fsm_state54 bound to: 203'b00000000000000000000000000000000000000000000000000000000000000000000000000000000000000000000000000000000000000000000000000000000000000000000000000000010000000000000000000000000000000000000000000000000000 
	Parameter ap_ST_fsm_state55 bound to: 203'b00000000000000000000000000000000000000000000000000000000000000000000000000000000000000000000000000000000000000000000000000000000000000000000000000000100000000000000000000000000000000000000000000000000000 
	Parameter ap_ST_fsm_state56 bound to: 203'b00000000000000000000000000000000000000000000000000000000000000000000000000000000000000000000000000000000000000000000000000000000000000000000000000001000000000000000000000000000000000000000000000000000000 
	Parameter ap_ST_fsm_state57 bound to: 203'b00000000000000000000000000000000000000000000000000000000000000000000000000000000000000000000000000000000000000000000000000000000000000000000000000010000000000000000000000000000000000000000000000000000000 
	Parameter ap_ST_fsm_state58 bound to: 203'b00000000000000000000000000000000000000000000000000000000000000000000000000000000000000000000000000000000000000000000000000000000000000000000000000100000000000000000000000000000000000000000000000000000000 
	Parameter ap_ST_fsm_state59 bound to: 203'b00000000000000000000000000000000000000000000000000000000000000000000000000000000000000000000000000000000000000000000000000000000000000000000000001000000000000000000000000000000000000000000000000000000000 
	Parameter ap_ST_fsm_state60 bound to: 203'b00000000000000000000000000000000000000000000000000000000000000000000000000000000000000000000000000000000000000000000000000000000000000000000000010000000000000000000000000000000000000000000000000000000000 
	Parameter ap_ST_fsm_state61 bound to: 203'b00000000000000000000000000000000000000000000000000000000000000000000000000000000000000000000000000000000000000000000000000000000000000000000000100000000000000000000000000000000000000000000000000000000000 
	Parameter ap_ST_fsm_state62 bound to: 203'b00000000000000000000000000000000000000000000000000000000000000000000000000000000000000000000000000000000000000000000000000000000000000000000001000000000000000000000000000000000000000000000000000000000000 
	Parameter ap_ST_fsm_state63 bound to: 203'b00000000000000000000000000000000000000000000000000000000000000000000000000000000000000000000000000000000000000000000000000000000000000000000010000000000000000000000000000000000000000000000000000000000000 
	Parameter ap_ST_fsm_pp1_stage0 bound to: 203'b00000000000000000000000000000000000000000000000000000000000000000000000000000000000000000000000000000000000000000000000000000000000000000000100000000000000000000000000000000000000000000000000000000000000 
	Parameter ap_ST_fsm_pp1_stage1 bound to: 203'b00000000000000000000000000000000000000000000000000000000000000000000000000000000000000000000000000000000000000000000000000000000000000000001000000000000000000000000000000000000000000000000000000000000000 
	Parameter ap_ST_fsm_pp1_stage2 bound to: 203'b00000000000000000000000000000000000000000000000000000000000000000000000000000000000000000000000000000000000000000000000000000000000000000010000000000000000000000000000000000000000000000000000000000000000 
	Parameter ap_ST_fsm_pp1_stage3 bound to: 203'b00000000000000000000000000000000000000000000000000000000000000000000000000000000000000000000000000000000000000000000000000000000000000000100000000000000000000000000000000000000000000000000000000000000000 
	Parameter ap_ST_fsm_state91 bound to: 203'b00000000000000000000000000000000000000000000000000000000000000000000000000000000000000000000000000000000000000000000000000000000000000001000000000000000000000000000000000000000000000000000000000000000000 
	Parameter ap_ST_fsm_state92 bound to: 203'b00000000000000000000000000000000000000000000000000000000000000000000000000000000000000000000000000000000000000000000000000000000000000010000000000000000000000000000000000000000000000000000000000000000000 
	Parameter ap_ST_fsm_state93 bound to: 203'b00000000000000000000000000000000000000000000000000000000000000000000000000000000000000000000000000000000000000000000000000000000000000100000000000000000000000000000000000000000000000000000000000000000000 
	Parameter ap_ST_fsm_state94 bound to: 203'b00000000000000000000000000000000000000000000000000000000000000000000000000000000000000000000000000000000000000000000000000000000000001000000000000000000000000000000000000000000000000000000000000000000000 
	Parameter ap_ST_fsm_state95 bound to: 203'b00000000000000000000000000000000000000000000000000000000000000000000000000000000000000000000000000000000000000000000000000000000000010000000000000000000000000000000000000000000000000000000000000000000000 
	Parameter ap_ST_fsm_state96 bound to: 203'b00000000000000000000000000000000000000000000000000000000000000000000000000000000000000000000000000000000000000000000000000000000000100000000000000000000000000000000000000000000000000000000000000000000000 
	Parameter ap_ST_fsm_state97 bound to: 203'b00000000000000000000000000000000000000000000000000000000000000000000000000000000000000000000000000000000000000000000000000000000001000000000000000000000000000000000000000000000000000000000000000000000000 
	Parameter ap_ST_fsm_state98 bound to: 203'b00000000000000000000000000000000000000000000000000000000000000000000000000000000000000000000000000000000000000000000000000000000010000000000000000000000000000000000000000000000000000000000000000000000000 
	Parameter ap_ST_fsm_state99 bound to: 203'b00000000000000000000000000000000000000000000000000000000000000000000000000000000000000000000000000000000000000000000000000000000100000000000000000000000000000000000000000000000000000000000000000000000000 
	Parameter ap_ST_fsm_state100 bound to: 203'b00000000000000000000000000000000000000000000000000000000000000000000000000000000000000000000000000000000000000000000000000000001000000000000000000000000000000000000000000000000000000000000000000000000000 
	Parameter ap_ST_fsm_state101 bound to: 203'b00000000000000000000000000000000000000000000000000000000000000000000000000000000000000000000000000000000000000000000000000000010000000000000000000000000000000000000000000000000000000000000000000000000000 
	Parameter ap_ST_fsm_state102 bound to: 203'b00000000000000000000000000000000000000000000000000000000000000000000000000000000000000000000000000000000000000000000000000000100000000000000000000000000000000000000000000000000000000000000000000000000000 
	Parameter ap_ST_fsm_state103 bound to: 203'b00000000000000000000000000000000000000000000000000000000000000000000000000000000000000000000000000000000000000000000000000001000000000000000000000000000000000000000000000000000000000000000000000000000000 
	Parameter ap_ST_fsm_state104 bound to: 203'b00000000000000000000000000000000000000000000000000000000000000000000000000000000000000000000000000000000000000000000000000010000000000000000000000000000000000000000000000000000000000000000000000000000000 
	Parameter ap_ST_fsm_state105 bound to: 203'b00000000000000000000000000000000000000000000000000000000000000000000000000000000000000000000000000000000000000000000000000100000000000000000000000000000000000000000000000000000000000000000000000000000000 
	Parameter ap_ST_fsm_state106 bound to: 203'b00000000000000000000000000000000000000000000000000000000000000000000000000000000000000000000000000000000000000000000000001000000000000000000000000000000000000000000000000000000000000000000000000000000000 
	Parameter ap_ST_fsm_state107 bound to: 203'b00000000000000000000000000000000000000000000000000000000000000000000000000000000000000000000000000000000000000000000000010000000000000000000000000000000000000000000000000000000000000000000000000000000000 
	Parameter ap_ST_fsm_state108 bound to: 203'b00000000000000000000000000000000000000000000000000000000000000000000000000000000000000000000000000000000000000000000000100000000000000000000000000000000000000000000000000000000000000000000000000000000000 
	Parameter ap_ST_fsm_state109 bound to: 203'b00000000000000000000000000000000000000000000000000000000000000000000000000000000000000000000000000000000000000000000001000000000000000000000000000000000000000000000000000000000000000000000000000000000000 
	Parameter ap_ST_fsm_state110 bound to: 203'b00000000000000000000000000000000000000000000000000000000000000000000000000000000000000000000000000000000000000000000010000000000000000000000000000000000000000000000000000000000000000000000000000000000000 
	Parameter ap_ST_fsm_state111 bound to: 203'b00000000000000000000000000000000000000000000000000000000000000000000000000000000000000000000000000000000000000000000100000000000000000000000000000000000000000000000000000000000000000000000000000000000000 
	Parameter ap_ST_fsm_state112 bound to: 203'b00000000000000000000000000000000000000000000000000000000000000000000000000000000000000000000000000000000000000000001000000000000000000000000000000000000000000000000000000000000000000000000000000000000000 
	Parameter ap_ST_fsm_state113 bound to: 203'b00000000000000000000000000000000000000000000000000000000000000000000000000000000000000000000000000000000000000000010000000000000000000000000000000000000000000000000000000000000000000000000000000000000000 
	Parameter ap_ST_fsm_state114 bound to: 203'b00000000000000000000000000000000000000000000000000000000000000000000000000000000000000000000000000000000000000000100000000000000000000000000000000000000000000000000000000000000000000000000000000000000000 
	Parameter ap_ST_fsm_state115 bound to: 203'b00000000000000000000000000000000000000000000000000000000000000000000000000000000000000000000000000000000000000001000000000000000000000000000000000000000000000000000000000000000000000000000000000000000000 
	Parameter ap_ST_fsm_state116 bound to: 203'b00000000000000000000000000000000000000000000000000000000000000000000000000000000000000000000000000000000000000010000000000000000000000000000000000000000000000000000000000000000000000000000000000000000000 
	Parameter ap_ST_fsm_state117 bound to: 203'b00000000000000000000000000000000000000000000000000000000000000000000000000000000000000000000000000000000000000100000000000000000000000000000000000000000000000000000000000000000000000000000000000000000000 
	Parameter ap_ST_fsm_state118 bound to: 203'b00000000000000000000000000000000000000000000000000000000000000000000000000000000000000000000000000000000000001000000000000000000000000000000000000000000000000000000000000000000000000000000000000000000000 
	Parameter ap_ST_fsm_state119 bound to: 203'b00000000000000000000000000000000000000000000000000000000000000000000000000000000000000000000000000000000000010000000000000000000000000000000000000000000000000000000000000000000000000000000000000000000000 
	Parameter ap_ST_fsm_state120 bound to: 203'b00000000000000000000000000000000000000000000000000000000000000000000000000000000000000000000000000000000000100000000000000000000000000000000000000000000000000000000000000000000000000000000000000000000000 
	Parameter ap_ST_fsm_state121 bound to: 203'b00000000000000000000000000000000000000000000000000000000000000000000000000000000000000000000000000000000001000000000000000000000000000000000000000000000000000000000000000000000000000000000000000000000000 
	Parameter ap_ST_fsm_state122 bound to: 203'b00000000000000000000000000000000000000000000000000000000000000000000000000000000000000000000000000000000010000000000000000000000000000000000000000000000000000000000000000000000000000000000000000000000000 
	Parameter ap_ST_fsm_state123 bound to: 203'b00000000000000000000000000000000000000000000000000000000000000000000000000000000000000000000000000000000100000000000000000000000000000000000000000000000000000000000000000000000000000000000000000000000000 
	Parameter ap_ST_fsm_state124 bound to: 203'b00000000000000000000000000000000000000000000000000000000000000000000000000000000000000000000000000000001000000000000000000000000000000000000000000000000000000000000000000000000000000000000000000000000000 
	Parameter ap_ST_fsm_state125 bound to: 203'b00000000000000000000000000000000000000000000000000000000000000000000000000000000000000000000000000000010000000000000000000000000000000000000000000000000000000000000000000000000000000000000000000000000000 
	Parameter ap_ST_fsm_state126 bound to: 203'b00000000000000000000000000000000000000000000000000000000000000000000000000000000000000000000000000000100000000000000000000000000000000000000000000000000000000000000000000000000000000000000000000000000000 
	Parameter ap_ST_fsm_state127 bound to: 203'b00000000000000000000000000000000000000000000000000000000000000000000000000000000000000000000000000001000000000000000000000000000000000000000000000000000000000000000000000000000000000000000000000000000000 
	Parameter ap_ST_fsm_state128 bound to: 203'b00000000000000000000000000000000000000000000000000000000000000000000000000000000000000000000000000010000000000000000000000000000000000000000000000000000000000000000000000000000000000000000000000000000000 
	Parameter ap_ST_fsm_state129 bound to: 203'b00000000000000000000000000000000000000000000000000000000000000000000000000000000000000000000000000100000000000000000000000000000000000000000000000000000000000000000000000000000000000000000000000000000000 
	Parameter ap_ST_fsm_state130 bound to: 203'b00000000000000000000000000000000000000000000000000000000000000000000000000000000000000000000000001000000000000000000000000000000000000000000000000000000000000000000000000000000000000000000000000000000000 
	Parameter ap_ST_fsm_state131 bound to: 203'b00000000000000000000000000000000000000000000000000000000000000000000000000000000000000000000000010000000000000000000000000000000000000000000000000000000000000000000000000000000000000000000000000000000000 
	Parameter ap_ST_fsm_state132 bound to: 203'b00000000000000000000000000000000000000000000000000000000000000000000000000000000000000000000000100000000000000000000000000000000000000000000000000000000000000000000000000000000000000000000000000000000000 
	Parameter ap_ST_fsm_state133 bound to: 203'b00000000000000000000000000000000000000000000000000000000000000000000000000000000000000000000001000000000000000000000000000000000000000000000000000000000000000000000000000000000000000000000000000000000000 
	Parameter ap_ST_fsm_state134 bound to: 203'b00000000000000000000000000000000000000000000000000000000000000000000000000000000000000000000010000000000000000000000000000000000000000000000000000000000000000000000000000000000000000000000000000000000000 
	Parameter ap_ST_fsm_state135 bound to: 203'b00000000000000000000000000000000000000000000000000000000000000000000000000000000000000000000100000000000000000000000000000000000000000000000000000000000000000000000000000000000000000000000000000000000000 
	Parameter ap_ST_fsm_state136 bound to: 203'b00000000000000000000000000000000000000000000000000000000000000000000000000000000000000000001000000000000000000000000000000000000000000000000000000000000000000000000000000000000000000000000000000000000000 
	Parameter ap_ST_fsm_state137 bound to: 203'b00000000000000000000000000000000000000000000000000000000000000000000000000000000000000000010000000000000000000000000000000000000000000000000000000000000000000000000000000000000000000000000000000000000000 
	Parameter ap_ST_fsm_state138 bound to: 203'b00000000000000000000000000000000000000000000000000000000000000000000000000000000000000000100000000000000000000000000000000000000000000000000000000000000000000000000000000000000000000000000000000000000000 
	Parameter ap_ST_fsm_state139 bound to: 203'b00000000000000000000000000000000000000000000000000000000000000000000000000000000000000001000000000000000000000000000000000000000000000000000000000000000000000000000000000000000000000000000000000000000000 
	Parameter ap_ST_fsm_state140 bound to: 203'b00000000000000000000000000000000000000000000000000000000000000000000000000000000000000010000000000000000000000000000000000000000000000000000000000000000000000000000000000000000000000000000000000000000000 
	Parameter ap_ST_fsm_state141 bound to: 203'b00000000000000000000000000000000000000000000000000000000000000000000000000000000000000100000000000000000000000000000000000000000000000000000000000000000000000000000000000000000000000000000000000000000000 
	Parameter ap_ST_fsm_state142 bound to: 203'b00000000000000000000000000000000000000000000000000000000000000000000000000000000000001000000000000000000000000000000000000000000000000000000000000000000000000000000000000000000000000000000000000000000000 
	Parameter ap_ST_fsm_state143 bound to: 203'b00000000000000000000000000000000000000000000000000000000000000000000000000000000000010000000000000000000000000000000000000000000000000000000000000000000000000000000000000000000000000000000000000000000000 
	Parameter ap_ST_fsm_state144 bound to: 203'b00000000000000000000000000000000000000000000000000000000000000000000000000000000000100000000000000000000000000000000000000000000000000000000000000000000000000000000000000000000000000000000000000000000000 
	Parameter ap_ST_fsm_state145 bound to: 203'b00000000000000000000000000000000000000000000000000000000000000000000000000000000001000000000000000000000000000000000000000000000000000000000000000000000000000000000000000000000000000000000000000000000000 
	Parameter ap_ST_fsm_state146 bound to: 203'b00000000000000000000000000000000000000000000000000000000000000000000000000000000010000000000000000000000000000000000000000000000000000000000000000000000000000000000000000000000000000000000000000000000000 
	Parameter ap_ST_fsm_state147 bound to: 203'b00000000000000000000000000000000000000000000000000000000000000000000000000000000100000000000000000000000000000000000000000000000000000000000000000000000000000000000000000000000000000000000000000000000000 
	Parameter ap_ST_fsm_state148 bound to: 203'b00000000000000000000000000000000000000000000000000000000000000000000000000000001000000000000000000000000000000000000000000000000000000000000000000000000000000000000000000000000000000000000000000000000000 
	Parameter ap_ST_fsm_state149 bound to: 203'b00000000000000000000000000000000000000000000000000000000000000000000000000000010000000000000000000000000000000000000000000000000000000000000000000000000000000000000000000000000000000000000000000000000000 
	Parameter ap_ST_fsm_state150 bound to: 203'b00000000000000000000000000000000000000000000000000000000000000000000000000000100000000000000000000000000000000000000000000000000000000000000000000000000000000000000000000000000000000000000000000000000000 
	Parameter ap_ST_fsm_state151 bound to: 203'b00000000000000000000000000000000000000000000000000000000000000000000000000001000000000000000000000000000000000000000000000000000000000000000000000000000000000000000000000000000000000000000000000000000000 
	Parameter ap_ST_fsm_state152 bound to: 203'b00000000000000000000000000000000000000000000000000000000000000000000000000010000000000000000000000000000000000000000000000000000000000000000000000000000000000000000000000000000000000000000000000000000000 
	Parameter ap_ST_fsm_state153 bound to: 203'b00000000000000000000000000000000000000000000000000000000000000000000000000100000000000000000000000000000000000000000000000000000000000000000000000000000000000000000000000000000000000000000000000000000000 
	Parameter ap_ST_fsm_state154 bound to: 203'b00000000000000000000000000000000000000000000000000000000000000000000000001000000000000000000000000000000000000000000000000000000000000000000000000000000000000000000000000000000000000000000000000000000000 
	Parameter ap_ST_fsm_state155 bound to: 203'b00000000000000000000000000000000000000000000000000000000000000000000000010000000000000000000000000000000000000000000000000000000000000000000000000000000000000000000000000000000000000000000000000000000000 
	Parameter ap_ST_fsm_state156 bound to: 203'b00000000000000000000000000000000000000000000000000000000000000000000000100000000000000000000000000000000000000000000000000000000000000000000000000000000000000000000000000000000000000000000000000000000000 
	Parameter ap_ST_fsm_state157 bound to: 203'b00000000000000000000000000000000000000000000000000000000000000000000001000000000000000000000000000000000000000000000000000000000000000000000000000000000000000000000000000000000000000000000000000000000000 
	Parameter ap_ST_fsm_state158 bound to: 203'b00000000000000000000000000000000000000000000000000000000000000000000010000000000000000000000000000000000000000000000000000000000000000000000000000000000000000000000000000000000000000000000000000000000000 
	Parameter ap_ST_fsm_state159 bound to: 203'b00000000000000000000000000000000000000000000000000000000000000000000100000000000000000000000000000000000000000000000000000000000000000000000000000000000000000000000000000000000000000000000000000000000000 
	Parameter ap_ST_fsm_state160 bound to: 203'b00000000000000000000000000000000000000000000000000000000000000000001000000000000000000000000000000000000000000000000000000000000000000000000000000000000000000000000000000000000000000000000000000000000000 
	Parameter ap_ST_fsm_state161 bound to: 203'b00000000000000000000000000000000000000000000000000000000000000000010000000000000000000000000000000000000000000000000000000000000000000000000000000000000000000000000000000000000000000000000000000000000000 
	Parameter ap_ST_fsm_state162 bound to: 203'b00000000000000000000000000000000000000000000000000000000000000000100000000000000000000000000000000000000000000000000000000000000000000000000000000000000000000000000000000000000000000000000000000000000000 
	Parameter ap_ST_fsm_state163 bound to: 203'b00000000000000000000000000000000000000000000000000000000000000001000000000000000000000000000000000000000000000000000000000000000000000000000000000000000000000000000000000000000000000000000000000000000000 
	Parameter ap_ST_fsm_state164 bound to: 203'b00000000000000000000000000000000000000000000000000000000000000010000000000000000000000000000000000000000000000000000000000000000000000000000000000000000000000000000000000000000000000000000000000000000000 
	Parameter ap_ST_fsm_state165 bound to: 203'b00000000000000000000000000000000000000000000000000000000000000100000000000000000000000000000000000000000000000000000000000000000000000000000000000000000000000000000000000000000000000000000000000000000000 
	Parameter ap_ST_fsm_state166 bound to: 203'b00000000000000000000000000000000000000000000000000000000000001000000000000000000000000000000000000000000000000000000000000000000000000000000000000000000000000000000000000000000000000000000000000000000000 
	Parameter ap_ST_fsm_state167 bound to: 203'b00000000000000000000000000000000000000000000000000000000000010000000000000000000000000000000000000000000000000000000000000000000000000000000000000000000000000000000000000000000000000000000000000000000000 
	Parameter ap_ST_fsm_state168 bound to: 203'b00000000000000000000000000000000000000000000000000000000000100000000000000000000000000000000000000000000000000000000000000000000000000000000000000000000000000000000000000000000000000000000000000000000000 
	Parameter ap_ST_fsm_state169 bound to: 203'b00000000000000000000000000000000000000000000000000000000001000000000000000000000000000000000000000000000000000000000000000000000000000000000000000000000000000000000000000000000000000000000000000000000000 
	Parameter ap_ST_fsm_state170 bound to: 203'b00000000000000000000000000000000000000000000000000000000010000000000000000000000000000000000000000000000000000000000000000000000000000000000000000000000000000000000000000000000000000000000000000000000000 
	Parameter ap_ST_fsm_state171 bound to: 203'b00000000000000000000000000000000000000000000000000000000100000000000000000000000000000000000000000000000000000000000000000000000000000000000000000000000000000000000000000000000000000000000000000000000000 
	Parameter ap_ST_fsm_state172 bound to: 203'b00000000000000000000000000000000000000000000000000000001000000000000000000000000000000000000000000000000000000000000000000000000000000000000000000000000000000000000000000000000000000000000000000000000000 
	Parameter ap_ST_fsm_state173 bound to: 203'b00000000000000000000000000000000000000000000000000000010000000000000000000000000000000000000000000000000000000000000000000000000000000000000000000000000000000000000000000000000000000000000000000000000000 
	Parameter ap_ST_fsm_state174 bound to: 203'b00000000000000000000000000000000000000000000000000000100000000000000000000000000000000000000000000000000000000000000000000000000000000000000000000000000000000000000000000000000000000000000000000000000000 
	Parameter ap_ST_fsm_state175 bound to: 203'b00000000000000000000000000000000000000000000000000001000000000000000000000000000000000000000000000000000000000000000000000000000000000000000000000000000000000000000000000000000000000000000000000000000000 
	Parameter ap_ST_fsm_state176 bound to: 203'b00000000000000000000000000000000000000000000000000010000000000000000000000000000000000000000000000000000000000000000000000000000000000000000000000000000000000000000000000000000000000000000000000000000000 
	Parameter ap_ST_fsm_state177 bound to: 203'b00000000000000000000000000000000000000000000000000100000000000000000000000000000000000000000000000000000000000000000000000000000000000000000000000000000000000000000000000000000000000000000000000000000000 
	Parameter ap_ST_fsm_state178 bound to: 203'b00000000000000000000000000000000000000000000000001000000000000000000000000000000000000000000000000000000000000000000000000000000000000000000000000000000000000000000000000000000000000000000000000000000000 
	Parameter ap_ST_fsm_state179 bound to: 203'b00000000000000000000000000000000000000000000000010000000000000000000000000000000000000000000000000000000000000000000000000000000000000000000000000000000000000000000000000000000000000000000000000000000000 
	Parameter ap_ST_fsm_state180 bound to: 203'b00000000000000000000000000000000000000000000000100000000000000000000000000000000000000000000000000000000000000000000000000000000000000000000000000000000000000000000000000000000000000000000000000000000000 
	Parameter ap_ST_fsm_state181 bound to: 203'b00000000000000000000000000000000000000000000001000000000000000000000000000000000000000000000000000000000000000000000000000000000000000000000000000000000000000000000000000000000000000000000000000000000000 
	Parameter ap_ST_fsm_state182 bound to: 203'b00000000000000000000000000000000000000000000010000000000000000000000000000000000000000000000000000000000000000000000000000000000000000000000000000000000000000000000000000000000000000000000000000000000000 
	Parameter ap_ST_fsm_state183 bound to: 203'b00000000000000000000000000000000000000000000100000000000000000000000000000000000000000000000000000000000000000000000000000000000000000000000000000000000000000000000000000000000000000000000000000000000000 
	Parameter ap_ST_fsm_state184 bound to: 203'b00000000000000000000000000000000000000000001000000000000000000000000000000000000000000000000000000000000000000000000000000000000000000000000000000000000000000000000000000000000000000000000000000000000000 
	Parameter ap_ST_fsm_state185 bound to: 203'b00000000000000000000000000000000000000000010000000000000000000000000000000000000000000000000000000000000000000000000000000000000000000000000000000000000000000000000000000000000000000000000000000000000000 
	Parameter ap_ST_fsm_state186 bound to: 203'b00000000000000000000000000000000000000000100000000000000000000000000000000000000000000000000000000000000000000000000000000000000000000000000000000000000000000000000000000000000000000000000000000000000000 
	Parameter ap_ST_fsm_state187 bound to: 203'b00000000000000000000000000000000000000001000000000000000000000000000000000000000000000000000000000000000000000000000000000000000000000000000000000000000000000000000000000000000000000000000000000000000000 
	Parameter ap_ST_fsm_state188 bound to: 203'b00000000000000000000000000000000000000010000000000000000000000000000000000000000000000000000000000000000000000000000000000000000000000000000000000000000000000000000000000000000000000000000000000000000000 
	Parameter ap_ST_fsm_state189 bound to: 203'b00000000000000000000000000000000000000100000000000000000000000000000000000000000000000000000000000000000000000000000000000000000000000000000000000000000000000000000000000000000000000000000000000000000000 
	Parameter ap_ST_fsm_state190 bound to: 203'b00000000000000000000000000000000000001000000000000000000000000000000000000000000000000000000000000000000000000000000000000000000000000000000000000000000000000000000000000000000000000000000000000000000000 
	Parameter ap_ST_fsm_state191 bound to: 203'b00000000000000000000000000000000000010000000000000000000000000000000000000000000000000000000000000000000000000000000000000000000000000000000000000000000000000000000000000000000000000000000000000000000000 
	Parameter ap_ST_fsm_state192 bound to: 203'b00000000000000000000000000000000000100000000000000000000000000000000000000000000000000000000000000000000000000000000000000000000000000000000000000000000000000000000000000000000000000000000000000000000000 
	Parameter ap_ST_fsm_state193 bound to: 203'b00000000000000000000000000000000001000000000000000000000000000000000000000000000000000000000000000000000000000000000000000000000000000000000000000000000000000000000000000000000000000000000000000000000000 
	Parameter ap_ST_fsm_state194 bound to: 203'b00000000000000000000000000000000010000000000000000000000000000000000000000000000000000000000000000000000000000000000000000000000000000000000000000000000000000000000000000000000000000000000000000000000000 
	Parameter ap_ST_fsm_state195 bound to: 203'b00000000000000000000000000000000100000000000000000000000000000000000000000000000000000000000000000000000000000000000000000000000000000000000000000000000000000000000000000000000000000000000000000000000000 
	Parameter ap_ST_fsm_state196 bound to: 203'b00000000000000000000000000000001000000000000000000000000000000000000000000000000000000000000000000000000000000000000000000000000000000000000000000000000000000000000000000000000000000000000000000000000000 
	Parameter ap_ST_fsm_state197 bound to: 203'b00000000000000000000000000000010000000000000000000000000000000000000000000000000000000000000000000000000000000000000000000000000000000000000000000000000000000000000000000000000000000000000000000000000000 
	Parameter ap_ST_fsm_state198 bound to: 203'b00000000000000000000000000000100000000000000000000000000000000000000000000000000000000000000000000000000000000000000000000000000000000000000000000000000000000000000000000000000000000000000000000000000000 
	Parameter ap_ST_fsm_state199 bound to: 203'b00000000000000000000000000001000000000000000000000000000000000000000000000000000000000000000000000000000000000000000000000000000000000000000000000000000000000000000000000000000000000000000000000000000000 
	Parameter ap_ST_fsm_state200 bound to: 203'b00000000000000000000000000010000000000000000000000000000000000000000000000000000000000000000000000000000000000000000000000000000000000000000000000000000000000000000000000000000000000000000000000000000000 
	Parameter ap_ST_fsm_state201 bound to: 203'b00000000000000000000000000100000000000000000000000000000000000000000000000000000000000000000000000000000000000000000000000000000000000000000000000000000000000000000000000000000000000000000000000000000000 
	Parameter ap_ST_fsm_state202 bound to: 203'b00000000000000000000000001000000000000000000000000000000000000000000000000000000000000000000000000000000000000000000000000000000000000000000000000000000000000000000000000000000000000000000000000000000000 
	Parameter ap_ST_fsm_state203 bound to: 203'b00000000000000000000000010000000000000000000000000000000000000000000000000000000000000000000000000000000000000000000000000000000000000000000000000000000000000000000000000000000000000000000000000000000000 
	Parameter ap_ST_fsm_state204 bound to: 203'b00000000000000000000000100000000000000000000000000000000000000000000000000000000000000000000000000000000000000000000000000000000000000000000000000000000000000000000000000000000000000000000000000000000000 
	Parameter ap_ST_fsm_state205 bound to: 203'b00000000000000000000001000000000000000000000000000000000000000000000000000000000000000000000000000000000000000000000000000000000000000000000000000000000000000000000000000000000000000000000000000000000000 
	Parameter ap_ST_fsm_state206 bound to: 203'b00000000000000000000010000000000000000000000000000000000000000000000000000000000000000000000000000000000000000000000000000000000000000000000000000000000000000000000000000000000000000000000000000000000000 
	Parameter ap_ST_fsm_state207 bound to: 203'b00000000000000000000100000000000000000000000000000000000000000000000000000000000000000000000000000000000000000000000000000000000000000000000000000000000000000000000000000000000000000000000000000000000000 
	Parameter ap_ST_fsm_state208 bound to: 203'b00000000000000000001000000000000000000000000000000000000000000000000000000000000000000000000000000000000000000000000000000000000000000000000000000000000000000000000000000000000000000000000000000000000000 
	Parameter ap_ST_fsm_state209 bound to: 203'b00000000000000000010000000000000000000000000000000000000000000000000000000000000000000000000000000000000000000000000000000000000000000000000000000000000000000000000000000000000000000000000000000000000000 
	Parameter ap_ST_fsm_state210 bound to: 203'b00000000000000000100000000000000000000000000000000000000000000000000000000000000000000000000000000000000000000000000000000000000000000000000000000000000000000000000000000000000000000000000000000000000000 
	Parameter ap_ST_fsm_state211 bound to: 203'b00000000000000001000000000000000000000000000000000000000000000000000000000000000000000000000000000000000000000000000000000000000000000000000000000000000000000000000000000000000000000000000000000000000000 
	Parameter ap_ST_fsm_state212 bound to: 203'b00000000000000010000000000000000000000000000000000000000000000000000000000000000000000000000000000000000000000000000000000000000000000000000000000000000000000000000000000000000000000000000000000000000000 
	Parameter ap_ST_fsm_state213 bound to: 203'b00000000000000100000000000000000000000000000000000000000000000000000000000000000000000000000000000000000000000000000000000000000000000000000000000000000000000000000000000000000000000000000000000000000000 
	Parameter ap_ST_fsm_state214 bound to: 203'b00000000000001000000000000000000000000000000000000000000000000000000000000000000000000000000000000000000000000000000000000000000000000000000000000000000000000000000000000000000000000000000000000000000000 
	Parameter ap_ST_fsm_state215 bound to: 203'b00000000000010000000000000000000000000000000000000000000000000000000000000000000000000000000000000000000000000000000000000000000000000000000000000000000000000000000000000000000000000000000000000000000000 
	Parameter ap_ST_fsm_state216 bound to: 203'b00000000000100000000000000000000000000000000000000000000000000000000000000000000000000000000000000000000000000000000000000000000000000000000000000000000000000000000000000000000000000000000000000000000000 
	Parameter ap_ST_fsm_pp2_stage0 bound to: 203'b00000000001000000000000000000000000000000000000000000000000000000000000000000000000000000000000000000000000000000000000000000000000000000000000000000000000000000000000000000000000000000000000000000000000 
	Parameter ap_ST_fsm_state231 bound to: 203'b00000000010000000000000000000000000000000000000000000000000000000000000000000000000000000000000000000000000000000000000000000000000000000000000000000000000000000000000000000000000000000000000000000000000 
	Parameter ap_ST_fsm_state232 bound to: 203'b00000000100000000000000000000000000000000000000000000000000000000000000000000000000000000000000000000000000000000000000000000000000000000000000000000000000000000000000000000000000000000000000000000000000 
	Parameter ap_ST_fsm_state233 bound to: 203'b00000001000000000000000000000000000000000000000000000000000000000000000000000000000000000000000000000000000000000000000000000000000000000000000000000000000000000000000000000000000000000000000000000000000 
	Parameter ap_ST_fsm_state234 bound to: 203'b00000010000000000000000000000000000000000000000000000000000000000000000000000000000000000000000000000000000000000000000000000000000000000000000000000000000000000000000000000000000000000000000000000000000 
	Parameter ap_ST_fsm_state235 bound to: 203'b00000100000000000000000000000000000000000000000000000000000000000000000000000000000000000000000000000000000000000000000000000000000000000000000000000000000000000000000000000000000000000000000000000000000 
	Parameter ap_ST_fsm_state236 bound to: 203'b00001000000000000000000000000000000000000000000000000000000000000000000000000000000000000000000000000000000000000000000000000000000000000000000000000000000000000000000000000000000000000000000000000000000 
	Parameter ap_ST_fsm_state237 bound to: 203'b00010000000000000000000000000000000000000000000000000000000000000000000000000000000000000000000000000000000000000000000000000000000000000000000000000000000000000000000000000000000000000000000000000000000 
	Parameter ap_ST_fsm_state238 bound to: 203'b00100000000000000000000000000000000000000000000000000000000000000000000000000000000000000000000000000000000000000000000000000000000000000000000000000000000000000000000000000000000000000000000000000000000 
	Parameter ap_ST_fsm_pp3_stage0 bound to: 203'b01000000000000000000000000000000000000000000000000000000000000000000000000000000000000000000000000000000000000000000000000000000000000000000000000000000000000000000000000000000000000000000000000000000000 
	Parameter ap_ST_fsm_state242 bound to: 203'b10000000000000000000000000000000000000000000000000000000000000000000000000000000000000000000000000000000000000000000000000000000000000000000000000000000000000000000000000000000000000000000000000000000000 
	Parameter C_S_AXI_CTRL_DATA_WIDTH bound to: 32 - type: integer 
	Parameter C_S_AXI_CTRL_ADDR_WIDTH bound to: 5 - type: integer 
	Parameter C_S_AXI_DATA_WIDTH bound to: 32 - type: integer 
	Parameter C_S_AXI_CTRL_WSTRB_WIDTH bound to: 4 - type: integer 
	Parameter C_S_AXI_WSTRB_WIDTH bound to: 4 - type: integer 
INFO: [Synth 8-5534] Detected attribute (* fsm_encoding = "none" *) [c:/Users/mcrye/Downloads/bladei_bse_zcu104/bladei_bse_zcu104.srcs/sources_1/bd/bse/ipshared/de07/hdl/verilog/byte_statistics_engine.v:294]
INFO: [Synth 8-6157] synthesizing module 'byte_statistics_engine_CTRL_s_axi' [c:/Users/mcrye/Downloads/bladei_bse_zcu104/bladei_bse_zcu104.srcs/sources_1/bd/bse/ipshared/de07/hdl/verilog/byte_statistics_engine_CTRL_s_axi.v:9]
	Parameter C_S_AXI_ADDR_WIDTH bound to: 5 - type: integer 
	Parameter C_S_AXI_DATA_WIDTH bound to: 32 - type: integer 
	Parameter ADDR_AP_CTRL bound to: 5'b00000 
	Parameter ADDR_GIE bound to: 5'b00100 
	Parameter ADDR_IER bound to: 5'b01000 
	Parameter ADDR_ISR bound to: 5'b01100 
	Parameter ADDR_NUM_WORDS_V_DATA_0 bound to: 5'b10000 
	Parameter ADDR_NUM_WORDS_V_CTRL bound to: 5'b10100 
	Parameter WRIDLE bound to: 2'b00 
	Parameter WRDATA bound to: 2'b01 
	Parameter WRRESP bound to: 2'b10 
	Parameter WRRESET bound to: 2'b11 
	Parameter RDIDLE bound to: 2'b00 
	Parameter RDDATA bound to: 2'b01 
	Parameter RDRESET bound to: 2'b10 
	Parameter ADDR_BITS bound to: 5 - type: integer 
INFO: [Synth 8-155] case statement is not full and has no default [c:/Users/mcrye/Downloads/bladei_bse_zcu104/bladei_bse_zcu104.srcs/sources_1/bd/bse/ipshared/de07/hdl/verilog/byte_statistics_engine_CTRL_s_axi.v:196]
INFO: [Synth 8-6155] done synthesizing module 'byte_statistics_engine_CTRL_s_axi' (1#1) [c:/Users/mcrye/Downloads/bladei_bse_zcu104/bladei_bse_zcu104.srcs/sources_1/bd/bse/ipshared/de07/hdl/verilog/byte_statistics_engine_CTRL_s_axi.v:9]
INFO: [Synth 8-6157] synthesizing module 'byte_statistics_ebkb' [c:/Users/mcrye/Downloads/bladei_bse_zcu104/bladei_bse_zcu104.srcs/sources_1/bd/bse/ipshared/de07/hdl/verilog/byte_statistics_ebkb.v:61]
	Parameter DataWidth bound to: 32 - type: integer 
	Parameter AddressRange bound to: 32 - type: integer 
	Parameter AddressWidth bound to: 5 - type: integer 
INFO: [Synth 8-6157] synthesizing module 'byte_statistics_ebkb_ram' [c:/Users/mcrye/Downloads/bladei_bse_zcu104/bladei_bse_zcu104.srcs/sources_1/bd/bse/ipshared/de07/hdl/verilog/byte_statistics_ebkb.v:9]
	Parameter DWIDTH bound to: 32 - type: integer 
	Parameter AWIDTH bound to: 5 - type: integer 
	Parameter MEM_SIZE bound to: 32 - type: integer 
INFO: [Synth 8-5534] Detected attribute (* ram_style = "block" *) [c:/Users/mcrye/Downloads/bladei_bse_zcu104/bladei_bse_zcu104.srcs/sources_1/bd/bse/ipshared/de07/hdl/verilog/byte_statistics_ebkb.v:27]
INFO: [Synth 8-6155] done synthesizing module 'byte_statistics_ebkb_ram' (2#1) [c:/Users/mcrye/Downloads/bladei_bse_zcu104/bladei_bse_zcu104.srcs/sources_1/bd/bse/ipshared/de07/hdl/verilog/byte_statistics_ebkb.v:9]
INFO: [Synth 8-6155] done synthesizing module 'byte_statistics_ebkb' (3#1) [c:/Users/mcrye/Downloads/bladei_bse_zcu104/bladei_bse_zcu104.srcs/sources_1/bd/bse/ipshared/de07/hdl/verilog/byte_statistics_ebkb.v:61]
INFO: [Synth 8-6157] synthesizing module 'byte_statistics_ejbC' [c:/Users/mcrye/Downloads/bladei_bse_zcu104/bladei_bse_zcu104.srcs/sources_1/bd/bse/ipshared/de07/hdl/verilog/byte_statistics_ejbC.v:11]
	Parameter ID bound to: 1 - type: integer 
	Parameter NUM_STAGE bound to: 4 - type: integer 
	Parameter din0_WIDTH bound to: 32 - type: integer 
	Parameter din1_WIDTH bound to: 32 - type: integer 
	Parameter dout_WIDTH bound to: 32 - type: integer 
INFO: [Synth 8-638] synthesizing module 'byte_statistics_engine_ap_faddfsub_2_full_dsp_32' [c:/Users/mcrye/Downloads/bladei_bse_zcu104/bladei_bse_zcu104.srcs/sources_1/bd/bse/ipshared/de07/hdl/ip/byte_statistics_engine_ap_faddfsub_2_full_dsp_32.vhd:74]
	Parameter C_XDEVICEFAMILY bound to: zynq - type: string 
	Parameter C_HAS_ADD bound to: 1 - type: integer 
	Parameter C_HAS_SUBTRACT bound to: 1 - type: integer 
	Parameter C_HAS_MULTIPLY bound to: 0 - type: integer 
	Parameter C_HAS_DIVIDE bound to: 0 - type: integer 
	Parameter C_HAS_SQRT bound to: 0 - type: integer 
	Parameter C_HAS_COMPARE bound to: 0 - type: integer 
	Parameter C_HAS_FIX_TO_FLT bound to: 0 - type: integer 
	Parameter C_HAS_FLT_TO_FIX bound to: 0 - type: integer 
	Parameter C_HAS_FLT_TO_FLT bound to: 0 - type: integer 
	Parameter C_HAS_RECIP bound to: 0 - type: integer 
	Parameter C_HAS_RECIP_SQRT bound to: 0 - type: integer 
	Parameter C_HAS_ABSOLUTE bound to: 0 - type: integer 
	Parameter C_HAS_LOGARITHM bound to: 0 - type: integer 
	Parameter C_HAS_EXPONENTIAL bound to: 0 - type: integer 
	Parameter C_HAS_FMA bound to: 0 - type: integer 
	Parameter C_HAS_FMS bound to: 0 - type: integer 
	Parameter C_HAS_ACCUMULATOR_A bound to: 0 - type: integer 
	Parameter C_HAS_ACCUMULATOR_S bound to: 0 - type: integer 
	Parameter C_A_WIDTH bound to: 32 - type: integer 
	Parameter C_A_FRACTION_WIDTH bound to: 24 - type: integer 
	Parameter C_B_WIDTH bound to: 32 - type: integer 
	Parameter C_B_FRACTION_WIDTH bound to: 24 - type: integer 
	Parameter C_C_WIDTH bound to: 32 - type: integer 
	Parameter C_C_FRACTION_WIDTH bound to: 24 - type: integer 
	Parameter C_RESULT_WIDTH bound to: 32 - type: integer 
	Parameter C_RESULT_FRACTION_WIDTH bound to: 24 - type: integer 
	Parameter C_COMPARE_OPERATION bound to: 8 - type: integer 
	Parameter C_LATENCY bound to: 2 - type: integer 
	Parameter C_OPTIMIZATION bound to: 1 - type: integer 
	Parameter C_MULT_USAGE bound to: 2 - type: integer 
	Parameter C_BRAM_USAGE bound to: 0 - type: integer 
	Parameter C_RATE bound to: 1 - type: integer 
	Parameter C_ACCUM_INPUT_MSB bound to: 32 - type: integer 
	Parameter C_ACCUM_MSB bound to: 32 - type: integer 
	Parameter C_ACCUM_LSB bound to: -31 - type: integer 
	Parameter C_HAS_UNDERFLOW bound to: 0 - type: integer 
	Parameter C_HAS_OVERFLOW bound to: 0 - type: integer 
	Parameter C_HAS_INVALID_OP bound to: 0 - type: integer 
	Parameter C_HAS_DIVIDE_BY_ZERO bound to: 0 - type: integer 
	Parameter C_HAS_ACCUM_OVERFLOW bound to: 0 - type: integer 
	Parameter C_HAS_ACCUM_INPUT_OVERFLOW bound to: 0 - type: integer 
	Parameter C_HAS_ACLKEN bound to: 1 - type: integer 
	Parameter C_HAS_ARESETN bound to: 0 - type: integer 
	Parameter C_THROTTLE_SCHEME bound to: 3 - type: integer 
	Parameter C_HAS_A_TUSER bound to: 0 - type: integer 
	Parameter C_HAS_A_TLAST bound to: 0 - type: integer 
	Parameter C_HAS_B bound to: 1 - type: integer 
	Parameter C_HAS_B_TUSER bound to: 0 - type: integer 
	Parameter C_HAS_B_TLAST bound to: 0 - type: integer 
	Parameter C_HAS_C bound to: 0 - type: integer 
	Parameter C_HAS_C_TUSER bound to: 0 - type: integer 
	Parameter C_HAS_C_TLAST bound to: 0 - type: integer 
	Parameter C_HAS_OPERATION bound to: 1 - type: integer 
	Parameter C_HAS_OPERATION_TUSER bound to: 0 - type: integer 
	Parameter C_HAS_OPERATION_TLAST bound to: 0 - type: integer 
	Parameter C_HAS_RESULT_TUSER bound to: 0 - type: integer 
	Parameter C_HAS_RESULT_TLAST bound to: 0 - type: integer 
	Parameter C_TLAST_RESOLUTION bound to: 0 - type: integer 
	Parameter C_A_TDATA_WIDTH bound to: 32 - type: integer 
	Parameter C_A_TUSER_WIDTH bound to: 1 - type: integer 
	Parameter C_B_TDATA_WIDTH bound to: 32 - type: integer 
	Parameter C_B_TUSER_WIDTH bound to: 1 - type: integer 
	Parameter C_C_TDATA_WIDTH bound to: 32 - type: integer 
	Parameter C_C_TUSER_WIDTH bound to: 1 - type: integer 
	Parameter C_OPERATION_TDATA_WIDTH bound to: 8 - type: integer 
	Parameter C_OPERATION_TUSER_WIDTH bound to: 1 - type: integer 
	Parameter C_RESULT_TDATA_WIDTH bound to: 32 - type: integer 
	Parameter C_RESULT_TUSER_WIDTH bound to: 1 - type: integer 
	Parameter C_FIXED_DATA_UNSIGNED bound to: 0 - type: integer 
INFO: [Synth 8-3491] module 'floating_point_v7_1_7' declared at 'c:/Users/mcrye/Downloads/bladei_bse_zcu104/bladei_bse_zcu104.srcs/sources_1/bd/bse/ipshared/c63e/hdl/floating_point_v7_1_vh_rfs.vhd:91615' bound to instance 'U0' of component 'floating_point_v7_1_7' [c:/Users/mcrye/Downloads/bladei_bse_zcu104/bladei_bse_zcu104.srcs/sources_1/bd/bse/ipshared/de07/hdl/ip/byte_statistics_engine_ap_faddfsub_2_full_dsp_32.vhd:209]
INFO: [Synth 8-256] done synthesizing module 'byte_statistics_engine_ap_faddfsub_2_full_dsp_32' (21#1) [c:/Users/mcrye/Downloads/bladei_bse_zcu104/bladei_bse_zcu104.srcs/sources_1/bd/bse/ipshared/de07/hdl/ip/byte_statistics_engine_ap_faddfsub_2_full_dsp_32.vhd:74]
INFO: [Synth 8-6155] done synthesizing module 'byte_statistics_ejbC' (22#1) [c:/Users/mcrye/Downloads/bladei_bse_zcu104/bladei_bse_zcu104.srcs/sources_1/bd/bse/ipshared/de07/hdl/verilog/byte_statistics_ejbC.v:11]
INFO: [Synth 8-6157] synthesizing module 'byte_statistics_ekbM' [c:/Users/mcrye/Downloads/bladei_bse_zcu104/bladei_bse_zcu104.srcs/sources_1/bd/bse/ipshared/de07/hdl/verilog/byte_statistics_ekbM.v:11]
	Parameter ID bound to: 1 - type: integer 
	Parameter NUM_STAGE bound to: 4 - type: integer 
	Parameter din0_WIDTH bound to: 32 - type: integer 
	Parameter din1_WIDTH bound to: 32 - type: integer 
	Parameter dout_WIDTH bound to: 32 - type: integer 
INFO: [Synth 8-638] synthesizing module 'byte_statistics_engine_ap_fsub_2_no_dsp_32' [c:/Users/mcrye/Downloads/bladei_bse_zcu104/bladei_bse_zcu104.srcs/sources_1/bd/bse/ipshared/de07/hdl/ip/byte_statistics_engine_ap_fsub_2_no_dsp_32.vhd:72]
	Parameter C_XDEVICEFAMILY bound to: zynq - type: string 
	Parameter C_HAS_ADD bound to: 0 - type: integer 
	Parameter C_HAS_SUBTRACT bound to: 1 - type: integer 
	Parameter C_HAS_MULTIPLY bound to: 0 - type: integer 
	Parameter C_HAS_DIVIDE bound to: 0 - type: integer 
	Parameter C_HAS_SQRT bound to: 0 - type: integer 
	Parameter C_HAS_COMPARE bound to: 0 - type: integer 
	Parameter C_HAS_FIX_TO_FLT bound to: 0 - type: integer 
	Parameter C_HAS_FLT_TO_FIX bound to: 0 - type: integer 
	Parameter C_HAS_FLT_TO_FLT bound to: 0 - type: integer 
	Parameter C_HAS_RECIP bound to: 0 - type: integer 
	Parameter C_HAS_RECIP_SQRT bound to: 0 - type: integer 
	Parameter C_HAS_ABSOLUTE bound to: 0 - type: integer 
	Parameter C_HAS_LOGARITHM bound to: 0 - type: integer 
	Parameter C_HAS_EXPONENTIAL bound to: 0 - type: integer 
	Parameter C_HAS_FMA bound to: 0 - type: integer 
	Parameter C_HAS_FMS bound to: 0 - type: integer 
	Parameter C_HAS_ACCUMULATOR_A bound to: 0 - type: integer 
	Parameter C_HAS_ACCUMULATOR_S bound to: 0 - type: integer 
	Parameter C_A_WIDTH bound to: 32 - type: integer 
	Parameter C_A_FRACTION_WIDTH bound to: 24 - type: integer 
	Parameter C_B_WIDTH bound to: 32 - type: integer 
	Parameter C_B_FRACTION_WIDTH bound to: 24 - type: integer 
	Parameter C_C_WIDTH bound to: 32 - type: integer 
	Parameter C_C_FRACTION_WIDTH bound to: 24 - type: integer 
	Parameter C_RESULT_WIDTH bound to: 32 - type: integer 
	Parameter C_RESULT_FRACTION_WIDTH bound to: 24 - type: integer 
	Parameter C_COMPARE_OPERATION bound to: 8 - type: integer 
	Parameter C_LATENCY bound to: 2 - type: integer 
	Parameter C_OPTIMIZATION bound to: 1 - type: integer 
	Parameter C_MULT_USAGE bound to: 0 - type: integer 
	Parameter C_BRAM_USAGE bound to: 0 - type: integer 
	Parameter C_RATE bound to: 1 - type: integer 
	Parameter C_ACCUM_INPUT_MSB bound to: 32 - type: integer 
	Parameter C_ACCUM_MSB bound to: 32 - type: integer 
	Parameter C_ACCUM_LSB bound to: -31 - type: integer 
	Parameter C_HAS_UNDERFLOW bound to: 0 - type: integer 
	Parameter C_HAS_OVERFLOW bound to: 0 - type: integer 
	Parameter C_HAS_INVALID_OP bound to: 0 - type: integer 
	Parameter C_HAS_DIVIDE_BY_ZERO bound to: 0 - type: integer 
	Parameter C_HAS_ACCUM_OVERFLOW bound to: 0 - type: integer 
	Parameter C_HAS_ACCUM_INPUT_OVERFLOW bound to: 0 - type: integer 
	Parameter C_HAS_ACLKEN bound to: 1 - type: integer 
	Parameter C_HAS_ARESETN bound to: 0 - type: integer 
	Parameter C_THROTTLE_SCHEME bound to: 3 - type: integer 
	Parameter C_HAS_A_TUSER bound to: 0 - type: integer 
	Parameter C_HAS_A_TLAST bound to: 0 - type: integer 
	Parameter C_HAS_B bound to: 1 - type: integer 
	Parameter C_HAS_B_TUSER bound to: 0 - type: integer 
	Parameter C_HAS_B_TLAST bound to: 0 - type: integer 
	Parameter C_HAS_C bound to: 0 - type: integer 
	Parameter C_HAS_C_TUSER bound to: 0 - type: integer 
	Parameter C_HAS_C_TLAST bound to: 0 - type: integer 
	Parameter C_HAS_OPERATION bound to: 0 - type: integer 
	Parameter C_HAS_OPERATION_TUSER bound to: 0 - type: integer 
	Parameter C_HAS_OPERATION_TLAST bound to: 0 - type: integer 
	Parameter C_HAS_RESULT_TUSER bound to: 0 - type: integer 
	Parameter C_HAS_RESULT_TLAST bound to: 0 - type: integer 
	Parameter C_TLAST_RESOLUTION bound to: 0 - type: integer 
	Parameter C_A_TDATA_WIDTH bound to: 32 - type: integer 
	Parameter C_A_TUSER_WIDTH bound to: 1 - type: integer 
	Parameter C_B_TDATA_WIDTH bound to: 32 - type: integer 
	Parameter C_B_TUSER_WIDTH bound to: 1 - type: integer 
	Parameter C_C_TDATA_WIDTH bound to: 32 - type: integer 
	Parameter C_C_TUSER_WIDTH bound to: 1 - type: integer 
	Parameter C_OPERATION_TDATA_WIDTH bound to: 8 - type: integer 
	Parameter C_OPERATION_TUSER_WIDTH bound to: 1 - type: integer 
	Parameter C_RESULT_TDATA_WIDTH bound to: 32 - type: integer 
	Parameter C_RESULT_TUSER_WIDTH bound to: 1 - type: integer 
	Parameter C_FIXED_DATA_UNSIGNED bound to: 0 - type: integer 
INFO: [Synth 8-3491] module 'floating_point_v7_1_7' declared at 'c:/Users/mcrye/Downloads/bladei_bse_zcu104/bladei_bse_zcu104.srcs/sources_1/bd/bse/ipshared/c63e/hdl/floating_point_v7_1_vh_rfs.vhd:91615' bound to instance 'U0' of component 'floating_point_v7_1_7' [c:/Users/mcrye/Downloads/bladei_bse_zcu104/bladei_bse_zcu104.srcs/sources_1/bd/bse/ipshared/de07/hdl/ip/byte_statistics_engine_ap_fsub_2_no_dsp_32.vhd:204]
INFO: [Synth 8-256] done synthesizing module 'byte_statistics_engine_ap_fsub_2_no_dsp_32' (36#1) [c:/Users/mcrye/Downloads/bladei_bse_zcu104/bladei_bse_zcu104.srcs/sources_1/bd/bse/ipshared/de07/hdl/ip/byte_statistics_engine_ap_fsub_2_no_dsp_32.vhd:72]
INFO: [Synth 8-6155] done synthesizing module 'byte_statistics_ekbM' (37#1) [c:/Users/mcrye/Downloads/bladei_bse_zcu104/bladei_bse_zcu104.srcs/sources_1/bd/bse/ipshared/de07/hdl/verilog/byte_statistics_ekbM.v:11]
INFO: [Synth 8-6157] synthesizing module 'byte_statistics_elbW' [c:/Users/mcrye/Downloads/bladei_bse_zcu104/bladei_bse_zcu104.srcs/sources_1/bd/bse/ipshared/de07/hdl/verilog/byte_statistics_elbW.v:11]
	Parameter ID bound to: 1 - type: integer 
	Parameter NUM_STAGE bound to: 2 - type: integer 
	Parameter din0_WIDTH bound to: 32 - type: integer 
	Parameter din1_WIDTH bound to: 32 - type: integer 
	Parameter dout_WIDTH bound to: 32 - type: integer 
INFO: [Synth 8-638] synthesizing module 'byte_statistics_engine_ap_fmul_0_max_dsp_32' [c:/Users/mcrye/Downloads/bladei_bse_zcu104/bladei_bse_zcu104.srcs/sources_1/bd/bse/ipshared/de07/hdl/ip/byte_statistics_engine_ap_fmul_0_max_dsp_32.vhd:70]
	Parameter C_XDEVICEFAMILY bound to: zynq - type: string 
	Parameter C_HAS_ADD bound to: 0 - type: integer 
	Parameter C_HAS_SUBTRACT bound to: 0 - type: integer 
	Parameter C_HAS_MULTIPLY bound to: 1 - type: integer 
	Parameter C_HAS_DIVIDE bound to: 0 - type: integer 
	Parameter C_HAS_SQRT bound to: 0 - type: integer 
	Parameter C_HAS_COMPARE bound to: 0 - type: integer 
	Parameter C_HAS_FIX_TO_FLT bound to: 0 - type: integer 
	Parameter C_HAS_FLT_TO_FIX bound to: 0 - type: integer 
	Parameter C_HAS_FLT_TO_FLT bound to: 0 - type: integer 
	Parameter C_HAS_RECIP bound to: 0 - type: integer 
	Parameter C_HAS_RECIP_SQRT bound to: 0 - type: integer 
	Parameter C_HAS_ABSOLUTE bound to: 0 - type: integer 
	Parameter C_HAS_LOGARITHM bound to: 0 - type: integer 
	Parameter C_HAS_EXPONENTIAL bound to: 0 - type: integer 
	Parameter C_HAS_FMA bound to: 0 - type: integer 
	Parameter C_HAS_FMS bound to: 0 - type: integer 
	Parameter C_HAS_ACCUMULATOR_A bound to: 0 - type: integer 
	Parameter C_HAS_ACCUMULATOR_S bound to: 0 - type: integer 
	Parameter C_A_WIDTH bound to: 32 - type: integer 
	Parameter C_A_FRACTION_WIDTH bound to: 24 - type: integer 
	Parameter C_B_WIDTH bound to: 32 - type: integer 
	Parameter C_B_FRACTION_WIDTH bound to: 24 - type: integer 
	Parameter C_C_WIDTH bound to: 32 - type: integer 
	Parameter C_C_FRACTION_WIDTH bound to: 24 - type: integer 
	Parameter C_RESULT_WIDTH bound to: 32 - type: integer 
	Parameter C_RESULT_FRACTION_WIDTH bound to: 24 - type: integer 
	Parameter C_COMPARE_OPERATION bound to: 8 - type: integer 
	Parameter C_LATENCY bound to: 0 - type: integer 
	Parameter C_OPTIMIZATION bound to: 1 - type: integer 
	Parameter C_MULT_USAGE bound to: 3 - type: integer 
	Parameter C_BRAM_USAGE bound to: 0 - type: integer 
	Parameter C_RATE bound to: 1 - type: integer 
	Parameter C_ACCUM_INPUT_MSB bound to: 32 - type: integer 
	Parameter C_ACCUM_MSB bound to: 32 - type: integer 
	Parameter C_ACCUM_LSB bound to: -31 - type: integer 
	Parameter C_HAS_UNDERFLOW bound to: 0 - type: integer 
	Parameter C_HAS_OVERFLOW bound to: 0 - type: integer 
	Parameter C_HAS_INVALID_OP bound to: 0 - type: integer 
	Parameter C_HAS_DIVIDE_BY_ZERO bound to: 0 - type: integer 
	Parameter C_HAS_ACCUM_OVERFLOW bound to: 0 - type: integer 
	Parameter C_HAS_ACCUM_INPUT_OVERFLOW bound to: 0 - type: integer 
	Parameter C_HAS_ACLKEN bound to: 0 - type: integer 
	Parameter C_HAS_ARESETN bound to: 0 - type: integer 
	Parameter C_THROTTLE_SCHEME bound to: 3 - type: integer 
	Parameter C_HAS_A_TUSER bound to: 0 - type: integer 
	Parameter C_HAS_A_TLAST bound to: 0 - type: integer 
	Parameter C_HAS_B bound to: 1 - type: integer 
	Parameter C_HAS_B_TUSER bound to: 0 - type: integer 
	Parameter C_HAS_B_TLAST bound to: 0 - type: integer 
	Parameter C_HAS_C bound to: 0 - type: integer 
	Parameter C_HAS_C_TUSER bound to: 0 - type: integer 
	Parameter C_HAS_C_TLAST bound to: 0 - type: integer 
	Parameter C_HAS_OPERATION bound to: 0 - type: integer 
	Parameter C_HAS_OPERATION_TUSER bound to: 0 - type: integer 
	Parameter C_HAS_OPERATION_TLAST bound to: 0 - type: integer 
	Parameter C_HAS_RESULT_TUSER bound to: 0 - type: integer 
	Parameter C_HAS_RESULT_TLAST bound to: 0 - type: integer 
	Parameter C_TLAST_RESOLUTION bound to: 0 - type: integer 
	Parameter C_A_TDATA_WIDTH bound to: 32 - type: integer 
	Parameter C_A_TUSER_WIDTH bound to: 1 - type: integer 
	Parameter C_B_TDATA_WIDTH bound to: 32 - type: integer 
	Parameter C_B_TUSER_WIDTH bound to: 1 - type: integer 
	Parameter C_C_TDATA_WIDTH bound to: 32 - type: integer 
	Parameter C_C_TUSER_WIDTH bound to: 1 - type: integer 
	Parameter C_OPERATION_TDATA_WIDTH bound to: 8 - type: integer 
	Parameter C_OPERATION_TUSER_WIDTH bound to: 1 - type: integer 
	Parameter C_RESULT_TDATA_WIDTH bound to: 32 - type: integer 
	Parameter C_RESULT_TUSER_WIDTH bound to: 1 - type: integer 
	Parameter C_FIXED_DATA_UNSIGNED bound to: 0 - type: integer 
INFO: [Synth 8-3491] module 'floating_point_v7_1_7' declared at 'c:/Users/mcrye/Downloads/bladei_bse_zcu104/bladei_bse_zcu104.srcs/sources_1/bd/bse/ipshared/c63e/hdl/floating_point_v7_1_vh_rfs.vhd:91615' bound to instance 'U0' of component 'floating_point_v7_1_7' [c:/Users/mcrye/Downloads/bladei_bse_zcu104/bladei_bse_zcu104.srcs/sources_1/bd/bse/ipshared/de07/hdl/ip/byte_statistics_engine_ap_fmul_0_max_dsp_32.vhd:198]
INFO: [Synth 8-256] done synthesizing module 'byte_statistics_engine_ap_fmul_0_max_dsp_32' (45#1) [c:/Users/mcrye/Downloads/bladei_bse_zcu104/bladei_bse_zcu104.srcs/sources_1/bd/bse/ipshared/de07/hdl/ip/byte_statistics_engine_ap_fmul_0_max_dsp_32.vhd:70]
INFO: [Synth 8-6155] done synthesizing module 'byte_statistics_elbW' (46#1) [c:/Users/mcrye/Downloads/bladei_bse_zcu104/bladei_bse_zcu104.srcs/sources_1/bd/bse/ipshared/de07/hdl/verilog/byte_statistics_elbW.v:11]
INFO: [Synth 8-6157] synthesizing module 'byte_statistics_emb6' [c:/Users/mcrye/Downloads/bladei_bse_zcu104/bladei_bse_zcu104.srcs/sources_1/bd/bse/ipshared/de07/hdl/verilog/byte_statistics_emb6.v:11]
	Parameter ID bound to: 1 - type: integer 
	Parameter NUM_STAGE bound to: 8 - type: integer 
	Parameter din0_WIDTH bound to: 32 - type: integer 
	Parameter din1_WIDTH bound to: 32 - type: integer 
	Parameter dout_WIDTH bound to: 32 - type: integer 
INFO: [Synth 8-638] synthesizing module 'byte_statistics_engine_ap_fdiv_6_no_dsp_32' [c:/Users/mcrye/Downloads/bladei_bse_zcu104/bladei_bse_zcu104.srcs/sources_1/bd/bse/ipshared/de07/hdl/ip/byte_statistics_engine_ap_fdiv_6_no_dsp_32.vhd:72]
	Parameter C_XDEVICEFAMILY bound to: zynq - type: string 
	Parameter C_HAS_ADD bound to: 0 - type: integer 
	Parameter C_HAS_SUBTRACT bound to: 0 - type: integer 
	Parameter C_HAS_MULTIPLY bound to: 0 - type: integer 
	Parameter C_HAS_DIVIDE bound to: 1 - type: integer 
	Parameter C_HAS_SQRT bound to: 0 - type: integer 
	Parameter C_HAS_COMPARE bound to: 0 - type: integer 
	Parameter C_HAS_FIX_TO_FLT bound to: 0 - type: integer 
	Parameter C_HAS_FLT_TO_FIX bound to: 0 - type: integer 
	Parameter C_HAS_FLT_TO_FLT bound to: 0 - type: integer 
	Parameter C_HAS_RECIP bound to: 0 - type: integer 
	Parameter C_HAS_RECIP_SQRT bound to: 0 - type: integer 
	Parameter C_HAS_ABSOLUTE bound to: 0 - type: integer 
	Parameter C_HAS_LOGARITHM bound to: 0 - type: integer 
	Parameter C_HAS_EXPONENTIAL bound to: 0 - type: integer 
	Parameter C_HAS_FMA bound to: 0 - type: integer 
	Parameter C_HAS_FMS bound to: 0 - type: integer 
	Parameter C_HAS_ACCUMULATOR_A bound to: 0 - type: integer 
	Parameter C_HAS_ACCUMULATOR_S bound to: 0 - type: integer 
	Parameter C_A_WIDTH bound to: 32 - type: integer 
	Parameter C_A_FRACTION_WIDTH bound to: 24 - type: integer 
	Parameter C_B_WIDTH bound to: 32 - type: integer 
	Parameter C_B_FRACTION_WIDTH bound to: 24 - type: integer 
	Parameter C_C_WIDTH bound to: 32 - type: integer 
	Parameter C_C_FRACTION_WIDTH bound to: 24 - type: integer 
	Parameter C_RESULT_WIDTH bound to: 32 - type: integer 
	Parameter C_RESULT_FRACTION_WIDTH bound to: 24 - type: integer 
	Parameter C_COMPARE_OPERATION bound to: 8 - type: integer 
	Parameter C_LATENCY bound to: 6 - type: integer 
	Parameter C_OPTIMIZATION bound to: 1 - type: integer 
	Parameter C_MULT_USAGE bound to: 0 - type: integer 
	Parameter C_BRAM_USAGE bound to: 0 - type: integer 
	Parameter C_RATE bound to: 1 - type: integer 
	Parameter C_ACCUM_INPUT_MSB bound to: 32 - type: integer 
	Parameter C_ACCUM_MSB bound to: 32 - type: integer 
	Parameter C_ACCUM_LSB bound to: -31 - type: integer 
	Parameter C_HAS_UNDERFLOW bound to: 0 - type: integer 
	Parameter C_HAS_OVERFLOW bound to: 0 - type: integer 
	Parameter C_HAS_INVALID_OP bound to: 0 - type: integer 
	Parameter C_HAS_DIVIDE_BY_ZERO bound to: 0 - type: integer 
	Parameter C_HAS_ACCUM_OVERFLOW bound to: 0 - type: integer 
	Parameter C_HAS_ACCUM_INPUT_OVERFLOW bound to: 0 - type: integer 
	Parameter C_HAS_ACLKEN bound to: 1 - type: integer 
	Parameter C_HAS_ARESETN bound to: 0 - type: integer 
	Parameter C_THROTTLE_SCHEME bound to: 3 - type: integer 
	Parameter C_HAS_A_TUSER bound to: 0 - type: integer 
	Parameter C_HAS_A_TLAST bound to: 0 - type: integer 
	Parameter C_HAS_B bound to: 1 - type: integer 
	Parameter C_HAS_B_TUSER bound to: 0 - type: integer 
	Parameter C_HAS_B_TLAST bound to: 0 - type: integer 
	Parameter C_HAS_C bound to: 0 - type: integer 
	Parameter C_HAS_C_TUSER bound to: 0 - type: integer 
	Parameter C_HAS_C_TLAST bound to: 0 - type: integer 
	Parameter C_HAS_OPERATION bound to: 0 - type: integer 
	Parameter C_HAS_OPERATION_TUSER bound to: 0 - type: integer 
	Parameter C_HAS_OPERATION_TLAST bound to: 0 - type: integer 
	Parameter C_HAS_RESULT_TUSER bound to: 0 - type: integer 
	Parameter C_HAS_RESULT_TLAST bound to: 0 - type: integer 
	Parameter C_TLAST_RESOLUTION bound to: 0 - type: integer 
	Parameter C_A_TDATA_WIDTH bound to: 32 - type: integer 
	Parameter C_A_TUSER_WIDTH bound to: 1 - type: integer 
	Parameter C_B_TDATA_WIDTH bound to: 32 - type: integer 
	Parameter C_B_TUSER_WIDTH bound to: 1 - type: integer 
	Parameter C_C_TDATA_WIDTH bound to: 32 - type: integer 
	Parameter C_C_TUSER_WIDTH bound to: 1 - type: integer 
	Parameter C_OPERATION_TDATA_WIDTH bound to: 8 - type: integer 
	Parameter C_OPERATION_TUSER_WIDTH bound to: 1 - type: integer 
	Parameter C_RESULT_TDATA_WIDTH bound to: 32 - type: integer 
	Parameter C_RESULT_TUSER_WIDTH bound to: 1 - type: integer 
	Parameter C_FIXED_DATA_UNSIGNED bound to: 0 - type: integer 
INFO: [Synth 8-3491] module 'floating_point_v7_1_7' declared at 'c:/Users/mcrye/Downloads/bladei_bse_zcu104/bladei_bse_zcu104.srcs/sources_1/bd/bse/ipshared/c63e/hdl/floating_point_v7_1_vh_rfs.vhd:91615' bound to instance 'U0' of component 'floating_point_v7_1_7' [c:/Users/mcrye/Downloads/bladei_bse_zcu104/bladei_bse_zcu104.srcs/sources_1/bd/bse/ipshared/de07/hdl/ip/byte_statistics_engine_ap_fdiv_6_no_dsp_32.vhd:204]
INFO: [Synth 8-256] done synthesizing module 'byte_statistics_engine_ap_fdiv_6_no_dsp_32' (51#1) [c:/Users/mcrye/Downloads/bladei_bse_zcu104/bladei_bse_zcu104.srcs/sources_1/bd/bse/ipshared/de07/hdl/ip/byte_statistics_engine_ap_fdiv_6_no_dsp_32.vhd:72]
INFO: [Synth 8-6155] done synthesizing module 'byte_statistics_emb6' (52#1) [c:/Users/mcrye/Downloads/bladei_bse_zcu104/bladei_bse_zcu104.srcs/sources_1/bd/bse/ipshared/de07/hdl/verilog/byte_statistics_emb6.v:11]
INFO: [Synth 8-6157] synthesizing module 'byte_statistics_encg' [c:/Users/mcrye/Downloads/bladei_bse_zcu104/bladei_bse_zcu104.srcs/sources_1/bd/bse/ipshared/de07/hdl/verilog/byte_statistics_encg.v:11]
	Parameter ID bound to: 1 - type: integer 
	Parameter NUM_STAGE bound to: 3 - type: integer 
	Parameter din0_WIDTH bound to: 32 - type: integer 
	Parameter dout_WIDTH bound to: 32 - type: integer 
INFO: [Synth 8-638] synthesizing module 'byte_statistics_engine_ap_uitofp_1_no_dsp_32' [c:/Users/mcrye/Downloads/bladei_bse_zcu104/bladei_bse_zcu104.srcs/sources_1/bd/bse/ipshared/de07/hdl/ip/byte_statistics_engine_ap_uitofp_1_no_dsp_32.vhd:70]
	Parameter C_XDEVICEFAMILY bound to: zynq - type: string 
	Parameter C_HAS_ADD bound to: 0 - type: integer 
	Parameter C_HAS_SUBTRACT bound to: 0 - type: integer 
	Parameter C_HAS_MULTIPLY bound to: 0 - type: integer 
	Parameter C_HAS_DIVIDE bound to: 0 - type: integer 
	Parameter C_HAS_SQRT bound to: 0 - type: integer 
	Parameter C_HAS_COMPARE bound to: 0 - type: integer 
	Parameter C_HAS_FIX_TO_FLT bound to: 1 - type: integer 
	Parameter C_HAS_FLT_TO_FIX bound to: 0 - type: integer 
	Parameter C_HAS_FLT_TO_FLT bound to: 0 - type: integer 
	Parameter C_HAS_RECIP bound to: 0 - type: integer 
	Parameter C_HAS_RECIP_SQRT bound to: 0 - type: integer 
	Parameter C_HAS_ABSOLUTE bound to: 0 - type: integer 
	Parameter C_HAS_LOGARITHM bound to: 0 - type: integer 
	Parameter C_HAS_EXPONENTIAL bound to: 0 - type: integer 
	Parameter C_HAS_FMA bound to: 0 - type: integer 
	Parameter C_HAS_FMS bound to: 0 - type: integer 
	Parameter C_HAS_ACCUMULATOR_A bound to: 0 - type: integer 
	Parameter C_HAS_ACCUMULATOR_S bound to: 0 - type: integer 
	Parameter C_A_WIDTH bound to: 64 - type: integer 
	Parameter C_A_FRACTION_WIDTH bound to: 0 - type: integer 
	Parameter C_B_WIDTH bound to: 64 - type: integer 
	Parameter C_B_FRACTION_WIDTH bound to: 0 - type: integer 
	Parameter C_C_WIDTH bound to: 64 - type: integer 
	Parameter C_C_FRACTION_WIDTH bound to: 0 - type: integer 
	Parameter C_RESULT_WIDTH bound to: 32 - type: integer 
	Parameter C_RESULT_FRACTION_WIDTH bound to: 24 - type: integer 
	Parameter C_COMPARE_OPERATION bound to: 8 - type: integer 
	Parameter C_LATENCY bound to: 1 - type: integer 
	Parameter C_OPTIMIZATION bound to: 1 - type: integer 
	Parameter C_MULT_USAGE bound to: 0 - type: integer 
	Parameter C_BRAM_USAGE bound to: 0 - type: integer 
	Parameter C_RATE bound to: 1 - type: integer 
	Parameter C_ACCUM_INPUT_MSB bound to: 32 - type: integer 
	Parameter C_ACCUM_MSB bound to: 32 - type: integer 
	Parameter C_ACCUM_LSB bound to: -31 - type: integer 
	Parameter C_HAS_UNDERFLOW bound to: 0 - type: integer 
	Parameter C_HAS_OVERFLOW bound to: 0 - type: integer 
	Parameter C_HAS_INVALID_OP bound to: 0 - type: integer 
	Parameter C_HAS_DIVIDE_BY_ZERO bound to: 0 - type: integer 
	Parameter C_HAS_ACCUM_OVERFLOW bound to: 0 - type: integer 
	Parameter C_HAS_ACCUM_INPUT_OVERFLOW bound to: 0 - type: integer 
	Parameter C_HAS_ACLKEN bound to: 1 - type: integer 
	Parameter C_HAS_ARESETN bound to: 0 - type: integer 
	Parameter C_THROTTLE_SCHEME bound to: 3 - type: integer 
	Parameter C_HAS_A_TUSER bound to: 0 - type: integer 
	Parameter C_HAS_A_TLAST bound to: 0 - type: integer 
	Parameter C_HAS_B bound to: 0 - type: integer 
	Parameter C_HAS_B_TUSER bound to: 0 - type: integer 
	Parameter C_HAS_B_TLAST bound to: 0 - type: integer 
	Parameter C_HAS_C bound to: 0 - type: integer 
	Parameter C_HAS_C_TUSER bound to: 0 - type: integer 
	Parameter C_HAS_C_TLAST bound to: 0 - type: integer 
	Parameter C_HAS_OPERATION bound to: 0 - type: integer 
	Parameter C_HAS_OPERATION_TUSER bound to: 0 - type: integer 
	Parameter C_HAS_OPERATION_TLAST bound to: 0 - type: integer 
	Parameter C_HAS_RESULT_TUSER bound to: 0 - type: integer 
	Parameter C_HAS_RESULT_TLAST bound to: 0 - type: integer 
	Parameter C_TLAST_RESOLUTION bound to: 0 - type: integer 
	Parameter C_A_TDATA_WIDTH bound to: 64 - type: integer 
	Parameter C_A_TUSER_WIDTH bound to: 1 - type: integer 
	Parameter C_B_TDATA_WIDTH bound to: 64 - type: integer 
	Parameter C_B_TUSER_WIDTH bound to: 1 - type: integer 
	Parameter C_C_TDATA_WIDTH bound to: 64 - type: integer 
	Parameter C_C_TUSER_WIDTH bound to: 1 - type: integer 
	Parameter C_OPERATION_TDATA_WIDTH bound to: 8 - type: integer 
	Parameter C_OPERATION_TUSER_WIDTH bound to: 1 - type: integer 
	Parameter C_RESULT_TDATA_WIDTH bound to: 32 - type: integer 
	Parameter C_RESULT_TUSER_WIDTH bound to: 1 - type: integer 
	Parameter C_FIXED_DATA_UNSIGNED bound to: 0 - type: integer 
INFO: [Synth 8-3491] module 'floating_point_v7_1_7' declared at 'c:/Users/mcrye/Downloads/bladei_bse_zcu104/bladei_bse_zcu104.srcs/sources_1/bd/bse/ipshared/c63e/hdl/floating_point_v7_1_vh_rfs.vhd:91615' bound to instance 'U0' of component 'floating_point_v7_1_7' [c:/Users/mcrye/Downloads/bladei_bse_zcu104/bladei_bse_zcu104.srcs/sources_1/bd/bse/ipshared/de07/hdl/ip/byte_statistics_engine_ap_uitofp_1_no_dsp_32.vhd:199]
INFO: [Synth 8-256] done synthesizing module 'byte_statistics_engine_ap_uitofp_1_no_dsp_32' (56#1) [c:/Users/mcrye/Downloads/bladei_bse_zcu104/bladei_bse_zcu104.srcs/sources_1/bd/bse/ipshared/de07/hdl/ip/byte_statistics_engine_ap_uitofp_1_no_dsp_32.vhd:70]
INFO: [Synth 8-6155] done synthesizing module 'byte_statistics_encg' (57#1) [c:/Users/mcrye/Downloads/bladei_bse_zcu104/bladei_bse_zcu104.srcs/sources_1/bd/bse/ipshared/de07/hdl/verilog/byte_statistics_encg.v:11]
INFO: [Synth 8-6157] synthesizing module 'byte_statistics_eocq' [c:/Users/mcrye/Downloads/bladei_bse_zcu104/bladei_bse_zcu104.srcs/sources_1/bd/bse/ipshared/de07/hdl/verilog/byte_statistics_eocq.v:11]
	Parameter ID bound to: 1 - type: integer 
	Parameter NUM_STAGE bound to: 1 - type: integer 
	Parameter din0_WIDTH bound to: 32 - type: integer 
	Parameter din1_WIDTH bound to: 32 - type: integer 
	Parameter dout_WIDTH bound to: 1 - type: integer 
	Parameter AP_OEQ bound to: 5'b00001 
	Parameter AP_OGT bound to: 5'b00010 
	Parameter AP_OGE bound to: 5'b00011 
	Parameter AP_OLT bound to: 5'b00100 
	Parameter AP_OLE bound to: 5'b00101 
	Parameter AP_ONE bound to: 5'b00110 
	Parameter AP_UNO bound to: 5'b01000 
	Parameter OP_EQ bound to: 8'b00010100 
	Parameter OP_GT bound to: 8'b00100100 
	Parameter OP_GE bound to: 8'b00110100 
	Parameter OP_LT bound to: 8'b00001100 
	Parameter OP_LE bound to: 8'b00011100 
	Parameter OP_NE bound to: 8'b00101100 
	Parameter OP_UO bound to: 8'b00000100 
INFO: [Synth 8-638] synthesizing module 'byte_statistics_engine_ap_fcmp_0_no_dsp_32' [c:/Users/mcrye/Downloads/bladei_bse_zcu104/bladei_bse_zcu104.srcs/sources_1/bd/bse/ipshared/de07/hdl/ip/byte_statistics_engine_ap_fcmp_0_no_dsp_32.vhd:72]
	Parameter C_XDEVICEFAMILY bound to: zynq - type: string 
	Parameter C_HAS_ADD bound to: 0 - type: integer 
	Parameter C_HAS_SUBTRACT bound to: 0 - type: integer 
	Parameter C_HAS_MULTIPLY bound to: 0 - type: integer 
	Parameter C_HAS_DIVIDE bound to: 0 - type: integer 
	Parameter C_HAS_SQRT bound to: 0 - type: integer 
	Parameter C_HAS_COMPARE bound to: 1 - type: integer 
	Parameter C_HAS_FIX_TO_FLT bound to: 0 - type: integer 
	Parameter C_HAS_FLT_TO_FIX bound to: 0 - type: integer 
	Parameter C_HAS_FLT_TO_FLT bound to: 0 - type: integer 
	Parameter C_HAS_RECIP bound to: 0 - type: integer 
	Parameter C_HAS_RECIP_SQRT bound to: 0 - type: integer 
	Parameter C_HAS_ABSOLUTE bound to: 0 - type: integer 
	Parameter C_HAS_LOGARITHM bound to: 0 - type: integer 
	Parameter C_HAS_EXPONENTIAL bound to: 0 - type: integer 
	Parameter C_HAS_FMA bound to: 0 - type: integer 
	Parameter C_HAS_FMS bound to: 0 - type: integer 
	Parameter C_HAS_ACCUMULATOR_A bound to: 0 - type: integer 
	Parameter C_HAS_ACCUMULATOR_S bound to: 0 - type: integer 
	Parameter C_A_WIDTH bound to: 32 - type: integer 
	Parameter C_A_FRACTION_WIDTH bound to: 24 - type: integer 
	Parameter C_B_WIDTH bound to: 32 - type: integer 
	Parameter C_B_FRACTION_WIDTH bound to: 24 - type: integer 
	Parameter C_C_WIDTH bound to: 32 - type: integer 
	Parameter C_C_FRACTION_WIDTH bound to: 24 - type: integer 
	Parameter C_RESULT_WIDTH bound to: 1 - type: integer 
	Parameter C_RESULT_FRACTION_WIDTH bound to: 0 - type: integer 
	Parameter C_COMPARE_OPERATION bound to: 8 - type: integer 
	Parameter C_LATENCY bound to: 0 - type: integer 
	Parameter C_OPTIMIZATION bound to: 1 - type: integer 
	Parameter C_MULT_USAGE bound to: 0 - type: integer 
	Parameter C_BRAM_USAGE bound to: 0 - type: integer 
	Parameter C_RATE bound to: 1 - type: integer 
	Parameter C_ACCUM_INPUT_MSB bound to: 32 - type: integer 
	Parameter C_ACCUM_MSB bound to: 32 - type: integer 
	Parameter C_ACCUM_LSB bound to: -31 - type: integer 
	Parameter C_HAS_UNDERFLOW bound to: 0 - type: integer 
	Parameter C_HAS_OVERFLOW bound to: 0 - type: integer 
	Parameter C_HAS_INVALID_OP bound to: 0 - type: integer 
	Parameter C_HAS_DIVIDE_BY_ZERO bound to: 0 - type: integer 
	Parameter C_HAS_ACCUM_OVERFLOW bound to: 0 - type: integer 
	Parameter C_HAS_ACCUM_INPUT_OVERFLOW bound to: 0 - type: integer 
	Parameter C_HAS_ACLKEN bound to: 0 - type: integer 
	Parameter C_HAS_ARESETN bound to: 0 - type: integer 
	Parameter C_THROTTLE_SCHEME bound to: 3 - type: integer 
	Parameter C_HAS_A_TUSER bound to: 0 - type: integer 
	Parameter C_HAS_A_TLAST bound to: 0 - type: integer 
	Parameter C_HAS_B bound to: 1 - type: integer 
	Parameter C_HAS_B_TUSER bound to: 0 - type: integer 
	Parameter C_HAS_B_TLAST bound to: 0 - type: integer 
	Parameter C_HAS_C bound to: 0 - type: integer 
	Parameter C_HAS_C_TUSER bound to: 0 - type: integer 
	Parameter C_HAS_C_TLAST bound to: 0 - type: integer 
	Parameter C_HAS_OPERATION bound to: 1 - type: integer 
	Parameter C_HAS_OPERATION_TUSER bound to: 0 - type: integer 
	Parameter C_HAS_OPERATION_TLAST bound to: 0 - type: integer 
	Parameter C_HAS_RESULT_TUSER bound to: 0 - type: integer 
	Parameter C_HAS_RESULT_TLAST bound to: 0 - type: integer 
	Parameter C_TLAST_RESOLUTION bound to: 0 - type: integer 
	Parameter C_A_TDATA_WIDTH bound to: 32 - type: integer 
	Parameter C_A_TUSER_WIDTH bound to: 1 - type: integer 
	Parameter C_B_TDATA_WIDTH bound to: 32 - type: integer 
	Parameter C_B_TUSER_WIDTH bound to: 1 - type: integer 
	Parameter C_C_TDATA_WIDTH bound to: 32 - type: integer 
	Parameter C_C_TUSER_WIDTH bound to: 1 - type: integer 
	Parameter C_OPERATION_TDATA_WIDTH bound to: 8 - type: integer 
	Parameter C_OPERATION_TUSER_WIDTH bound to: 1 - type: integer 
	Parameter C_RESULT_TDATA_WIDTH bound to: 8 - type: integer 
	Parameter C_RESULT_TUSER_WIDTH bound to: 1 - type: integer 
	Parameter C_FIXED_DATA_UNSIGNED bound to: 0 - type: integer 
INFO: [Synth 8-3491] module 'floating_point_v7_1_7' declared at 'c:/Users/mcrye/Downloads/bladei_bse_zcu104/bladei_bse_zcu104.srcs/sources_1/bd/bse/ipshared/c63e/hdl/floating_point_v7_1_vh_rfs.vhd:91615' bound to instance 'U0' of component 'floating_point_v7_1_7' [c:/Users/mcrye/Downloads/bladei_bse_zcu104/bladei_bse_zcu104.srcs/sources_1/bd/bse/ipshared/de07/hdl/ip/byte_statistics_engine_ap_fcmp_0_no_dsp_32.vhd:203]
INFO: [Synth 8-256] done synthesizing module 'byte_statistics_engine_ap_fcmp_0_no_dsp_32' (61#1) [c:/Users/mcrye/Downloads/bladei_bse_zcu104/bladei_bse_zcu104.srcs/sources_1/bd/bse/ipshared/de07/hdl/ip/byte_statistics_engine_ap_fcmp_0_no_dsp_32.vhd:72]
INFO: [Synth 8-6155] done synthesizing module 'byte_statistics_eocq' (62#1) [c:/Users/mcrye/Downloads/bladei_bse_zcu104/bladei_bse_zcu104.srcs/sources_1/bd/bse/ipshared/de07/hdl/verilog/byte_statistics_eocq.v:11]
INFO: [Synth 8-6157] synthesizing module 'byte_statistics_epcA' [c:/Users/mcrye/Downloads/bladei_bse_zcu104/bladei_bse_zcu104.srcs/sources_1/bd/bse/ipshared/de07/hdl/verilog/byte_statistics_epcA.v:11]
	Parameter ID bound to: 1 - type: integer 
	Parameter NUM_STAGE bound to: 7 - type: integer 
	Parameter din0_WIDTH bound to: 32 - type: integer 
	Parameter din1_WIDTH bound to: 32 - type: integer 
	Parameter dout_WIDTH bound to: 32 - type: integer 
INFO: [Synth 8-638] synthesizing module 'byte_statistics_engine_ap_fsqrt_5_no_dsp_32' [c:/Users/mcrye/Downloads/bladei_bse_zcu104/bladei_bse_zcu104.srcs/sources_1/bd/bse/ipshared/de07/hdl/ip/byte_statistics_engine_ap_fsqrt_5_no_dsp_32.vhd:70]
	Parameter C_XDEVICEFAMILY bound to: zynq - type: string 
	Parameter C_HAS_ADD bound to: 0 - type: integer 
	Parameter C_HAS_SUBTRACT bound to: 0 - type: integer 
	Parameter C_HAS_MULTIPLY bound to: 0 - type: integer 
	Parameter C_HAS_DIVIDE bound to: 0 - type: integer 
	Parameter C_HAS_SQRT bound to: 1 - type: integer 
	Parameter C_HAS_COMPARE bound to: 0 - type: integer 
	Parameter C_HAS_FIX_TO_FLT bound to: 0 - type: integer 
	Parameter C_HAS_FLT_TO_FIX bound to: 0 - type: integer 
	Parameter C_HAS_FLT_TO_FLT bound to: 0 - type: integer 
	Parameter C_HAS_RECIP bound to: 0 - type: integer 
	Parameter C_HAS_RECIP_SQRT bound to: 0 - type: integer 
	Parameter C_HAS_ABSOLUTE bound to: 0 - type: integer 
	Parameter C_HAS_LOGARITHM bound to: 0 - type: integer 
	Parameter C_HAS_EXPONENTIAL bound to: 0 - type: integer 
	Parameter C_HAS_FMA bound to: 0 - type: integer 
	Parameter C_HAS_FMS bound to: 0 - type: integer 
	Parameter C_HAS_ACCUMULATOR_A bound to: 0 - type: integer 
	Parameter C_HAS_ACCUMULATOR_S bound to: 0 - type: integer 
	Parameter C_A_WIDTH bound to: 32 - type: integer 
	Parameter C_A_FRACTION_WIDTH bound to: 24 - type: integer 
	Parameter C_B_WIDTH bound to: 32 - type: integer 
	Parameter C_B_FRACTION_WIDTH bound to: 24 - type: integer 
	Parameter C_C_WIDTH bound to: 32 - type: integer 
	Parameter C_C_FRACTION_WIDTH bound to: 24 - type: integer 
	Parameter C_RESULT_WIDTH bound to: 32 - type: integer 
	Parameter C_RESULT_FRACTION_WIDTH bound to: 24 - type: integer 
	Parameter C_COMPARE_OPERATION bound to: 8 - type: integer 
	Parameter C_LATENCY bound to: 5 - type: integer 
	Parameter C_OPTIMIZATION bound to: 1 - type: integer 
	Parameter C_MULT_USAGE bound to: 0 - type: integer 
	Parameter C_BRAM_USAGE bound to: 0 - type: integer 
	Parameter C_RATE bound to: 1 - type: integer 
	Parameter C_ACCUM_INPUT_MSB bound to: 32 - type: integer 
	Parameter C_ACCUM_MSB bound to: 32 - type: integer 
	Parameter C_ACCUM_LSB bound to: -31 - type: integer 
	Parameter C_HAS_UNDERFLOW bound to: 0 - type: integer 
	Parameter C_HAS_OVERFLOW bound to: 0 - type: integer 
	Parameter C_HAS_INVALID_OP bound to: 0 - type: integer 
	Parameter C_HAS_DIVIDE_BY_ZERO bound to: 0 - type: integer 
	Parameter C_HAS_ACCUM_OVERFLOW bound to: 0 - type: integer 
	Parameter C_HAS_ACCUM_INPUT_OVERFLOW bound to: 0 - type: integer 
	Parameter C_HAS_ACLKEN bound to: 1 - type: integer 
	Parameter C_HAS_ARESETN bound to: 0 - type: integer 
	Parameter C_THROTTLE_SCHEME bound to: 3 - type: integer 
	Parameter C_HAS_A_TUSER bound to: 0 - type: integer 
	Parameter C_HAS_A_TLAST bound to: 0 - type: integer 
	Parameter C_HAS_B bound to: 0 - type: integer 
	Parameter C_HAS_B_TUSER bound to: 0 - type: integer 
	Parameter C_HAS_B_TLAST bound to: 0 - type: integer 
	Parameter C_HAS_C bound to: 0 - type: integer 
	Parameter C_HAS_C_TUSER bound to: 0 - type: integer 
	Parameter C_HAS_C_TLAST bound to: 0 - type: integer 
	Parameter C_HAS_OPERATION bound to: 0 - type: integer 
	Parameter C_HAS_OPERATION_TUSER bound to: 0 - type: integer 
	Parameter C_HAS_OPERATION_TLAST bound to: 0 - type: integer 
	Parameter C_HAS_RESULT_TUSER bound to: 0 - type: integer 
	Parameter C_HAS_RESULT_TLAST bound to: 0 - type: integer 
	Parameter C_TLAST_RESOLUTION bound to: 0 - type: integer 
	Parameter C_A_TDATA_WIDTH bound to: 32 - type: integer 
	Parameter C_A_TUSER_WIDTH bound to: 1 - type: integer 
	Parameter C_B_TDATA_WIDTH bound to: 32 - type: integer 
	Parameter C_B_TUSER_WIDTH bound to: 1 - type: integer 
	Parameter C_C_TDATA_WIDTH bound to: 32 - type: integer 
	Parameter C_C_TUSER_WIDTH bound to: 1 - type: integer 
	Parameter C_OPERATION_TDATA_WIDTH bound to: 8 - type: integer 
	Parameter C_OPERATION_TUSER_WIDTH bound to: 1 - type: integer 
	Parameter C_RESULT_TDATA_WIDTH bound to: 32 - type: integer 
	Parameter C_RESULT_TUSER_WIDTH bound to: 1 - type: integer 
	Parameter C_FIXED_DATA_UNSIGNED bound to: 0 - type: integer 
INFO: [Synth 8-3491] module 'floating_point_v7_1_7' declared at 'c:/Users/mcrye/Downloads/bladei_bse_zcu104/bladei_bse_zcu104.srcs/sources_1/bd/bse/ipshared/c63e/hdl/floating_point_v7_1_vh_rfs.vhd:91615' bound to instance 'U0' of component 'floating_point_v7_1_7' [c:/Users/mcrye/Downloads/bladei_bse_zcu104/bladei_bse_zcu104.srcs/sources_1/bd/bse/ipshared/de07/hdl/ip/byte_statistics_engine_ap_fsqrt_5_no_dsp_32.vhd:199]
INFO: [Synth 8-256] done synthesizing module 'byte_statistics_engine_ap_fsqrt_5_no_dsp_32' (67#1) [c:/Users/mcrye/Downloads/bladei_bse_zcu104/bladei_bse_zcu104.srcs/sources_1/bd/bse/ipshared/de07/hdl/ip/byte_statistics_engine_ap_fsqrt_5_no_dsp_32.vhd:70]
INFO: [Synth 8-6155] done synthesizing module 'byte_statistics_epcA' (68#1) [c:/Users/mcrye/Downloads/bladei_bse_zcu104/bladei_bse_zcu104.srcs/sources_1/bd/bse/ipshared/de07/hdl/verilog/byte_statistics_epcA.v:11]
INFO: [Synth 8-6157] synthesizing module 'byte_statistics_eqcK' [c:/Users/mcrye/Downloads/bladei_bse_zcu104/bladei_bse_zcu104.srcs/sources_1/bd/bse/ipshared/de07/hdl/verilog/byte_statistics_eqcK.v:11]
	Parameter ID bound to: 1 - type: integer 
	Parameter NUM_STAGE bound to: 6 - type: integer 
	Parameter din0_WIDTH bound to: 32 - type: integer 
	Parameter din1_WIDTH bound to: 32 - type: integer 
	Parameter dout_WIDTH bound to: 32 - type: integer 
INFO: [Synth 8-638] synthesizing module 'byte_statistics_engine_ap_flog_4_full_dsp_32' [c:/Users/mcrye/Downloads/bladei_bse_zcu104/bladei_bse_zcu104.srcs/sources_1/bd/bse/ipshared/de07/hdl/ip/byte_statistics_engine_ap_flog_4_full_dsp_32.vhd:70]
	Parameter C_XDEVICEFAMILY bound to: zynq - type: string 
	Parameter C_HAS_ADD bound to: 0 - type: integer 
	Parameter C_HAS_SUBTRACT bound to: 0 - type: integer 
	Parameter C_HAS_MULTIPLY bound to: 0 - type: integer 
	Parameter C_HAS_DIVIDE bound to: 0 - type: integer 
	Parameter C_HAS_SQRT bound to: 0 - type: integer 
	Parameter C_HAS_COMPARE bound to: 0 - type: integer 
	Parameter C_HAS_FIX_TO_FLT bound to: 0 - type: integer 
	Parameter C_HAS_FLT_TO_FIX bound to: 0 - type: integer 
	Parameter C_HAS_FLT_TO_FLT bound to: 0 - type: integer 
	Parameter C_HAS_RECIP bound to: 0 - type: integer 
	Parameter C_HAS_RECIP_SQRT bound to: 0 - type: integer 
	Parameter C_HAS_ABSOLUTE bound to: 0 - type: integer 
	Parameter C_HAS_LOGARITHM bound to: 1 - type: integer 
	Parameter C_HAS_EXPONENTIAL bound to: 0 - type: integer 
	Parameter C_HAS_FMA bound to: 0 - type: integer 
	Parameter C_HAS_FMS bound to: 0 - type: integer 
	Parameter C_HAS_ACCUMULATOR_A bound to: 0 - type: integer 
	Parameter C_HAS_ACCUMULATOR_S bound to: 0 - type: integer 
	Parameter C_A_WIDTH bound to: 32 - type: integer 
	Parameter C_A_FRACTION_WIDTH bound to: 24 - type: integer 
	Parameter C_B_WIDTH bound to: 32 - type: integer 
	Parameter C_B_FRACTION_WIDTH bound to: 24 - type: integer 
	Parameter C_C_WIDTH bound to: 32 - type: integer 
	Parameter C_C_FRACTION_WIDTH bound to: 24 - type: integer 
	Parameter C_RESULT_WIDTH bound to: 32 - type: integer 
	Parameter C_RESULT_FRACTION_WIDTH bound to: 24 - type: integer 
	Parameter C_COMPARE_OPERATION bound to: 8 - type: integer 
	Parameter C_LATENCY bound to: 4 - type: integer 
	Parameter C_OPTIMIZATION bound to: 1 - type: integer 
	Parameter C_MULT_USAGE bound to: 2 - type: integer 
	Parameter C_BRAM_USAGE bound to: 0 - type: integer 
	Parameter C_RATE bound to: 1 - type: integer 
	Parameter C_ACCUM_INPUT_MSB bound to: 32 - type: integer 
	Parameter C_ACCUM_MSB bound to: 32 - type: integer 
	Parameter C_ACCUM_LSB bound to: -31 - type: integer 
	Parameter C_HAS_UNDERFLOW bound to: 0 - type: integer 
	Parameter C_HAS_OVERFLOW bound to: 0 - type: integer 
	Parameter C_HAS_INVALID_OP bound to: 0 - type: integer 
	Parameter C_HAS_DIVIDE_BY_ZERO bound to: 0 - type: integer 
	Parameter C_HAS_ACCUM_OVERFLOW bound to: 0 - type: integer 
	Parameter C_HAS_ACCUM_INPUT_OVERFLOW bound to: 0 - type: integer 
	Parameter C_HAS_ACLKEN bound to: 1 - type: integer 
	Parameter C_HAS_ARESETN bound to: 0 - type: integer 
	Parameter C_THROTTLE_SCHEME bound to: 3 - type: integer 
	Parameter C_HAS_A_TUSER bound to: 0 - type: integer 
	Parameter C_HAS_A_TLAST bound to: 0 - type: integer 
	Parameter C_HAS_B bound to: 0 - type: integer 
	Parameter C_HAS_B_TUSER bound to: 0 - type: integer 
	Parameter C_HAS_B_TLAST bound to: 0 - type: integer 
	Parameter C_HAS_C bound to: 0 - type: integer 
	Parameter C_HAS_C_TUSER bound to: 0 - type: integer 
	Parameter C_HAS_C_TLAST bound to: 0 - type: integer 
	Parameter C_HAS_OPERATION bound to: 0 - type: integer 
	Parameter C_HAS_OPERATION_TUSER bound to: 0 - type: integer 
	Parameter C_HAS_OPERATION_TLAST bound to: 0 - type: integer 
	Parameter C_HAS_RESULT_TUSER bound to: 0 - type: integer 
	Parameter C_HAS_RESULT_TLAST bound to: 0 - type: integer 
	Parameter C_TLAST_RESOLUTION bound to: 0 - type: integer 
	Parameter C_A_TDATA_WIDTH bound to: 32 - type: integer 
	Parameter C_A_TUSER_WIDTH bound to: 1 - type: integer 
	Parameter C_B_TDATA_WIDTH bound to: 32 - type: integer 
	Parameter C_B_TUSER_WIDTH bound to: 1 - type: integer 
	Parameter C_C_TDATA_WIDTH bound to: 32 - type: integer 
	Parameter C_C_TUSER_WIDTH bound to: 1 - type: integer 
	Parameter C_OPERATION_TDATA_WIDTH bound to: 8 - type: integer 
	Parameter C_OPERATION_TUSER_WIDTH bound to: 1 - type: integer 
	Parameter C_RESULT_TDATA_WIDTH bound to: 32 - type: integer 
	Parameter C_RESULT_TUSER_WIDTH bound to: 1 - type: integer 
	Parameter C_FIXED_DATA_UNSIGNED bound to: 0 - type: integer 
INFO: [Synth 8-3491] module 'floating_point_v7_1_7' declared at 'c:/Users/mcrye/Downloads/bladei_bse_zcu104/bladei_bse_zcu104.srcs/sources_1/bd/bse/ipshared/c63e/hdl/floating_point_v7_1_vh_rfs.vhd:91615' bound to instance 'U0' of component 'floating_point_v7_1_7' [c:/Users/mcrye/Downloads/bladei_bse_zcu104/bladei_bse_zcu104.srcs/sources_1/bd/bse/ipshared/de07/hdl/ip/byte_statistics_engine_ap_flog_4_full_dsp_32.vhd:199]
WARNING: [Synth 8-5974] attribute "use_dsp48" has been deprecated, please use "use_dsp" instead 
WARNING: [Synth 8-5974] attribute "use_dsp48" has been deprecated, please use "use_dsp" instead 
WARNING: [Synth 8-5974] attribute "use_dsp48" has been deprecated, please use "use_dsp" instead 
INFO: [Synth 8-256] done synthesizing module 'byte_statistics_engine_ap_flog_4_full_dsp_32' (100#1) [c:/Users/mcrye/Downloads/bladei_bse_zcu104/bladei_bse_zcu104.srcs/sources_1/bd/bse/ipshared/de07/hdl/ip/byte_statistics_engine_ap_flog_4_full_dsp_32.vhd:70]
INFO: [Synth 8-6155] done synthesizing module 'byte_statistics_eqcK' (101#1) [c:/Users/mcrye/Downloads/bladei_bse_zcu104/bladei_bse_zcu104.srcs/sources_1/bd/bse/ipshared/de07/hdl/verilog/byte_statistics_eqcK.v:11]
INFO: [Synth 8-6157] synthesizing module 'byte_statistics_ercU' [c:/Users/mcrye/Downloads/bladei_bse_zcu104/bladei_bse_zcu104.srcs/sources_1/bd/bse/ipshared/de07/hdl/verilog/byte_statistics_ercU.v:11]
	Parameter ID bound to: 1 - type: integer 
	Parameter NUM_STAGE bound to: 1 - type: integer 
	Parameter din0_WIDTH bound to: 32 - type: integer 
	Parameter din1_WIDTH bound to: 32 - type: integer 
	Parameter din2_WIDTH bound to: 32 - type: integer 
	Parameter din3_WIDTH bound to: 32 - type: integer 
	Parameter din4_WIDTH bound to: 32 - type: integer 
	Parameter din5_WIDTH bound to: 32 - type: integer 
	Parameter din6_WIDTH bound to: 32 - type: integer 
	Parameter din7_WIDTH bound to: 32 - type: integer 
	Parameter din8_WIDTH bound to: 8 - type: integer 
	Parameter dout_WIDTH bound to: 32 - type: integer 
INFO: [Synth 8-6155] done synthesizing module 'byte_statistics_ercU' (102#1) [c:/Users/mcrye/Downloads/bladei_bse_zcu104/bladei_bse_zcu104.srcs/sources_1/bd/bse/ipshared/de07/hdl/verilog/byte_statistics_ercU.v:11]
INFO: [Synth 8-6157] synthesizing module 'byte_statistics_esc4' [c:/Users/mcrye/Downloads/bladei_bse_zcu104/bladei_bse_zcu104.srcs/sources_1/bd/bse/ipshared/de07/hdl/verilog/byte_statistics_esc4.v:11]
	Parameter ID bound to: 1 - type: integer 
	Parameter NUM_STAGE bound to: 1 - type: integer 
	Parameter din0_WIDTH bound to: 64 - type: integer 
	Parameter din1_WIDTH bound to: 64 - type: integer 
	Parameter din2_WIDTH bound to: 64 - type: integer 
	Parameter din3_WIDTH bound to: 64 - type: integer 
	Parameter din4_WIDTH bound to: 2 - type: integer 
	Parameter dout_WIDTH bound to: 64 - type: integer 
INFO: [Synth 8-6155] done synthesizing module 'byte_statistics_esc4' (103#1) [c:/Users/mcrye/Downloads/bladei_bse_zcu104/bladei_bse_zcu104.srcs/sources_1/bd/bse/ipshared/de07/hdl/verilog/byte_statistics_esc4.v:11]
INFO: [Synth 8-6157] synthesizing module 'byte_statistics_etde' [c:/Users/mcrye/Downloads/bladei_bse_zcu104/bladei_bse_zcu104.srcs/sources_1/bd/bse/ipshared/de07/hdl/verilog/byte_statistics_etde.v:11]
	Parameter ID bound to: 1 - type: integer 
	Parameter NUM_STAGE bound to: 1 - type: integer 
	Parameter din0_WIDTH bound to: 32 - type: integer 
	Parameter din1_WIDTH bound to: 32 - type: integer 
	Parameter din2_WIDTH bound to: 32 - type: integer 
	Parameter din3_WIDTH bound to: 32 - type: integer 
	Parameter din4_WIDTH bound to: 2 - type: integer 
	Parameter dout_WIDTH bound to: 32 - type: integer 
INFO: [Synth 8-6155] done synthesizing module 'byte_statistics_etde' (104#1) [c:/Users/mcrye/Downloads/bladei_bse_zcu104/bladei_bse_zcu104.srcs/sources_1/bd/bse/ipshared/de07/hdl/verilog/byte_statistics_etde.v:11]
INFO: [Synth 8-6157] synthesizing module 'byte_statistics_eudo' [c:/Users/mcrye/Downloads/bladei_bse_zcu104/bladei_bse_zcu104.srcs/sources_1/bd/bse/ipshared/de07/hdl/verilog/byte_statistics_eudo.v:11]
	Parameter ID bound to: 1 - type: integer 
	Parameter NUM_STAGE bound to: 1 - type: integer 
	Parameter din0_WIDTH bound to: 32 - type: integer 
	Parameter din1_WIDTH bound to: 32 - type: integer 
	Parameter din2_WIDTH bound to: 32 - type: integer 
	Parameter din3_WIDTH bound to: 32 - type: integer 
	Parameter din4_WIDTH bound to: 32 - type: integer 
	Parameter din5_WIDTH bound to: 32 - type: integer 
	Parameter din6_WIDTH bound to: 32 - type: integer 
	Parameter din7_WIDTH bound to: 32 - type: integer 
	Parameter din8_WIDTH bound to: 32 - type: integer 
	Parameter dout_WIDTH bound to: 32 - type: integer 
INFO: [Synth 8-6155] done synthesizing module 'byte_statistics_eudo' (105#1) [c:/Users/mcrye/Downloads/bladei_bse_zcu104/bladei_bse_zcu104.srcs/sources_1/bd/bse/ipshared/de07/hdl/verilog/byte_statistics_eudo.v:11]
INFO: [Synth 8-6157] synthesizing module 'byte_statistics_evdy' [c:/Users/mcrye/Downloads/bladei_bse_zcu104/bladei_bse_zcu104.srcs/sources_1/bd/bse/ipshared/de07/hdl/verilog/byte_statistics_evdy.v:11]
	Parameter ID bound to: 1 - type: integer 
	Parameter NUM_STAGE bound to: 1 - type: integer 
	Parameter din0_WIDTH bound to: 32 - type: integer 
	Parameter din1_WIDTH bound to: 32 - type: integer 
	Parameter din2_WIDTH bound to: 32 - type: integer 
	Parameter din3_WIDTH bound to: 32 - type: integer 
	Parameter din4_WIDTH bound to: 32 - type: integer 
	Parameter din5_WIDTH bound to: 32 - type: integer 
	Parameter din6_WIDTH bound to: 32 - type: integer 
	Parameter din7_WIDTH bound to: 32 - type: integer 
	Parameter din8_WIDTH bound to: 32 - type: integer 
	Parameter din9_WIDTH bound to: 32 - type: integer 
	Parameter din10_WIDTH bound to: 32 - type: integer 
	Parameter din11_WIDTH bound to: 32 - type: integer 
	Parameter din12_WIDTH bound to: 32 - type: integer 
	Parameter din13_WIDTH bound to: 32 - type: integer 
	Parameter din14_WIDTH bound to: 32 - type: integer 
	Parameter din15_WIDTH bound to: 32 - type: integer 
	Parameter din16_WIDTH bound to: 32 - type: integer 
	Parameter din17_WIDTH bound to: 32 - type: integer 
	Parameter din18_WIDTH bound to: 32 - type: integer 
	Parameter din19_WIDTH bound to: 32 - type: integer 
	Parameter din20_WIDTH bound to: 32 - type: integer 
	Parameter din21_WIDTH bound to: 32 - type: integer 
	Parameter din22_WIDTH bound to: 32 - type: integer 
	Parameter din23_WIDTH bound to: 32 - type: integer 
	Parameter din24_WIDTH bound to: 32 - type: integer 
	Parameter din25_WIDTH bound to: 32 - type: integer 
	Parameter din26_WIDTH bound to: 32 - type: integer 
	Parameter din27_WIDTH bound to: 32 - type: integer 
	Parameter din28_WIDTH bound to: 32 - type: integer 
	Parameter din29_WIDTH bound to: 32 - type: integer 
	Parameter din30_WIDTH bound to: 32 - type: integer 
	Parameter din31_WIDTH bound to: 32 - type: integer 
	Parameter din32_WIDTH bound to: 32 - type: integer 
	Parameter din33_WIDTH bound to: 32 - type: integer 
	Parameter din34_WIDTH bound to: 32 - type: integer 
	Parameter din35_WIDTH bound to: 32 - type: integer 
	Parameter din36_WIDTH bound to: 32 - type: integer 
	Parameter din37_WIDTH bound to: 32 - type: integer 
	Parameter din38_WIDTH bound to: 32 - type: integer 
	Parameter din39_WIDTH bound to: 32 - type: integer 
	Parameter din40_WIDTH bound to: 32 - type: integer 
	Parameter din41_WIDTH bound to: 32 - type: integer 
	Parameter din42_WIDTH bound to: 32 - type: integer 
	Parameter din43_WIDTH bound to: 32 - type: integer 
	Parameter din44_WIDTH bound to: 32 - type: integer 
	Parameter din45_WIDTH bound to: 32 - type: integer 
	Parameter din46_WIDTH bound to: 32 - type: integer 
	Parameter din47_WIDTH bound to: 32 - type: integer 
	Parameter din48_WIDTH bound to: 32 - type: integer 
	Parameter din49_WIDTH bound to: 32 - type: integer 
	Parameter din50_WIDTH bound to: 32 - type: integer 
	Parameter din51_WIDTH bound to: 32 - type: integer 
	Parameter din52_WIDTH bound to: 32 - type: integer 
	Parameter din53_WIDTH bound to: 32 - type: integer 
	Parameter din54_WIDTH bound to: 32 - type: integer 
	Parameter din55_WIDTH bound to: 32 - type: integer 
	Parameter din56_WIDTH bound to: 32 - type: integer 
	Parameter din57_WIDTH bound to: 32 - type: integer 
	Parameter din58_WIDTH bound to: 32 - type: integer 
	Parameter din59_WIDTH bound to: 32 - type: integer 
	Parameter din60_WIDTH bound to: 32 - type: integer 
	Parameter din61_WIDTH bound to: 32 - type: integer 
	Parameter din62_WIDTH bound to: 32 - type: integer 
	Parameter din63_WIDTH bound to: 32 - type: integer 
	Parameter din64_WIDTH bound to: 32 - type: integer 
	Parameter din65_WIDTH bound to: 32 - type: integer 
	Parameter din66_WIDTH bound to: 32 - type: integer 
	Parameter din67_WIDTH bound to: 32 - type: integer 
	Parameter din68_WIDTH bound to: 32 - type: integer 
	Parameter din69_WIDTH bound to: 32 - type: integer 
	Parameter din70_WIDTH bound to: 32 - type: integer 
	Parameter din71_WIDTH bound to: 32 - type: integer 
	Parameter din72_WIDTH bound to: 32 - type: integer 
	Parameter din73_WIDTH bound to: 32 - type: integer 
	Parameter din74_WIDTH bound to: 32 - type: integer 
	Parameter din75_WIDTH bound to: 32 - type: integer 
	Parameter din76_WIDTH bound to: 32 - type: integer 
	Parameter din77_WIDTH bound to: 32 - type: integer 
	Parameter din78_WIDTH bound to: 32 - type: integer 
	Parameter din79_WIDTH bound to: 32 - type: integer 
	Parameter din80_WIDTH bound to: 32 - type: integer 
	Parameter din81_WIDTH bound to: 32 - type: integer 
	Parameter din82_WIDTH bound to: 32 - type: integer 
	Parameter din83_WIDTH bound to: 32 - type: integer 
	Parameter din84_WIDTH bound to: 32 - type: integer 
	Parameter din85_WIDTH bound to: 32 - type: integer 
	Parameter din86_WIDTH bound to: 32 - type: integer 
	Parameter din87_WIDTH bound to: 32 - type: integer 
	Parameter din88_WIDTH bound to: 32 - type: integer 
	Parameter din89_WIDTH bound to: 32 - type: integer 
	Parameter din90_WIDTH bound to: 32 - type: integer 
	Parameter din91_WIDTH bound to: 32 - type: integer 
	Parameter din92_WIDTH bound to: 32 - type: integer 
	Parameter din93_WIDTH bound to: 32 - type: integer 
	Parameter din94_WIDTH bound to: 32 - type: integer 
	Parameter din95_WIDTH bound to: 32 - type: integer 
	Parameter din96_WIDTH bound to: 32 - type: integer 
	Parameter din97_WIDTH bound to: 32 - type: integer 
	Parameter din98_WIDTH bound to: 32 - type: integer 
	Parameter din99_WIDTH bound to: 32 - type: integer 
	Parameter din100_WIDTH bound to: 32 - type: integer 
	Parameter din101_WIDTH bound to: 32 - type: integer 
	Parameter din102_WIDTH bound to: 32 - type: integer 
	Parameter din103_WIDTH bound to: 32 - type: integer 
	Parameter din104_WIDTH bound to: 32 - type: integer 
	Parameter din105_WIDTH bound to: 32 - type: integer 
	Parameter din106_WIDTH bound to: 32 - type: integer 
	Parameter din107_WIDTH bound to: 32 - type: integer 
	Parameter din108_WIDTH bound to: 32 - type: integer 
	Parameter din109_WIDTH bound to: 32 - type: integer 
	Parameter din110_WIDTH bound to: 32 - type: integer 
	Parameter din111_WIDTH bound to: 32 - type: integer 
	Parameter din112_WIDTH bound to: 32 - type: integer 
	Parameter din113_WIDTH bound to: 32 - type: integer 
	Parameter din114_WIDTH bound to: 32 - type: integer 
	Parameter din115_WIDTH bound to: 32 - type: integer 
	Parameter din116_WIDTH bound to: 32 - type: integer 
	Parameter din117_WIDTH bound to: 32 - type: integer 
	Parameter din118_WIDTH bound to: 32 - type: integer 
	Parameter din119_WIDTH bound to: 32 - type: integer 
	Parameter din120_WIDTH bound to: 32 - type: integer 
	Parameter din121_WIDTH bound to: 32 - type: integer 
	Parameter din122_WIDTH bound to: 32 - type: integer 
	Parameter din123_WIDTH bound to: 32 - type: integer 
	Parameter din124_WIDTH bound to: 32 - type: integer 
	Parameter din125_WIDTH bound to: 32 - type: integer 
	Parameter din126_WIDTH bound to: 32 - type: integer 
	Parameter din127_WIDTH bound to: 32 - type: integer 
	Parameter din128_WIDTH bound to: 32 - type: integer 
	Parameter din129_WIDTH bound to: 32 - type: integer 
	Parameter din130_WIDTH bound to: 32 - type: integer 
	Parameter din131_WIDTH bound to: 32 - type: integer 
	Parameter din132_WIDTH bound to: 32 - type: integer 
	Parameter din133_WIDTH bound to: 32 - type: integer 
	Parameter din134_WIDTH bound to: 32 - type: integer 
	Parameter din135_WIDTH bound to: 32 - type: integer 
	Parameter din136_WIDTH bound to: 32 - type: integer 
	Parameter din137_WIDTH bound to: 32 - type: integer 
	Parameter din138_WIDTH bound to: 32 - type: integer 
	Parameter din139_WIDTH bound to: 32 - type: integer 
	Parameter din140_WIDTH bound to: 32 - type: integer 
	Parameter din141_WIDTH bound to: 32 - type: integer 
	Parameter din142_WIDTH bound to: 32 - type: integer 
	Parameter din143_WIDTH bound to: 32 - type: integer 
	Parameter din144_WIDTH bound to: 32 - type: integer 
	Parameter din145_WIDTH bound to: 32 - type: integer 
	Parameter din146_WIDTH bound to: 32 - type: integer 
	Parameter din147_WIDTH bound to: 32 - type: integer 
	Parameter din148_WIDTH bound to: 32 - type: integer 
	Parameter din149_WIDTH bound to: 32 - type: integer 
	Parameter din150_WIDTH bound to: 32 - type: integer 
	Parameter din151_WIDTH bound to: 32 - type: integer 
	Parameter din152_WIDTH bound to: 32 - type: integer 
	Parameter din153_WIDTH bound to: 32 - type: integer 
	Parameter din154_WIDTH bound to: 32 - type: integer 
	Parameter din155_WIDTH bound to: 32 - type: integer 
	Parameter din156_WIDTH bound to: 32 - type: integer 
	Parameter din157_WIDTH bound to: 32 - type: integer 
	Parameter din158_WIDTH bound to: 32 - type: integer 
	Parameter din159_WIDTH bound to: 32 - type: integer 
	Parameter din160_WIDTH bound to: 32 - type: integer 
	Parameter din161_WIDTH bound to: 32 - type: integer 
	Parameter din162_WIDTH bound to: 32 - type: integer 
	Parameter din163_WIDTH bound to: 32 - type: integer 
	Parameter din164_WIDTH bound to: 32 - type: integer 
	Parameter din165_WIDTH bound to: 32 - type: integer 
	Parameter din166_WIDTH bound to: 32 - type: integer 
	Parameter din167_WIDTH bound to: 32 - type: integer 
	Parameter din168_WIDTH bound to: 32 - type: integer 
	Parameter din169_WIDTH bound to: 32 - type: integer 
	Parameter din170_WIDTH bound to: 32 - type: integer 
	Parameter din171_WIDTH bound to: 32 - type: integer 
	Parameter din172_WIDTH bound to: 32 - type: integer 
	Parameter din173_WIDTH bound to: 32 - type: integer 
	Parameter din174_WIDTH bound to: 32 - type: integer 
	Parameter din175_WIDTH bound to: 32 - type: integer 
	Parameter din176_WIDTH bound to: 32 - type: integer 
	Parameter din177_WIDTH bound to: 32 - type: integer 
	Parameter din178_WIDTH bound to: 32 - type: integer 
	Parameter din179_WIDTH bound to: 32 - type: integer 
	Parameter din180_WIDTH bound to: 32 - type: integer 
	Parameter din181_WIDTH bound to: 32 - type: integer 
	Parameter din182_WIDTH bound to: 32 - type: integer 
	Parameter din183_WIDTH bound to: 32 - type: integer 
	Parameter din184_WIDTH bound to: 32 - type: integer 
	Parameter din185_WIDTH bound to: 32 - type: integer 
	Parameter din186_WIDTH bound to: 32 - type: integer 
	Parameter din187_WIDTH bound to: 32 - type: integer 
	Parameter din188_WIDTH bound to: 32 - type: integer 
	Parameter din189_WIDTH bound to: 32 - type: integer 
	Parameter din190_WIDTH bound to: 32 - type: integer 
	Parameter din191_WIDTH bound to: 32 - type: integer 
	Parameter din192_WIDTH bound to: 32 - type: integer 
	Parameter din193_WIDTH bound to: 32 - type: integer 
	Parameter din194_WIDTH bound to: 32 - type: integer 
	Parameter din195_WIDTH bound to: 32 - type: integer 
	Parameter din196_WIDTH bound to: 32 - type: integer 
	Parameter din197_WIDTH bound to: 32 - type: integer 
	Parameter din198_WIDTH bound to: 32 - type: integer 
	Parameter din199_WIDTH bound to: 32 - type: integer 
	Parameter din200_WIDTH bound to: 32 - type: integer 
	Parameter din201_WIDTH bound to: 32 - type: integer 
	Parameter din202_WIDTH bound to: 32 - type: integer 
	Parameter din203_WIDTH bound to: 32 - type: integer 
	Parameter din204_WIDTH bound to: 32 - type: integer 
	Parameter din205_WIDTH bound to: 32 - type: integer 
	Parameter din206_WIDTH bound to: 32 - type: integer 
	Parameter din207_WIDTH bound to: 32 - type: integer 
	Parameter din208_WIDTH bound to: 32 - type: integer 
	Parameter din209_WIDTH bound to: 32 - type: integer 
	Parameter din210_WIDTH bound to: 32 - type: integer 
	Parameter din211_WIDTH bound to: 32 - type: integer 
	Parameter din212_WIDTH bound to: 32 - type: integer 
	Parameter din213_WIDTH bound to: 32 - type: integer 
	Parameter din214_WIDTH bound to: 32 - type: integer 
	Parameter din215_WIDTH bound to: 32 - type: integer 
	Parameter din216_WIDTH bound to: 32 - type: integer 
	Parameter din217_WIDTH bound to: 32 - type: integer 
	Parameter din218_WIDTH bound to: 32 - type: integer 
	Parameter din219_WIDTH bound to: 32 - type: integer 
	Parameter din220_WIDTH bound to: 32 - type: integer 
	Parameter din221_WIDTH bound to: 32 - type: integer 
	Parameter din222_WIDTH bound to: 32 - type: integer 
	Parameter din223_WIDTH bound to: 32 - type: integer 
	Parameter din224_WIDTH bound to: 32 - type: integer 
	Parameter din225_WIDTH bound to: 32 - type: integer 
	Parameter din226_WIDTH bound to: 32 - type: integer 
	Parameter din227_WIDTH bound to: 32 - type: integer 
	Parameter din228_WIDTH bound to: 32 - type: integer 
	Parameter din229_WIDTH bound to: 32 - type: integer 
	Parameter din230_WIDTH bound to: 32 - type: integer 
	Parameter din231_WIDTH bound to: 32 - type: integer 
	Parameter din232_WIDTH bound to: 32 - type: integer 
	Parameter din233_WIDTH bound to: 32 - type: integer 
	Parameter din234_WIDTH bound to: 32 - type: integer 
	Parameter din235_WIDTH bound to: 32 - type: integer 
	Parameter din236_WIDTH bound to: 32 - type: integer 
	Parameter din237_WIDTH bound to: 32 - type: integer 
	Parameter din238_WIDTH bound to: 32 - type: integer 
	Parameter din239_WIDTH bound to: 32 - type: integer 
	Parameter din240_WIDTH bound to: 32 - type: integer 
	Parameter din241_WIDTH bound to: 32 - type: integer 
	Parameter din242_WIDTH bound to: 32 - type: integer 
	Parameter din243_WIDTH bound to: 32 - type: integer 
	Parameter din244_WIDTH bound to: 32 - type: integer 
	Parameter din245_WIDTH bound to: 32 - type: integer 
	Parameter din246_WIDTH bound to: 32 - type: integer 
	Parameter din247_WIDTH bound to: 32 - type: integer 
	Parameter din248_WIDTH bound to: 32 - type: integer 
	Parameter din249_WIDTH bound to: 32 - type: integer 
	Parameter din250_WIDTH bound to: 32 - type: integer 
	Parameter din251_WIDTH bound to: 32 - type: integer 
	Parameter din252_WIDTH bound to: 32 - type: integer 
	Parameter din253_WIDTH bound to: 32 - type: integer 
	Parameter din254_WIDTH bound to: 32 - type: integer 
	Parameter din255_WIDTH bound to: 32 - type: integer 
	Parameter din256_WIDTH bound to: 32 - type: integer 
	Parameter din257_WIDTH bound to: 32 - type: integer 
	Parameter din258_WIDTH bound to: 32 - type: integer 
	Parameter din259_WIDTH bound to: 32 - type: integer 
	Parameter din260_WIDTH bound to: 32 - type: integer 
	Parameter din261_WIDTH bound to: 32 - type: integer 
	Parameter din262_WIDTH bound to: 32 - type: integer 
	Parameter din263_WIDTH bound to: 32 - type: integer 
	Parameter din264_WIDTH bound to: 32 - type: integer 
	Parameter din265_WIDTH bound to: 32 - type: integer 
	Parameter din266_WIDTH bound to: 32 - type: integer 
	Parameter din267_WIDTH bound to: 32 - type: integer 
	Parameter din268_WIDTH bound to: 32 - type: integer 
	Parameter din269_WIDTH bound to: 32 - type: integer 
	Parameter din270_WIDTH bound to: 32 - type: integer 
	Parameter din271_WIDTH bound to: 32 - type: integer 
	Parameter din272_WIDTH bound to: 32 - type: integer 
	Parameter din273_WIDTH bound to: 32 - type: integer 
	Parameter din274_WIDTH bound to: 32 - type: integer 
	Parameter din275_WIDTH bound to: 32 - type: integer 
	Parameter din276_WIDTH bound to: 32 - type: integer 
	Parameter din277_WIDTH bound to: 32 - type: integer 
	Parameter din278_WIDTH bound to: 9 - type: integer 
	Parameter dout_WIDTH bound to: 32 - type: integer 
INFO: [Synth 8-6155] done synthesizing module 'byte_statistics_evdy' (106#1) [c:/Users/mcrye/Downloads/bladei_bse_zcu104/bladei_bse_zcu104.srcs/sources_1/bd/bse/ipshared/de07/hdl/verilog/byte_statistics_evdy.v:11]
WARNING: [Synth 8-589] replacing case/wildcard equality operator === with logical equality operator == [c:/Users/mcrye/Downloads/bladei_bse_zcu104/bladei_bse_zcu104.srcs/sources_1/bd/bse/ipshared/de07/hdl/verilog/byte_statistics_engine.v:8830]
WARNING: [Synth 8-589] replacing case/wildcard equality operator === with logical equality operator == [c:/Users/mcrye/Downloads/bladei_bse_zcu104/bladei_bse_zcu104.srcs/sources_1/bd/bse/ipshared/de07/hdl/verilog/byte_statistics_engine.v:8832]
WARNING: [Synth 8-589] replacing case/wildcard equality operator === with logical equality operator == [c:/Users/mcrye/Downloads/bladei_bse_zcu104/bladei_bse_zcu104.srcs/sources_1/bd/bse/ipshared/de07/hdl/verilog/byte_statistics_engine.v:9298]
WARNING: [Synth 8-589] replacing case/wildcard equality operator === with logical equality operator == [c:/Users/mcrye/Downloads/bladei_bse_zcu104/bladei_bse_zcu104.srcs/sources_1/bd/bse/ipshared/de07/hdl/verilog/byte_statistics_engine.v:9300]
WARNING: [Synth 8-589] replacing case/wildcard equality operator === with logical equality operator == [c:/Users/mcrye/Downloads/bladei_bse_zcu104/bladei_bse_zcu104.srcs/sources_1/bd/bse/ipshared/de07/hdl/verilog/byte_statistics_engine.v:9302]
WARNING: [Synth 8-589] replacing case/wildcard equality operator === with logical equality operator == [c:/Users/mcrye/Downloads/bladei_bse_zcu104/bladei_bse_zcu104.srcs/sources_1/bd/bse/ipshared/de07/hdl/verilog/byte_statistics_engine.v:9304]
WARNING: [Synth 8-589] replacing case/wildcard equality operator === with logical equality operator == [c:/Users/mcrye/Downloads/bladei_bse_zcu104/bladei_bse_zcu104.srcs/sources_1/bd/bse/ipshared/de07/hdl/verilog/byte_statistics_engine.v:9306]
WARNING: [Synth 8-589] replacing case/wildcard equality operator === with logical equality operator == [c:/Users/mcrye/Downloads/bladei_bse_zcu104/bladei_bse_zcu104.srcs/sources_1/bd/bse/ipshared/de07/hdl/verilog/byte_statistics_engine.v:9308]
WARNING: [Synth 8-589] replacing case/wildcard equality operator === with logical equality operator == [c:/Users/mcrye/Downloads/bladei_bse_zcu104/bladei_bse_zcu104.srcs/sources_1/bd/bse/ipshared/de07/hdl/verilog/byte_statistics_engine.v:9310]
WARNING: [Synth 8-589] replacing case/wildcard equality operator === with logical equality operator == [c:/Users/mcrye/Downloads/bladei_bse_zcu104/bladei_bse_zcu104.srcs/sources_1/bd/bse/ipshared/de07/hdl/verilog/byte_statistics_engine.v:9312]
WARNING: [Synth 8-589] replacing case/wildcard equality operator === with logical equality operator == [c:/Users/mcrye/Downloads/bladei_bse_zcu104/bladei_bse_zcu104.srcs/sources_1/bd/bse/ipshared/de07/hdl/verilog/byte_statistics_engine.v:9314]
WARNING: [Synth 8-589] replacing case/wildcard equality operator === with logical equality operator == [c:/Users/mcrye/Downloads/bladei_bse_zcu104/bladei_bse_zcu104.srcs/sources_1/bd/bse/ipshared/de07/hdl/verilog/byte_statistics_engine.v:9316]
WARNING: [Synth 8-589] replacing case/wildcard equality operator === with logical equality operator == [c:/Users/mcrye/Downloads/bladei_bse_zcu104/bladei_bse_zcu104.srcs/sources_1/bd/bse/ipshared/de07/hdl/verilog/byte_statistics_engine.v:9318]
WARNING: [Synth 8-589] replacing case/wildcard equality operator === with logical equality operator == [c:/Users/mcrye/Downloads/bladei_bse_zcu104/bladei_bse_zcu104.srcs/sources_1/bd/bse/ipshared/de07/hdl/verilog/byte_statistics_engine.v:9320]
WARNING: [Synth 8-589] replacing case/wildcard equality operator === with logical equality operator == [c:/Users/mcrye/Downloads/bladei_bse_zcu104/bladei_bse_zcu104.srcs/sources_1/bd/bse/ipshared/de07/hdl/verilog/byte_statistics_engine.v:9322]
WARNING: [Synth 8-589] replacing case/wildcard equality operator === with logical equality operator == [c:/Users/mcrye/Downloads/bladei_bse_zcu104/bladei_bse_zcu104.srcs/sources_1/bd/bse/ipshared/de07/hdl/verilog/byte_statistics_engine.v:9324]
WARNING: [Synth 8-589] replacing case/wildcard equality operator === with logical equality operator == [c:/Users/mcrye/Downloads/bladei_bse_zcu104/bladei_bse_zcu104.srcs/sources_1/bd/bse/ipshared/de07/hdl/verilog/byte_statistics_engine.v:9326]
WARNING: [Synth 8-589] replacing case/wildcard equality operator === with logical equality operator == [c:/Users/mcrye/Downloads/bladei_bse_zcu104/bladei_bse_zcu104.srcs/sources_1/bd/bse/ipshared/de07/hdl/verilog/byte_statistics_engine.v:9328]
WARNING: [Synth 8-589] replacing case/wildcard equality operator === with logical equality operator == [c:/Users/mcrye/Downloads/bladei_bse_zcu104/bladei_bse_zcu104.srcs/sources_1/bd/bse/ipshared/de07/hdl/verilog/byte_statistics_engine.v:9330]
WARNING: [Synth 8-589] replacing case/wildcard equality operator === with logical equality operator == [c:/Users/mcrye/Downloads/bladei_bse_zcu104/bladei_bse_zcu104.srcs/sources_1/bd/bse/ipshared/de07/hdl/verilog/byte_statistics_engine.v:9332]
WARNING: [Synth 8-589] replacing case/wildcard equality operator === with logical equality operator == [c:/Users/mcrye/Downloads/bladei_bse_zcu104/bladei_bse_zcu104.srcs/sources_1/bd/bse/ipshared/de07/hdl/verilog/byte_statistics_engine.v:9334]
WARNING: [Synth 8-589] replacing case/wildcard equality operator === with logical equality operator == [c:/Users/mcrye/Downloads/bladei_bse_zcu104/bladei_bse_zcu104.srcs/sources_1/bd/bse/ipshared/de07/hdl/verilog/byte_statistics_engine.v:9336]
WARNING: [Synth 8-589] replacing case/wildcard equality operator === with logical equality operator == [c:/Users/mcrye/Downloads/bladei_bse_zcu104/bladei_bse_zcu104.srcs/sources_1/bd/bse/ipshared/de07/hdl/verilog/byte_statistics_engine.v:9338]
WARNING: [Synth 8-589] replacing case/wildcard equality operator === with logical equality operator == [c:/Users/mcrye/Downloads/bladei_bse_zcu104/bladei_bse_zcu104.srcs/sources_1/bd/bse/ipshared/de07/hdl/verilog/byte_statistics_engine.v:9340]
WARNING: [Synth 8-589] replacing case/wildcard equality operator === with logical equality operator == [c:/Users/mcrye/Downloads/bladei_bse_zcu104/bladei_bse_zcu104.srcs/sources_1/bd/bse/ipshared/de07/hdl/verilog/byte_statistics_engine.v:9342]
WARNING: [Synth 8-589] replacing case/wildcard equality operator === with logical equality operator == [c:/Users/mcrye/Downloads/bladei_bse_zcu104/bladei_bse_zcu104.srcs/sources_1/bd/bse/ipshared/de07/hdl/verilog/byte_statistics_engine.v:9344]
WARNING: [Synth 8-589] replacing case/wildcard equality operator === with logical equality operator == [c:/Users/mcrye/Downloads/bladei_bse_zcu104/bladei_bse_zcu104.srcs/sources_1/bd/bse/ipshared/de07/hdl/verilog/byte_statistics_engine.v:9346]
WARNING: [Synth 8-589] replacing case/wildcard equality operator === with logical equality operator == [c:/Users/mcrye/Downloads/bladei_bse_zcu104/bladei_bse_zcu104.srcs/sources_1/bd/bse/ipshared/de07/hdl/verilog/byte_statistics_engine.v:9348]
WARNING: [Synth 8-589] replacing case/wildcard equality operator === with logical equality operator == [c:/Users/mcrye/Downloads/bladei_bse_zcu104/bladei_bse_zcu104.srcs/sources_1/bd/bse/ipshared/de07/hdl/verilog/byte_statistics_engine.v:9350]
WARNING: [Synth 8-589] replacing case/wildcard equality operator === with logical equality operator == [c:/Users/mcrye/Downloads/bladei_bse_zcu104/bladei_bse_zcu104.srcs/sources_1/bd/bse/ipshared/de07/hdl/verilog/byte_statistics_engine.v:9352]
WARNING: [Synth 8-589] replacing case/wildcard equality operator === with logical equality operator == [c:/Users/mcrye/Downloads/bladei_bse_zcu104/bladei_bse_zcu104.srcs/sources_1/bd/bse/ipshared/de07/hdl/verilog/byte_statistics_engine.v:9354]
WARNING: [Synth 8-589] replacing case/wildcard equality operator === with logical equality operator == [c:/Users/mcrye/Downloads/bladei_bse_zcu104/bladei_bse_zcu104.srcs/sources_1/bd/bse/ipshared/de07/hdl/verilog/byte_statistics_engine.v:9356]
WARNING: [Synth 8-589] replacing case/wildcard equality operator === with logical equality operator == [c:/Users/mcrye/Downloads/bladei_bse_zcu104/bladei_bse_zcu104.srcs/sources_1/bd/bse/ipshared/de07/hdl/verilog/byte_statistics_engine.v:9358]
WARNING: [Synth 8-589] replacing case/wildcard equality operator === with logical equality operator == [c:/Users/mcrye/Downloads/bladei_bse_zcu104/bladei_bse_zcu104.srcs/sources_1/bd/bse/ipshared/de07/hdl/verilog/byte_statistics_engine.v:9360]
WARNING: [Synth 8-589] replacing case/wildcard equality operator === with logical equality operator == [c:/Users/mcrye/Downloads/bladei_bse_zcu104/bladei_bse_zcu104.srcs/sources_1/bd/bse/ipshared/de07/hdl/verilog/byte_statistics_engine.v:9362]
WARNING: [Synth 8-589] replacing case/wildcard equality operator === with logical equality operator == [c:/Users/mcrye/Downloads/bladei_bse_zcu104/bladei_bse_zcu104.srcs/sources_1/bd/bse/ipshared/de07/hdl/verilog/byte_statistics_engine.v:9364]
WARNING: [Synth 8-589] replacing case/wildcard equality operator === with logical equality operator == [c:/Users/mcrye/Downloads/bladei_bse_zcu104/bladei_bse_zcu104.srcs/sources_1/bd/bse/ipshared/de07/hdl/verilog/byte_statistics_engine.v:9366]
WARNING: [Synth 8-589] replacing case/wildcard equality operator === with logical equality operator == [c:/Users/mcrye/Downloads/bladei_bse_zcu104/bladei_bse_zcu104.srcs/sources_1/bd/bse/ipshared/de07/hdl/verilog/byte_statistics_engine.v:9368]
WARNING: [Synth 8-589] replacing case/wildcard equality operator === with logical equality operator == [c:/Users/mcrye/Downloads/bladei_bse_zcu104/bladei_bse_zcu104.srcs/sources_1/bd/bse/ipshared/de07/hdl/verilog/byte_statistics_engine.v:9370]
WARNING: [Synth 8-589] replacing case/wildcard equality operator === with logical equality operator == [c:/Users/mcrye/Downloads/bladei_bse_zcu104/bladei_bse_zcu104.srcs/sources_1/bd/bse/ipshared/de07/hdl/verilog/byte_statistics_engine.v:9372]
WARNING: [Synth 8-589] replacing case/wildcard equality operator === with logical equality operator == [c:/Users/mcrye/Downloads/bladei_bse_zcu104/bladei_bse_zcu104.srcs/sources_1/bd/bse/ipshared/de07/hdl/verilog/byte_statistics_engine.v:9374]
WARNING: [Synth 8-589] replacing case/wildcard equality operator === with logical equality operator == [c:/Users/mcrye/Downloads/bladei_bse_zcu104/bladei_bse_zcu104.srcs/sources_1/bd/bse/ipshared/de07/hdl/verilog/byte_statistics_engine.v:9376]
WARNING: [Synth 8-589] replacing case/wildcard equality operator === with logical equality operator == [c:/Users/mcrye/Downloads/bladei_bse_zcu104/bladei_bse_zcu104.srcs/sources_1/bd/bse/ipshared/de07/hdl/verilog/byte_statistics_engine.v:9378]
WARNING: [Synth 8-589] replacing case/wildcard equality operator === with logical equality operator == [c:/Users/mcrye/Downloads/bladei_bse_zcu104/bladei_bse_zcu104.srcs/sources_1/bd/bse/ipshared/de07/hdl/verilog/byte_statistics_engine.v:9380]
WARNING: [Synth 8-589] replacing case/wildcard equality operator === with logical equality operator == [c:/Users/mcrye/Downloads/bladei_bse_zcu104/bladei_bse_zcu104.srcs/sources_1/bd/bse/ipshared/de07/hdl/verilog/byte_statistics_engine.v:9382]
WARNING: [Synth 8-589] replacing case/wildcard equality operator === with logical equality operator == [c:/Users/mcrye/Downloads/bladei_bse_zcu104/bladei_bse_zcu104.srcs/sources_1/bd/bse/ipshared/de07/hdl/verilog/byte_statistics_engine.v:9384]
WARNING: [Synth 8-589] replacing case/wildcard equality operator === with logical equality operator == [c:/Users/mcrye/Downloads/bladei_bse_zcu104/bladei_bse_zcu104.srcs/sources_1/bd/bse/ipshared/de07/hdl/verilog/byte_statistics_engine.v:9386]
WARNING: [Synth 8-589] replacing case/wildcard equality operator === with logical equality operator == [c:/Users/mcrye/Downloads/bladei_bse_zcu104/bladei_bse_zcu104.srcs/sources_1/bd/bse/ipshared/de07/hdl/verilog/byte_statistics_engine.v:9388]
WARNING: [Synth 8-589] replacing case/wildcard equality operator === with logical equality operator == [c:/Users/mcrye/Downloads/bladei_bse_zcu104/bladei_bse_zcu104.srcs/sources_1/bd/bse/ipshared/de07/hdl/verilog/byte_statistics_engine.v:9390]
WARNING: [Synth 8-589] replacing case/wildcard equality operator === with logical equality operator == [c:/Users/mcrye/Downloads/bladei_bse_zcu104/bladei_bse_zcu104.srcs/sources_1/bd/bse/ipshared/de07/hdl/verilog/byte_statistics_engine.v:9392]
WARNING: [Synth 8-589] replacing case/wildcard equality operator === with logical equality operator == [c:/Users/mcrye/Downloads/bladei_bse_zcu104/bladei_bse_zcu104.srcs/sources_1/bd/bse/ipshared/de07/hdl/verilog/byte_statistics_engine.v:9394]
WARNING: [Synth 8-589] replacing case/wildcard equality operator === with logical equality operator == [c:/Users/mcrye/Downloads/bladei_bse_zcu104/bladei_bse_zcu104.srcs/sources_1/bd/bse/ipshared/de07/hdl/verilog/byte_statistics_engine.v:9396]
WARNING: [Synth 8-589] replacing case/wildcard equality operator === with logical equality operator == [c:/Users/mcrye/Downloads/bladei_bse_zcu104/bladei_bse_zcu104.srcs/sources_1/bd/bse/ipshared/de07/hdl/verilog/byte_statistics_engine.v:9398]
WARNING: [Synth 8-589] replacing case/wildcard equality operator === with logical equality operator == [c:/Users/mcrye/Downloads/bladei_bse_zcu104/bladei_bse_zcu104.srcs/sources_1/bd/bse/ipshared/de07/hdl/verilog/byte_statistics_engine.v:9400]
WARNING: [Synth 8-589] replacing case/wildcard equality operator === with logical equality operator == [c:/Users/mcrye/Downloads/bladei_bse_zcu104/bladei_bse_zcu104.srcs/sources_1/bd/bse/ipshared/de07/hdl/verilog/byte_statistics_engine.v:9402]
WARNING: [Synth 8-589] replacing case/wildcard equality operator === with logical equality operator == [c:/Users/mcrye/Downloads/bladei_bse_zcu104/bladei_bse_zcu104.srcs/sources_1/bd/bse/ipshared/de07/hdl/verilog/byte_statistics_engine.v:9404]
WARNING: [Synth 8-589] replacing case/wildcard equality operator === with logical equality operator == [c:/Users/mcrye/Downloads/bladei_bse_zcu104/bladei_bse_zcu104.srcs/sources_1/bd/bse/ipshared/de07/hdl/verilog/byte_statistics_engine.v:9406]
WARNING: [Synth 8-589] replacing case/wildcard equality operator === with logical equality operator == [c:/Users/mcrye/Downloads/bladei_bse_zcu104/bladei_bse_zcu104.srcs/sources_1/bd/bse/ipshared/de07/hdl/verilog/byte_statistics_engine.v:9408]
WARNING: [Synth 8-589] replacing case/wildcard equality operator === with logical equality operator == [c:/Users/mcrye/Downloads/bladei_bse_zcu104/bladei_bse_zcu104.srcs/sources_1/bd/bse/ipshared/de07/hdl/verilog/byte_statistics_engine.v:9410]
WARNING: [Synth 8-589] replacing case/wildcard equality operator === with logical equality operator == [c:/Users/mcrye/Downloads/bladei_bse_zcu104/bladei_bse_zcu104.srcs/sources_1/bd/bse/ipshared/de07/hdl/verilog/byte_statistics_engine.v:9412]
WARNING: [Synth 8-589] replacing case/wildcard equality operator === with logical equality operator == [c:/Users/mcrye/Downloads/bladei_bse_zcu104/bladei_bse_zcu104.srcs/sources_1/bd/bse/ipshared/de07/hdl/verilog/byte_statistics_engine.v:9414]
WARNING: [Synth 8-589] replacing case/wildcard equality operator === with logical equality operator == [c:/Users/mcrye/Downloads/bladei_bse_zcu104/bladei_bse_zcu104.srcs/sources_1/bd/bse/ipshared/de07/hdl/verilog/byte_statistics_engine.v:9416]
WARNING: [Synth 8-589] replacing case/wildcard equality operator === with logical equality operator == [c:/Users/mcrye/Downloads/bladei_bse_zcu104/bladei_bse_zcu104.srcs/sources_1/bd/bse/ipshared/de07/hdl/verilog/byte_statistics_engine.v:9418]
WARNING: [Synth 8-589] replacing case/wildcard equality operator === with logical equality operator == [c:/Users/mcrye/Downloads/bladei_bse_zcu104/bladei_bse_zcu104.srcs/sources_1/bd/bse/ipshared/de07/hdl/verilog/byte_statistics_engine.v:9420]
WARNING: [Synth 8-589] replacing case/wildcard equality operator === with logical equality operator == [c:/Users/mcrye/Downloads/bladei_bse_zcu104/bladei_bse_zcu104.srcs/sources_1/bd/bse/ipshared/de07/hdl/verilog/byte_statistics_engine.v:9422]
WARNING: [Synth 8-589] replacing case/wildcard equality operator === with logical equality operator == [c:/Users/mcrye/Downloads/bladei_bse_zcu104/bladei_bse_zcu104.srcs/sources_1/bd/bse/ipshared/de07/hdl/verilog/byte_statistics_engine.v:9424]
WARNING: [Synth 8-589] replacing case/wildcard equality operator === with logical equality operator == [c:/Users/mcrye/Downloads/bladei_bse_zcu104/bladei_bse_zcu104.srcs/sources_1/bd/bse/ipshared/de07/hdl/verilog/byte_statistics_engine.v:9426]
WARNING: [Synth 8-589] replacing case/wildcard equality operator === with logical equality operator == [c:/Users/mcrye/Downloads/bladei_bse_zcu104/bladei_bse_zcu104.srcs/sources_1/bd/bse/ipshared/de07/hdl/verilog/byte_statistics_engine.v:9428]
WARNING: [Synth 8-589] replacing case/wildcard equality operator === with logical equality operator == [c:/Users/mcrye/Downloads/bladei_bse_zcu104/bladei_bse_zcu104.srcs/sources_1/bd/bse/ipshared/de07/hdl/verilog/byte_statistics_engine.v:9438]
WARNING: [Synth 8-589] replacing case/wildcard equality operator === with logical equality operator == [c:/Users/mcrye/Downloads/bladei_bse_zcu104/bladei_bse_zcu104.srcs/sources_1/bd/bse/ipshared/de07/hdl/verilog/byte_statistics_engine.v:9440]
WARNING: [Synth 8-589] replacing case/wildcard equality operator === with logical equality operator == [c:/Users/mcrye/Downloads/bladei_bse_zcu104/bladei_bse_zcu104.srcs/sources_1/bd/bse/ipshared/de07/hdl/verilog/byte_statistics_engine.v:9442]
WARNING: [Synth 8-589] replacing case/wildcard equality operator === with logical equality operator == [c:/Users/mcrye/Downloads/bladei_bse_zcu104/bladei_bse_zcu104.srcs/sources_1/bd/bse/ipshared/de07/hdl/verilog/byte_statistics_engine.v:9444]
WARNING: [Synth 8-589] replacing case/wildcard equality operator === with logical equality operator == [c:/Users/mcrye/Downloads/bladei_bse_zcu104/bladei_bse_zcu104.srcs/sources_1/bd/bse/ipshared/de07/hdl/verilog/byte_statistics_engine.v:9446]
WARNING: [Synth 8-589] replacing case/wildcard equality operator === with logical equality operator == [c:/Users/mcrye/Downloads/bladei_bse_zcu104/bladei_bse_zcu104.srcs/sources_1/bd/bse/ipshared/de07/hdl/verilog/byte_statistics_engine.v:9448]
WARNING: [Synth 8-589] replacing case/wildcard equality operator === with logical equality operator == [c:/Users/mcrye/Downloads/bladei_bse_zcu104/bladei_bse_zcu104.srcs/sources_1/bd/bse/ipshared/de07/hdl/verilog/byte_statistics_engine.v:9450]
WARNING: [Synth 8-589] replacing case/wildcard equality operator === with logical equality operator == [c:/Users/mcrye/Downloads/bladei_bse_zcu104/bladei_bse_zcu104.srcs/sources_1/bd/bse/ipshared/de07/hdl/verilog/byte_statistics_engine.v:9452]
WARNING: [Synth 8-589] replacing case/wildcard equality operator === with logical equality operator == [c:/Users/mcrye/Downloads/bladei_bse_zcu104/bladei_bse_zcu104.srcs/sources_1/bd/bse/ipshared/de07/hdl/verilog/byte_statistics_engine.v:9454]
WARNING: [Synth 8-589] replacing case/wildcard equality operator === with logical equality operator == [c:/Users/mcrye/Downloads/bladei_bse_zcu104/bladei_bse_zcu104.srcs/sources_1/bd/bse/ipshared/de07/hdl/verilog/byte_statistics_engine.v:9456]
WARNING: [Synth 8-589] replacing case/wildcard equality operator === with logical equality operator == [c:/Users/mcrye/Downloads/bladei_bse_zcu104/bladei_bse_zcu104.srcs/sources_1/bd/bse/ipshared/de07/hdl/verilog/byte_statistics_engine.v:9458]
WARNING: [Synth 8-589] replacing case/wildcard equality operator === with logical equality operator == [c:/Users/mcrye/Downloads/bladei_bse_zcu104/bladei_bse_zcu104.srcs/sources_1/bd/bse/ipshared/de07/hdl/verilog/byte_statistics_engine.v:9460]
WARNING: [Synth 8-589] replacing case/wildcard equality operator === with logical equality operator == [c:/Users/mcrye/Downloads/bladei_bse_zcu104/bladei_bse_zcu104.srcs/sources_1/bd/bse/ipshared/de07/hdl/verilog/byte_statistics_engine.v:9462]
WARNING: [Synth 8-589] replacing case/wildcard equality operator === with logical equality operator == [c:/Users/mcrye/Downloads/bladei_bse_zcu104/bladei_bse_zcu104.srcs/sources_1/bd/bse/ipshared/de07/hdl/verilog/byte_statistics_engine.v:9464]
WARNING: [Synth 8-589] replacing case/wildcard equality operator === with logical equality operator == [c:/Users/mcrye/Downloads/bladei_bse_zcu104/bladei_bse_zcu104.srcs/sources_1/bd/bse/ipshared/de07/hdl/verilog/byte_statistics_engine.v:9466]
WARNING: [Synth 8-589] replacing case/wildcard equality operator === with logical equality operator == [c:/Users/mcrye/Downloads/bladei_bse_zcu104/bladei_bse_zcu104.srcs/sources_1/bd/bse/ipshared/de07/hdl/verilog/byte_statistics_engine.v:9468]
WARNING: [Synth 8-589] replacing case/wildcard equality operator === with logical equality operator == [c:/Users/mcrye/Downloads/bladei_bse_zcu104/bladei_bse_zcu104.srcs/sources_1/bd/bse/ipshared/de07/hdl/verilog/byte_statistics_engine.v:9470]
WARNING: [Synth 8-589] replacing case/wildcard equality operator === with logical equality operator == [c:/Users/mcrye/Downloads/bladei_bse_zcu104/bladei_bse_zcu104.srcs/sources_1/bd/bse/ipshared/de07/hdl/verilog/byte_statistics_engine.v:9472]
WARNING: [Synth 8-589] replacing case/wildcard equality operator === with logical equality operator == [c:/Users/mcrye/Downloads/bladei_bse_zcu104/bladei_bse_zcu104.srcs/sources_1/bd/bse/ipshared/de07/hdl/verilog/byte_statistics_engine.v:9474]
WARNING: [Synth 8-589] replacing case/wildcard equality operator === with logical equality operator == [c:/Users/mcrye/Downloads/bladei_bse_zcu104/bladei_bse_zcu104.srcs/sources_1/bd/bse/ipshared/de07/hdl/verilog/byte_statistics_engine.v:9476]
WARNING: [Synth 8-589] replacing case/wildcard equality operator === with logical equality operator == [c:/Users/mcrye/Downloads/bladei_bse_zcu104/bladei_bse_zcu104.srcs/sources_1/bd/bse/ipshared/de07/hdl/verilog/byte_statistics_engine.v:9478]
WARNING: [Synth 8-589] replacing case/wildcard equality operator === with logical equality operator == [c:/Users/mcrye/Downloads/bladei_bse_zcu104/bladei_bse_zcu104.srcs/sources_1/bd/bse/ipshared/de07/hdl/verilog/byte_statistics_engine.v:9480]
WARNING: [Synth 8-589] replacing case/wildcard equality operator === with logical equality operator == [c:/Users/mcrye/Downloads/bladei_bse_zcu104/bladei_bse_zcu104.srcs/sources_1/bd/bse/ipshared/de07/hdl/verilog/byte_statistics_engine.v:9482]
WARNING: [Synth 8-589] replacing case/wildcard equality operator === with logical equality operator == [c:/Users/mcrye/Downloads/bladei_bse_zcu104/bladei_bse_zcu104.srcs/sources_1/bd/bse/ipshared/de07/hdl/verilog/byte_statistics_engine.v:9484]
WARNING: [Synth 8-589] replacing case/wildcard equality operator === with logical equality operator == [c:/Users/mcrye/Downloads/bladei_bse_zcu104/bladei_bse_zcu104.srcs/sources_1/bd/bse/ipshared/de07/hdl/verilog/byte_statistics_engine.v:9486]
WARNING: [Synth 8-589] replacing case/wildcard equality operator === with logical equality operator == [c:/Users/mcrye/Downloads/bladei_bse_zcu104/bladei_bse_zcu104.srcs/sources_1/bd/bse/ipshared/de07/hdl/verilog/byte_statistics_engine.v:9488]
WARNING: [Synth 8-589] replacing case/wildcard equality operator === with logical equality operator == [c:/Users/mcrye/Downloads/bladei_bse_zcu104/bladei_bse_zcu104.srcs/sources_1/bd/bse/ipshared/de07/hdl/verilog/byte_statistics_engine.v:9490]
WARNING: [Synth 8-589] replacing case/wildcard equality operator === with logical equality operator == [c:/Users/mcrye/Downloads/bladei_bse_zcu104/bladei_bse_zcu104.srcs/sources_1/bd/bse/ipshared/de07/hdl/verilog/byte_statistics_engine.v:9492]
WARNING: [Synth 8-589] replacing case/wildcard equality operator === with logical equality operator == [c:/Users/mcrye/Downloads/bladei_bse_zcu104/bladei_bse_zcu104.srcs/sources_1/bd/bse/ipshared/de07/hdl/verilog/byte_statistics_engine.v:9494]
WARNING: [Synth 8-589] replacing case/wildcard equality operator === with logical equality operator == [c:/Users/mcrye/Downloads/bladei_bse_zcu104/bladei_bse_zcu104.srcs/sources_1/bd/bse/ipshared/de07/hdl/verilog/byte_statistics_engine.v:9496]
WARNING: [Synth 8-589] replacing case/wildcard equality operator === with logical equality operator == [c:/Users/mcrye/Downloads/bladei_bse_zcu104/bladei_bse_zcu104.srcs/sources_1/bd/bse/ipshared/de07/hdl/verilog/byte_statistics_engine.v:9498]
WARNING: [Synth 8-589] replacing case/wildcard equality operator === with logical equality operator == [c:/Users/mcrye/Downloads/bladei_bse_zcu104/bladei_bse_zcu104.srcs/sources_1/bd/bse/ipshared/de07/hdl/verilog/byte_statistics_engine.v:9500]
INFO: [Common 17-14] Message 'Synth 8-589' appears 100 times and further instances of the messages will be disabled. Use the Tcl command set_msg_config to change the current settings.
WARNING: [Synth 8-6014] Unused sequential element out_stream_V_keep_V_1_sel_rd_reg was removed.  [c:/Users/mcrye/Downloads/bladei_bse_zcu104/bladei_bse_zcu104.srcs/sources_1/bd/bse/ipshared/de07/hdl/verilog/byte_statistics_engine.v:3516]
WARNING: [Synth 8-6014] Unused sequential element out_stream_V_strb_V_1_sel_rd_reg was removed.  [c:/Users/mcrye/Downloads/bladei_bse_zcu104/bladei_bse_zcu104.srcs/sources_1/bd/bse/ipshared/de07/hdl/verilog/byte_statistics_engine.v:3578]
INFO: [Synth 8-6155] done synthesizing module 'byte_statistics_engine' (107#1) [c:/Users/mcrye/Downloads/bladei_bse_zcu104/bladei_bse_zcu104.srcs/sources_1/bd/bse/ipshared/de07/hdl/verilog/byte_statistics_engine.v:12]
INFO: [Synth 8-6155] done synthesizing module 'bse_byte_statistics_engi_0_0' (108#1) [c:/Users/mcrye/Downloads/bladei_bse_zcu104/bladei_bse_zcu104.srcs/sources_1/bd/bse/ip/bse_byte_statistics_engi_0_0/synth/bse_byte_statistics_engi_0_0.v:58]
WARNING: [Synth 8-3331] design byte_statistics_eudo has unconnected port din8[31]
WARNING: [Synth 8-3331] design byte_statistics_eudo has unconnected port din8[30]
WARNING: [Synth 8-3331] design byte_statistics_eudo has unconnected port din8[29]
WARNING: [Synth 8-3331] design byte_statistics_eudo has unconnected port din8[28]
WARNING: [Synth 8-3331] design byte_statistics_eudo has unconnected port din8[27]
WARNING: [Synth 8-3331] design byte_statistics_eudo has unconnected port din8[26]
WARNING: [Synth 8-3331] design byte_statistics_eudo has unconnected port din8[25]
WARNING: [Synth 8-3331] design byte_statistics_eudo has unconnected port din8[24]
WARNING: [Synth 8-3331] design byte_statistics_eudo has unconnected port din8[23]
WARNING: [Synth 8-3331] design byte_statistics_eudo has unconnected port din8[22]
WARNING: [Synth 8-3331] design byte_statistics_eudo has unconnected port din8[21]
WARNING: [Synth 8-3331] design byte_statistics_eudo has unconnected port din8[20]
WARNING: [Synth 8-3331] design byte_statistics_eudo has unconnected port din8[19]
WARNING: [Synth 8-3331] design byte_statistics_eudo has unconnected port din8[18]
WARNING: [Synth 8-3331] design byte_statistics_eudo has unconnected port din8[17]
WARNING: [Synth 8-3331] design byte_statistics_eudo has unconnected port din8[16]
WARNING: [Synth 8-3331] design byte_statistics_eudo has unconnected port din8[15]
WARNING: [Synth 8-3331] design byte_statistics_eudo has unconnected port din8[14]
WARNING: [Synth 8-3331] design byte_statistics_eudo has unconnected port din8[13]
WARNING: [Synth 8-3331] design byte_statistics_eudo has unconnected port din8[12]
WARNING: [Synth 8-3331] design byte_statistics_eudo has unconnected port din8[11]
WARNING: [Synth 8-3331] design byte_statistics_eudo has unconnected port din8[10]
WARNING: [Synth 8-3331] design byte_statistics_eudo has unconnected port din8[9]
WARNING: [Synth 8-3331] design byte_statistics_eudo has unconnected port din8[8]
WARNING: [Synth 8-3331] design byte_statistics_eudo has unconnected port din8[7]
WARNING: [Synth 8-3331] design byte_statistics_eudo has unconnected port din8[6]
WARNING: [Synth 8-3331] design byte_statistics_eudo has unconnected port din8[5]
WARNING: [Synth 8-3331] design byte_statistics_eudo has unconnected port din8[4]
WARNING: [Synth 8-3331] design byte_statistics_eudo has unconnected port din8[3]
WARNING: [Synth 8-3331] design byte_statistics_ercU has unconnected port din8[7]
WARNING: [Synth 8-3331] design byte_statistics_ercU has unconnected port din8[6]
WARNING: [Synth 8-3331] design byte_statistics_ercU has unconnected port din8[5]
WARNING: [Synth 8-3331] design byte_statistics_ercU has unconnected port din8[4]
WARNING: [Synth 8-3331] design byte_statistics_ercU has unconnected port din8[3]
WARNING: [Synth 8-3331] design xbip_pipe_v3_0_5_viv__parameterized23 has unconnected port SCLR
WARNING: [Synth 8-3331] design xbip_pipe_v3_0_5_viv__parameterized23 has unconnected port SSET
WARNING: [Synth 8-3331] design xbip_pipe_v3_0_5_viv__parameterized23 has unconnected port SINIT
WARNING: [Synth 8-3331] design xbip_pipe_v3_0_5_viv__parameterized202 has unconnected port SCLR
WARNING: [Synth 8-3331] design xbip_pipe_v3_0_5_viv__parameterized202 has unconnected port SSET
WARNING: [Synth 8-3331] design xbip_pipe_v3_0_5_viv__parameterized202 has unconnected port SINIT
WARNING: [Synth 8-3331] design xbip_pipe_v3_0_5_viv__parameterized59 has unconnected port CLK
WARNING: [Synth 8-3331] design xbip_pipe_v3_0_5_viv__parameterized59 has unconnected port CE
WARNING: [Synth 8-3331] design xbip_pipe_v3_0_5_viv__parameterized59 has unconnected port SCLR
WARNING: [Synth 8-3331] design xbip_pipe_v3_0_5_viv__parameterized59 has unconnected port SSET
WARNING: [Synth 8-3331] design xbip_pipe_v3_0_5_viv__parameterized59 has unconnected port SINIT
WARNING: [Synth 8-3331] design xbip_pipe_v3_0_5_viv__parameterized61 has unconnected port CLK
WARNING: [Synth 8-3331] design xbip_pipe_v3_0_5_viv__parameterized61 has unconnected port CE
WARNING: [Synth 8-3331] design xbip_pipe_v3_0_5_viv__parameterized61 has unconnected port SCLR
WARNING: [Synth 8-3331] design xbip_pipe_v3_0_5_viv__parameterized61 has unconnected port SSET
WARNING: [Synth 8-3331] design xbip_pipe_v3_0_5_viv__parameterized61 has unconnected port SINIT
WARNING: [Synth 8-3331] design xbip_pipe_v3_0_5_viv__parameterized121 has unconnected port CLK
WARNING: [Synth 8-3331] design xbip_pipe_v3_0_5_viv__parameterized121 has unconnected port CE
WARNING: [Synth 8-3331] design xbip_pipe_v3_0_5_viv__parameterized121 has unconnected port SCLR
WARNING: [Synth 8-3331] design xbip_pipe_v3_0_5_viv__parameterized121 has unconnected port SSET
WARNING: [Synth 8-3331] design xbip_pipe_v3_0_5_viv__parameterized121 has unconnected port SINIT
WARNING: [Synth 8-3331] design xbip_pipe_v3_0_5_viv__parameterized190 has unconnected port CLK
WARNING: [Synth 8-3331] design xbip_pipe_v3_0_5_viv__parameterized190 has unconnected port CE
WARNING: [Synth 8-3331] design xbip_pipe_v3_0_5_viv__parameterized190 has unconnected port SCLR
WARNING: [Synth 8-3331] design xbip_pipe_v3_0_5_viv__parameterized190 has unconnected port SSET
WARNING: [Synth 8-3331] design xbip_pipe_v3_0_5_viv__parameterized190 has unconnected port SINIT
WARNING: [Synth 8-3331] design flt_log_rnd has unconnected port use_hp_path
WARNING: [Synth 8-3331] design flt_log_rnd has unconnected port norm_data[23]
WARNING: [Synth 8-3331] design flt_log_rnd has unconnected port norm_data[22]
WARNING: [Synth 8-3331] design flt_log_rnd has unconnected port norm_data[21]
WARNING: [Synth 8-3331] design flt_log_rnd has unconnected port norm_data[20]
WARNING: [Synth 8-3331] design flt_log_rnd has unconnected port norm_data[19]
WARNING: [Synth 8-3331] design flt_log_rnd has unconnected port norm_data[18]
WARNING: [Synth 8-3331] design flt_log_rnd has unconnected port norm_data[17]
WARNING: [Synth 8-3331] design flt_log_rnd has unconnected port norm_data[16]
WARNING: [Synth 8-3331] design flt_log_rnd has unconnected port norm_data[15]
WARNING: [Synth 8-3331] design flt_log_rnd has unconnected port norm_data[14]
WARNING: [Synth 8-3331] design flt_log_rnd has unconnected port norm_data[13]
WARNING: [Synth 8-3331] design flt_log_rnd has unconnected port norm_data[12]
WARNING: [Synth 8-3331] design flt_log_rnd has unconnected port norm_data[11]
WARNING: [Synth 8-3331] design flt_log_rnd has unconnected port norm_data[10]
WARNING: [Synth 8-3331] design flt_log_rnd has unconnected port norm_data[9]
WARNING: [Synth 8-3331] design flt_log_rnd has unconnected port norm_data[8]
WARNING: [Synth 8-3331] design flt_log_rnd has unconnected port norm_data[7]
WARNING: [Synth 8-3331] design flt_log_rnd has unconnected port norm_data[6]
WARNING: [Synth 8-3331] design flt_log_rnd has unconnected port norm_data[5]
WARNING: [Synth 8-3331] design flt_log_rnd has unconnected port norm_data[4]
WARNING: [Synth 8-3331] design flt_log_rnd has unconnected port norm_data[3]
WARNING: [Synth 8-3331] design flt_log_rnd has unconnected port norm_data[2]
WARNING: [Synth 8-3331] design flt_log_rnd has unconnected port norm_data[1]
WARNING: [Synth 8-3331] design flt_log_rnd has unconnected port norm_data[0]
WARNING: [Synth 8-3331] design xbip_pipe_v3_0_5_viv__parameterized198 has unconnected port CLK
WARNING: [Synth 8-3331] design xbip_pipe_v3_0_5_viv__parameterized198 has unconnected port CE
WARNING: [Synth 8-3331] design xbip_pipe_v3_0_5_viv__parameterized198 has unconnected port SCLR
WARNING: [Synth 8-3331] design xbip_pipe_v3_0_5_viv__parameterized198 has unconnected port SSET
WARNING: [Synth 8-3331] design xbip_pipe_v3_0_5_viv__parameterized198 has unconnected port SINIT
WARNING: [Synth 8-3331] design xbip_pipe_v3_0_5_viv__parameterized31 has unconnected port CLK
WARNING: [Synth 8-3331] design xbip_pipe_v3_0_5_viv__parameterized31 has unconnected port CE
WARNING: [Synth 8-3331] design xbip_pipe_v3_0_5_viv__parameterized31 has unconnected port SCLR
WARNING: [Synth 8-3331] design xbip_pipe_v3_0_5_viv__parameterized31 has unconnected port SSET
WARNING: [Synth 8-3331] design xbip_pipe_v3_0_5_viv__parameterized31 has unconnected port SINIT
WARNING: [Synth 8-3331] design xbip_pipe_v3_0_5_viv__parameterized51 has unconnected port CLK
WARNING: [Synth 8-3331] design xbip_pipe_v3_0_5_viv__parameterized51 has unconnected port CE
WARNING: [Synth 8-3331] design xbip_pipe_v3_0_5_viv__parameterized51 has unconnected port SCLR
WARNING: [Synth 8-3331] design xbip_pipe_v3_0_5_viv__parameterized51 has unconnected port SSET
WARNING: [Synth 8-3331] design xbip_pipe_v3_0_5_viv__parameterized51 has unconnected port SINIT
INFO: [Common 17-14] Message 'Synth 8-3331' appears 100 times and further instances of the messages will be disabled. Use the Tcl command set_msg_config to change the current settings.
---------------------------------------------------------------------------------
Finished RTL Elaboration : Time (s): cpu = 00:01:01 ; elapsed = 00:01:04 . Memory (MB): peak = 819.375 ; gain = 533.930
---------------------------------------------------------------------------------

Report Check Netlist: 
+------+------------------+-------+---------+-------+------------------+
|      |Item              |Errors |Warnings |Status |Description       |
+------+------------------+-------+---------+-------+------------------+
|1     |multi_driven_nets |      0|        0|Passed |Multi driven nets |
+------+------------------+-------+---------+-------+------------------+
---------------------------------------------------------------------------------
Start Handling Custom Attributes
---------------------------------------------------------------------------------
---------------------------------------------------------------------------------
Finished Handling Custom Attributes : Time (s): cpu = 00:01:03 ; elapsed = 00:01:06 . Memory (MB): peak = 819.375 ; gain = 533.930
---------------------------------------------------------------------------------
---------------------------------------------------------------------------------
Finished RTL Optimization Phase 1 : Time (s): cpu = 00:01:03 ; elapsed = 00:01:06 . Memory (MB): peak = 819.375 ; gain = 533.930
---------------------------------------------------------------------------------
INFO: [Netlist 29-17] Analyzing 4725 Unisim elements for replacement
INFO: [Netlist 29-28] Unisim Transformation completed in 0 CPU seconds
INFO: [Device 21-403] Loading part xczu7ev-ffvc1156-2-e
INFO: [Project 1-570] Preparing netlist for logic optimization

Processing XDC Constraints
Initializing timing engine
Parsing XDC File [c:/Users/mcrye/Downloads/bladei_bse_zcu104/bladei_bse_zcu104.srcs/sources_1/bd/bse/ip/bse_byte_statistics_engi_0_0/constraints/byte_statistics_engine_ooc.xdc] for cell 'inst'
Finished Parsing XDC File [c:/Users/mcrye/Downloads/bladei_bse_zcu104/bladei_bse_zcu104.srcs/sources_1/bd/bse/ip/bse_byte_statistics_engi_0_0/constraints/byte_statistics_engine_ooc.xdc] for cell 'inst'
Parsing XDC File [C:/Users/mcrye/Downloads/bladei_bse_zcu104/bladei_bse_zcu104.runs/bse_byte_statistics_engi_0_0_synth_1/dont_touch.xdc]
Finished Parsing XDC File [C:/Users/mcrye/Downloads/bladei_bse_zcu104/bladei_bse_zcu104.runs/bse_byte_statistics_engi_0_0_synth_1/dont_touch.xdc]
Completed Processing XDC Constraints

Netlist sorting complete. Time (s): cpu = 00:00:00 ; elapsed = 00:00:00.034 . Memory (MB): peak = 1804.730 ; gain = 0.000
INFO: [Project 1-111] Unisim Transformation Summary:
  A total of 28 instances were transformed.
  DSP48E1 => DSP48E2 (DSP_ALU, DSP_A_B_DATA, DSP_C_DATA, DSP_MULTIPLIER, DSP_M_DATA, DSP_OUTPUT, DSP_PREADD_DATA, DSP_PREADD): 16 instances
  FDE => FDRE: 12 instances

Netlist sorting complete. Time (s): cpu = 00:00:00 ; elapsed = 00:00:00.036 . Memory (MB): peak = 1812.309 ; gain = 0.129
Constraint Validation Runtime : Time (s): cpu = 00:00:01 ; elapsed = 00:00:00.631 . Memory (MB): peak = 1813.562 ; gain = 8.832
---------------------------------------------------------------------------------
Finished Constraint Validation : Time (s): cpu = 00:01:38 ; elapsed = 00:01:43 . Memory (MB): peak = 1814.633 ; gain = 1529.188
---------------------------------------------------------------------------------
---------------------------------------------------------------------------------
Start Loading Part and Timing Information
---------------------------------------------------------------------------------
Loading part: xczu7ev-ffvc1156-2-e
INFO: [Synth 8-6742] Reading net delay rules and data
---------------------------------------------------------------------------------
Finished Loading Part and Timing Information : Time (s): cpu = 00:01:38 ; elapsed = 00:01:43 . Memory (MB): peak = 1814.633 ; gain = 1529.188
---------------------------------------------------------------------------------
---------------------------------------------------------------------------------
Start Applying 'set_property' XDC Constraints
---------------------------------------------------------------------------------
Applied set_property DONT_TOUCH = true for inst. (constraint file  C:/Users/mcrye/Downloads/bladei_bse_zcu104/bladei_bse_zcu104.runs/bse_byte_statistics_engi_0_0_synth_1/dont_touch.xdc, line 9).
---------------------------------------------------------------------------------
Finished applying 'set_property' XDC Constraints : Time (s): cpu = 00:01:38 ; elapsed = 00:01:43 . Memory (MB): peak = 1814.633 ; gain = 1529.188
---------------------------------------------------------------------------------
INFO: [Synth 8-802] inferred FSM for state register 'wstate_reg' in module 'byte_statistics_engine_CTRL_s_axi'
INFO: [Synth 8-802] inferred FSM for state register 'rstate_reg' in module 'byte_statistics_engine_CTRL_s_axi'
INFO: [Synth 8-5544] ROM "wnext" won't be mapped to Block RAM because address size (1) smaller than threshold (5)
INFO: [Synth 8-5544] ROM "wnext" won't be mapped to Block RAM because address size (1) smaller than threshold (5)
INFO: [Synth 8-5546] ROM "exp_all_one_ip" won't be mapped to RAM because it is too sparse
INFO: [Synth 8-5546] ROM "exp_all_zero_ip" won't be mapped to RAM because it is too sparse
INFO: [Synth 8-5546] ROM "exp_over_int" won't be mapped to RAM because it is too sparse
INFO: [Synth 8-5546] ROM "ip_sig" won't be mapped to RAM because it is too sparse
INFO: [Synth 8-5546] ROM "exp_over_int" won't be mapped to RAM because it is too sparse
INFO: [Synth 8-5546] ROM "ip_sig" won't be mapped to RAM because it is too sparse
INFO: [Synth 8-5544] ROM "det_state" won't be mapped to Block RAM because address size (1) smaller than threshold (5)
INFO: [Synth 8-5546] ROM "exp_all_one_ip" won't be mapped to RAM because it is too sparse
INFO: [Synth 8-5546] ROM "exp_all_zero_ip" won't be mapped to RAM because it is too sparse
INFO: [Synth 8-5546] ROM "lrg_almost_over" won't be mapped to RAM because it is too sparse
INFO: [Synth 8-5546] ROM "lrg_almost_over" won't be mapped to RAM because it is too sparse
INFO: [Synth 8-5544] ROM "det_state" won't be mapped to Block RAM because address size (1) smaller than threshold (5)
INFO: [Synth 8-5546] ROM "exp_just_over_sig" won't be mapped to RAM because it is too sparse
INFO: [Synth 8-5546] ROM "flow_sig" won't be mapped to RAM because it is too sparse
INFO: [Synth 8-5546] ROM "flow_sig" won't be mapped to RAM because it is too sparse
INFO: [Synth 8-5546] ROM "exp_just_over_sig" won't be mapped to RAM because it is too sparse
INFO: [Synth 8-5546] ROM "flow_sig" won't be mapped to RAM because it is too sparse
INFO: [Synth 8-5546] ROM "flow_sig" won't be mapped to RAM because it is too sparse
INFO: [Synth 8-5544] ROM "state_int_up" won't be mapped to Block RAM because address size (1) smaller than threshold (5)
INFO: [Synth 8-5546] ROM "exp_all_one_ip" won't be mapped to RAM because it is too sparse
INFO: [Synth 8-5546] ROM "exp_all_zero_ip" won't be mapped to RAM because it is too sparse
INFO: [Synth 8-5545] ROM "chunk_is_zero_ip" won't be mapped to RAM because address size (36) is larger than maximum supported(25)
INFO: [Synth 8-5546] ROM "flow_sig" won't be mapped to RAM because it is too sparse
INFO: [Synth 8-5546] ROM "flow_sig" won't be mapped to RAM because it is too sparse
INFO: [Synth 8-5546] ROM "flow_sig" won't be mapped to RAM because it is too sparse
INFO: [Synth 8-5546] ROM "flow_sig" won't be mapped to RAM because it is too sparse
INFO: [Synth 8-5544] ROM "state_det" won't be mapped to Block RAM because address size (1) smaller than threshold (5)
INFO: [Synth 8-5544] ROM "state_det" won't be mapped to Block RAM because address size (1) smaller than threshold (5)
INFO: [Synth 8-5544] ROM "state_int_up" won't be mapped to Block RAM because address size (1) smaller than threshold (5)
INFO: [Synth 8-5544] ROM "enc_chunk" won't be mapped to Block RAM because address size (4) smaller than threshold (5)
INFO: [Synth 8-5544] ROM "enc_chunk" won't be mapped to Block RAM because address size (4) smaller than threshold (5)
INFO: [Synth 8-5544] ROM "enc_chunk" won't be mapped to Block RAM because address size (4) smaller than threshold (5)
INFO: [Synth 8-5544] ROM "enc_chunk" won't be mapped to Block RAM because address size (4) smaller than threshold (5)
INFO: [Synth 8-5544] ROM "enc_chunk" won't be mapped to Block RAM because address size (4) smaller than threshold (5)
INFO: [Synth 8-5544] ROM "enc_chunk" won't be mapped to Block RAM because address size (4) smaller than threshold (5)
INFO: [Synth 8-5544] ROM "enc_chunk" won't be mapped to Block RAM because address size (4) smaller than threshold (5)
INFO: [Synth 8-5544] ROM "enc_chunk" won't be mapped to Block RAM because address size (4) smaller than threshold (5)
INFO: [Synth 8-5544] ROM "enc_chunk" won't be mapped to Block RAM because address size (4) smaller than threshold (5)
INFO: [Synth 8-5544] ROM "enc_chunk" won't be mapped to Block RAM because address size (4) smaller than threshold (5)
INFO: [Synth 8-5544] ROM "enc_chunk" won't be mapped to Block RAM because address size (4) smaller than threshold (5)
INFO: [Synth 8-5544] ROM "enc_chunk" won't be mapped to Block RAM because address size (4) smaller than threshold (5)
INFO: [Synth 8-5544] ROM "enc_chunk" won't be mapped to Block RAM because address size (4) smaller than threshold (5)
INFO: [Synth 8-5544] ROM "enc_chunk" won't be mapped to Block RAM because address size (4) smaller than threshold (5)
INFO: [Synth 8-5544] ROM "enc_chunk" won't be mapped to Block RAM because address size (4) smaller than threshold (5)
INFO: [Synth 8-5544] ROM "enc_chunk" won't be mapped to Block RAM because address size (4) smaller than threshold (5)
INFO: [Synth 8-5546] ROM "op_tdata" won't be mapped to RAM because it is too sparse
INFO: [Synth 8-5546] ROM "exp_all_one_ip" won't be mapped to RAM because it is too sparse
INFO: [Synth 8-5546] ROM "exp_all_zero_ip" won't be mapped to RAM because it is too sparse
INFO: [Synth 8-5545] ROM "chunk_is_zero_ip" won't be mapped to RAM because address size (36) is larger than maximum supported(25)
INFO: [Synth 8-5544] ROM "enc_chunk" won't be mapped to Block RAM because address size (4) smaller than threshold (5)
INFO: [Synth 8-5544] ROM "enc_chunk" won't be mapped to Block RAM because address size (4) smaller than threshold (5)
INFO: [Synth 8-5544] ROM "enc_chunk" won't be mapped to Block RAM because address size (4) smaller than threshold (5)
INFO: [Synth 8-5544] ROM "enc_chunk" won't be mapped to Block RAM because address size (4) smaller than threshold (5)
INFO: [Synth 8-5542] Attribute ram_style/rom_style = distributed specified for ROM  "ROM". This will be implemented in logic
INFO: [Synth 8-5546] ROM "special_case_address" won't be mapped to RAM because it is too sparse
INFO: [Synth 8-5544] ROM "enc_chunk" won't be mapped to Block RAM because address size (4) smaller than threshold (5)
INFO: [Synth 8-5544] ROM "enc_chunk" won't be mapped to Block RAM because address size (4) smaller than threshold (5)
INFO: [Synth 8-5544] ROM "enc_chunk" won't be mapped to Block RAM because address size (4) smaller than threshold (5)
INFO: [Synth 8-5544] ROM "enc_chunk" won't be mapped to Block RAM because address size (4) smaller than threshold (5)
INFO: [Synth 8-5544] ROM "enc_chunk" won't be mapped to Block RAM because address size (4) smaller than threshold (5)
INFO: [Synth 8-5544] ROM "enc_chunk" won't be mapped to Block RAM because address size (4) smaller than threshold (5)
INFO: [Synth 8-5544] ROM "enc_chunk" won't be mapped to Block RAM because address size (4) smaller than threshold (5)
INFO: [Synth 8-5544] ROM "enc_chunk" won't be mapped to Block RAM because address size (4) smaller than threshold (5)
INFO: [Synth 8-5544] ROM "enc_chunk" won't be mapped to Block RAM because address size (4) smaller than threshold (5)
INFO: [Synth 8-5544] ROM "enc_chunk" won't be mapped to Block RAM because address size (4) smaller than threshold (5)
INFO: [Synth 8-5544] ROM "enc_chunk" won't be mapped to Block RAM because address size (4) smaller than threshold (5)
INFO: [Synth 8-5544] ROM "enc_chunk" won't be mapped to Block RAM because address size (4) smaller than threshold (5)
INFO: [Synth 8-5544] ROM "enc_chunk" won't be mapped to Block RAM because address size (4) smaller than threshold (5)
INFO: [Synth 8-5544] ROM "enc_chunk" won't be mapped to Block RAM because address size (4) smaller than threshold (5)
INFO: [Synth 8-5544] ROM "enc_chunk" won't be mapped to Block RAM because address size (4) smaller than threshold (5)
INFO: [Synth 8-5544] ROM "enc_chunk" won't be mapped to Block RAM because address size (4) smaller than threshold (5)
INFO: [Synth 8-5544] ROM "div_by_zero_i" won't be mapped to Block RAM because address size (2) smaller than threshold (5)
INFO: [Synth 8-4471] merging register 'hist_1_V_addr_32_reg_11708_reg[4:0]' into 'hist_0_V_addr_32_reg_11702_reg[4:0]' [c:/Users/mcrye/Downloads/bladei_bse_zcu104/bladei_bse_zcu104.srcs/sources_1/bd/bse/ipshared/de07/hdl/verilog/byte_statistics_engine.v:4223]
INFO: [Synth 8-4471] merging register 'hist_2_V_addr_32_reg_11714_reg[4:0]' into 'hist_0_V_addr_32_reg_11702_reg[4:0]' [c:/Users/mcrye/Downloads/bladei_bse_zcu104/bladei_bse_zcu104.srcs/sources_1/bd/bse/ipshared/de07/hdl/verilog/byte_statistics_engine.v:4224]
INFO: [Synth 8-4471] merging register 'hist_3_V_addr_32_reg_11720_reg[4:0]' into 'hist_0_V_addr_32_reg_11702_reg[4:0]' [c:/Users/mcrye/Downloads/bladei_bse_zcu104/bladei_bse_zcu104.srcs/sources_1/bd/bse/ipshared/de07/hdl/verilog/byte_statistics_engine.v:4225]
INFO: [Synth 8-4471] merging register 'hist_4_V_addr_32_reg_11726_reg[4:0]' into 'hist_0_V_addr_32_reg_11702_reg[4:0]' [c:/Users/mcrye/Downloads/bladei_bse_zcu104/bladei_bse_zcu104.srcs/sources_1/bd/bse/ipshared/de07/hdl/verilog/byte_statistics_engine.v:4226]
INFO: [Synth 8-4471] merging register 'hist_5_V_addr_32_reg_11732_reg[4:0]' into 'hist_0_V_addr_32_reg_11702_reg[4:0]' [c:/Users/mcrye/Downloads/bladei_bse_zcu104/bladei_bse_zcu104.srcs/sources_1/bd/bse/ipshared/de07/hdl/verilog/byte_statistics_engine.v:4227]
INFO: [Synth 8-4471] merging register 'hist_6_V_addr_32_reg_11738_reg[4:0]' into 'hist_0_V_addr_32_reg_11702_reg[4:0]' [c:/Users/mcrye/Downloads/bladei_bse_zcu104/bladei_bse_zcu104.srcs/sources_1/bd/bse/ipshared/de07/hdl/verilog/byte_statistics_engine.v:4228]
INFO: [Synth 8-4471] merging register 'hist_7_V_addr_32_reg_11744_reg[4:0]' into 'hist_0_V_addr_32_reg_11702_reg[4:0]' [c:/Users/mcrye/Downloads/bladei_bse_zcu104/bladei_bse_zcu104.srcs/sources_1/bd/bse/ipshared/de07/hdl/verilog/byte_statistics_engine.v:4229]
INFO: [Synth 8-4471] merging register 'hist_1_V_addr_33_reg_11871_reg[4:0]' into 'hist_0_V_addr_33_reg_11865_reg[4:0]' [c:/Users/mcrye/Downloads/bladei_bse_zcu104/bladei_bse_zcu104.srcs/sources_1/bd/bse/ipshared/de07/hdl/verilog/byte_statistics_engine.v:4388]
INFO: [Synth 8-4471] merging register 'hist_2_V_addr_33_reg_11877_reg[4:0]' into 'hist_0_V_addr_33_reg_11865_reg[4:0]' [c:/Users/mcrye/Downloads/bladei_bse_zcu104/bladei_bse_zcu104.srcs/sources_1/bd/bse/ipshared/de07/hdl/verilog/byte_statistics_engine.v:4389]
INFO: [Synth 8-4471] merging register 'hist_3_V_addr_33_reg_11883_reg[4:0]' into 'hist_0_V_addr_33_reg_11865_reg[4:0]' [c:/Users/mcrye/Downloads/bladei_bse_zcu104/bladei_bse_zcu104.srcs/sources_1/bd/bse/ipshared/de07/hdl/verilog/byte_statistics_engine.v:4390]
INFO: [Synth 8-4471] merging register 'hist_4_V_addr_33_reg_11889_reg[4:0]' into 'hist_0_V_addr_33_reg_11865_reg[4:0]' [c:/Users/mcrye/Downloads/bladei_bse_zcu104/bladei_bse_zcu104.srcs/sources_1/bd/bse/ipshared/de07/hdl/verilog/byte_statistics_engine.v:4391]
INFO: [Synth 8-4471] merging register 'hist_5_V_addr_33_reg_11895_reg[4:0]' into 'hist_0_V_addr_33_reg_11865_reg[4:0]' [c:/Users/mcrye/Downloads/bladei_bse_zcu104/bladei_bse_zcu104.srcs/sources_1/bd/bse/ipshared/de07/hdl/verilog/byte_statistics_engine.v:4392]
INFO: [Synth 8-4471] merging register 'hist_6_V_addr_33_reg_11901_reg[4:0]' into 'hist_0_V_addr_33_reg_11865_reg[4:0]' [c:/Users/mcrye/Downloads/bladei_bse_zcu104/bladei_bse_zcu104.srcs/sources_1/bd/bse/ipshared/de07/hdl/verilog/byte_statistics_engine.v:4393]
INFO: [Synth 8-4471] merging register 'hist_7_V_addr_33_reg_11907_reg[4:0]' into 'hist_0_V_addr_33_reg_11865_reg[4:0]' [c:/Users/mcrye/Downloads/bladei_bse_zcu104/bladei_bse_zcu104.srcs/sources_1/bd/bse/ipshared/de07/hdl/verilog/byte_statistics_engine.v:4394]
INFO: [Synth 8-4471] merging register 'hist_1_V_addr_34_reg_12292_reg[4:0]' into 'hist_0_V_addr_34_reg_12286_reg[4:0]' [c:/Users/mcrye/Downloads/bladei_bse_zcu104/bladei_bse_zcu104.srcs/sources_1/bd/bse/ipshared/de07/hdl/verilog/byte_statistics_engine.v:6033]
INFO: [Synth 8-4471] merging register 'hist_2_V_addr_34_reg_12298_reg[4:0]' into 'hist_0_V_addr_34_reg_12286_reg[4:0]' [c:/Users/mcrye/Downloads/bladei_bse_zcu104/bladei_bse_zcu104.srcs/sources_1/bd/bse/ipshared/de07/hdl/verilog/byte_statistics_engine.v:6034]
INFO: [Synth 8-4471] merging register 'hist_3_V_addr_34_reg_12304_reg[4:0]' into 'hist_0_V_addr_34_reg_12286_reg[4:0]' [c:/Users/mcrye/Downloads/bladei_bse_zcu104/bladei_bse_zcu104.srcs/sources_1/bd/bse/ipshared/de07/hdl/verilog/byte_statistics_engine.v:6035]
INFO: [Synth 8-4471] merging register 'hist_4_V_addr_34_reg_12310_reg[4:0]' into 'hist_0_V_addr_34_reg_12286_reg[4:0]' [c:/Users/mcrye/Downloads/bladei_bse_zcu104/bladei_bse_zcu104.srcs/sources_1/bd/bse/ipshared/de07/hdl/verilog/byte_statistics_engine.v:6036]
INFO: [Synth 8-4471] merging register 'hist_5_V_addr_34_reg_12316_reg[4:0]' into 'hist_0_V_addr_34_reg_12286_reg[4:0]' [c:/Users/mcrye/Downloads/bladei_bse_zcu104/bladei_bse_zcu104.srcs/sources_1/bd/bse/ipshared/de07/hdl/verilog/byte_statistics_engine.v:6037]
INFO: [Synth 8-4471] merging register 'hist_6_V_addr_34_reg_12322_reg[4:0]' into 'hist_0_V_addr_34_reg_12286_reg[4:0]' [c:/Users/mcrye/Downloads/bladei_bse_zcu104/bladei_bse_zcu104.srcs/sources_1/bd/bse/ipshared/de07/hdl/verilog/byte_statistics_engine.v:6038]
INFO: [Synth 8-4471] merging register 'hist_7_V_addr_34_reg_12328_reg[4:0]' into 'hist_0_V_addr_34_reg_12286_reg[4:0]' [c:/Users/mcrye/Downloads/bladei_bse_zcu104/bladei_bse_zcu104.srcs/sources_1/bd/bse/ipshared/de07/hdl/verilog/byte_statistics_engine.v:6039]
INFO: [Synth 8-4471] merging register 'hist_1_V_addr_35_reg_12340_reg[4:0]' into 'hist_0_V_addr_35_reg_12334_reg[4:0]' [c:/Users/mcrye/Downloads/bladei_bse_zcu104/bladei_bse_zcu104.srcs/sources_1/bd/bse/ipshared/de07/hdl/verilog/byte_statistics_engine.v:6046]
INFO: [Synth 8-4471] merging register 'hist_2_V_addr_35_reg_12346_reg[4:0]' into 'hist_0_V_addr_35_reg_12334_reg[4:0]' [c:/Users/mcrye/Downloads/bladei_bse_zcu104/bladei_bse_zcu104.srcs/sources_1/bd/bse/ipshared/de07/hdl/verilog/byte_statistics_engine.v:6047]
INFO: [Synth 8-4471] merging register 'hist_3_V_addr_35_reg_12352_reg[4:0]' into 'hist_0_V_addr_35_reg_12334_reg[4:0]' [c:/Users/mcrye/Downloads/bladei_bse_zcu104/bladei_bse_zcu104.srcs/sources_1/bd/bse/ipshared/de07/hdl/verilog/byte_statistics_engine.v:6048]
INFO: [Synth 8-4471] merging register 'hist_4_V_addr_35_reg_12358_reg[4:0]' into 'hist_0_V_addr_35_reg_12334_reg[4:0]' [c:/Users/mcrye/Downloads/bladei_bse_zcu104/bladei_bse_zcu104.srcs/sources_1/bd/bse/ipshared/de07/hdl/verilog/byte_statistics_engine.v:6049]
INFO: [Synth 8-4471] merging register 'hist_5_V_addr_35_reg_12364_reg[4:0]' into 'hist_0_V_addr_35_reg_12334_reg[4:0]' [c:/Users/mcrye/Downloads/bladei_bse_zcu104/bladei_bse_zcu104.srcs/sources_1/bd/bse/ipshared/de07/hdl/verilog/byte_statistics_engine.v:6050]
INFO: [Synth 8-4471] merging register 'hist_6_V_addr_35_reg_12370_reg[4:0]' into 'hist_0_V_addr_35_reg_12334_reg[4:0]' [c:/Users/mcrye/Downloads/bladei_bse_zcu104/bladei_bse_zcu104.srcs/sources_1/bd/bse/ipshared/de07/hdl/verilog/byte_statistics_engine.v:6051]
INFO: [Synth 8-4471] merging register 'hist_7_V_addr_35_reg_12376_reg[4:0]' into 'hist_0_V_addr_35_reg_12334_reg[4:0]' [c:/Users/mcrye/Downloads/bladei_bse_zcu104/bladei_bse_zcu104.srcs/sources_1/bd/bse/ipshared/de07/hdl/verilog/byte_statistics_engine.v:6052]
INFO: [Synth 8-5818] HDL ADVISOR - The operator resource <adder> is shared. To prevent sharing consider applying a KEEP on the output of the operator [c:/Users/mcrye/Downloads/bladei_bse_zcu104/bladei_bse_zcu104.srcs/sources_1/bd/bse/ipshared/de07/hdl/verilog/byte_statistics_engine.v:9734]
INFO: [Synth 8-5818] HDL ADVISOR - The operator resource <adder> is shared. To prevent sharing consider applying a KEEP on the output of the operator [c:/Users/mcrye/Downloads/bladei_bse_zcu104/bladei_bse_zcu104.srcs/sources_1/bd/bse/ipshared/de07/hdl/verilog/byte_statistics_engine.v:9740]
INFO: [Synth 8-5818] HDL ADVISOR - The operator resource <adder> is shared. To prevent sharing consider applying a KEEP on the output of the operator [c:/Users/mcrye/Downloads/bladei_bse_zcu104/bladei_bse_zcu104.srcs/sources_1/bd/bse/ipshared/de07/hdl/verilog/byte_statistics_engine.v:9738]
INFO: [Synth 8-5818] HDL ADVISOR - The operator resource <adder> is shared. To prevent sharing consider applying a KEEP on the output of the operator [c:/Users/mcrye/Downloads/bladei_bse_zcu104/bladei_bse_zcu104.srcs/sources_1/bd/bse/ipshared/de07/hdl/verilog/byte_statistics_engine.v:9736]
WARNING: [Synth 8-3936] Found unconnected internal register 'abs_delta_sum_3_reg_5102_reg' and it is trimmed from '64' to '32' bits. [c:/Users/mcrye/Downloads/bladei_bse_zcu104/bladei_bse_zcu104.srcs/sources_1/bd/bse/ipshared/de07/hdl/verilog/byte_statistics_engine.v:3604]
WARNING: [Synth 8-3936] Found unconnected internal register 'chunk_sq_sums_load_1_1_reg_4851_reg' and it is trimmed from '64' to '32' bits. [c:/Users/mcrye/Downloads/bladei_bse_zcu104/bladei_bse_zcu104.srcs/sources_1/bd/bse/ipshared/de07/hdl/verilog/byte_statistics_engine.v:3782]
WARNING: [Synth 8-3936] Found unconnected internal register 'chunk_sq_sums_load_1_2_reg_4879_reg' and it is trimmed from '64' to '32' bits. [c:/Users/mcrye/Downloads/bladei_bse_zcu104/bladei_bse_zcu104.srcs/sources_1/bd/bse/ipshared/de07/hdl/verilog/byte_statistics_engine.v:3790]
WARNING: [Synth 8-3936] Found unconnected internal register 'chunk_sq_sums_load_1_3_reg_4907_reg' and it is trimmed from '64' to '32' bits. [c:/Users/mcrye/Downloads/bladei_bse_zcu104/bladei_bse_zcu104.srcs/sources_1/bd/bse/ipshared/de07/hdl/verilog/byte_statistics_engine.v:3798]
WARNING: [Synth 8-3936] Found unconnected internal register 'chunk_sq_sums_load_1_reg_4823_reg' and it is trimmed from '64' to '32' bits. [c:/Users/mcrye/Downloads/bladei_bse_zcu104/bladei_bse_zcu104.srcs/sources_1/bd/bse/ipshared/de07/hdl/verilog/byte_statistics_engine.v:3822]
WARNING: [Synth 8-3936] Found unconnected internal register 'chunk_sums_load_1_1_reg_4865_reg' and it is trimmed from '64' to '32' bits. [c:/Users/mcrye/Downloads/bladei_bse_zcu104/bladei_bse_zcu104.srcs/sources_1/bd/bse/ipshared/de07/hdl/verilog/byte_statistics_engine.v:3878]
WARNING: [Synth 8-3936] Found unconnected internal register 'chunk_sums_load_1_2_reg_4893_reg' and it is trimmed from '64' to '32' bits. [c:/Users/mcrye/Downloads/bladei_bse_zcu104/bladei_bse_zcu104.srcs/sources_1/bd/bse/ipshared/de07/hdl/verilog/byte_statistics_engine.v:3886]
WARNING: [Synth 8-3936] Found unconnected internal register 'chunk_sums_load_1_3_reg_4921_reg' and it is trimmed from '64' to '32' bits. [c:/Users/mcrye/Downloads/bladei_bse_zcu104/bladei_bse_zcu104.srcs/sources_1/bd/bse/ipshared/de07/hdl/verilog/byte_statistics_engine.v:3894]
WARNING: [Synth 8-3936] Found unconnected internal register 'chunk_sums_load_1_reg_4837_reg' and it is trimmed from '64' to '32' bits. [c:/Users/mcrye/Downloads/bladei_bse_zcu104/bladei_bse_zcu104.srcs/sources_1/bd/bse/ipshared/de07/hdl/verilog/byte_statistics_engine.v:3918]
INFO: [Synth 8-4490] FSM extraction disabled for register 'ap_CS_fsm_reg' through user attribute
INFO: [Synth 8-5546] ROM "exitcond4_fu_8472_p2" won't be mapped to RAM because it is too sparse
INFO: [Synth 8-5545] ROM "tmp_57_fu_8572_p2" won't be mapped to RAM because address size (32) is larger than maximum supported(25)
INFO: [Synth 8-5545] ROM "tmp_81_1_fu_8638_p2" won't be mapped to RAM because address size (32) is larger than maximum supported(25)
INFO: [Synth 8-5545] ROM "tmp_81_2_fu_8704_p2" won't be mapped to RAM because address size (32) is larger than maximum supported(25)
INFO: [Synth 8-5545] ROM "tmp_81_3_fu_8770_p2" won't be mapped to RAM because address size (32) is larger than maximum supported(25)
INFO: [Synth 8-5546] ROM "exitcond6_fu_8836_p2" won't be mapped to RAM because it is too sparse
INFO: [Synth 8-5546] ROM "exitcond_fu_10237_p2" won't be mapped to RAM because it is too sparse
INFO: [Synth 8-5546] ROM "tmp_3_3_fu_7667_p2" won't be mapped to RAM because it is too sparse
INFO: [Synth 8-5546] ROM "tmp_3_2_fu_7421_p2" won't be mapped to RAM because it is too sparse
INFO: [Synth 8-5546] ROM "tmp_3_1_fu_7256_p2" won't be mapped to RAM because it is too sparse
INFO: [Synth 8-5546] ROM "tmp_6_3_fu_7687_p2" won't be mapped to RAM because it is too sparse
INFO: [Synth 8-5546] ROM "tmp_6_2_fu_7440_p2" won't be mapped to RAM because it is too sparse
INFO: [Synth 8-5546] ROM "tmp_6_1_fu_7273_p2" won't be mapped to RAM because it is too sparse
INFO: [Synth 8-5546] ROM "tmp_3_fu_5511_p2" won't be mapped to RAM because it is too sparse
INFO: [Synth 8-5544] ROM "sel_tmp_fu_5778_p2" won't be mapped to Block RAM because address size (2) smaller than threshold (5)
INFO: [Synth 8-5544] ROM "sel_tmp1_fu_5791_p2" won't be mapped to Block RAM because address size (2) smaller than threshold (5)
INFO: [Synth 8-5544] ROM "sel_tmp3_fu_5812_p2" won't be mapped to Block RAM because address size (2) smaller than threshold (5)
INFO: [Synth 8-5546] ROM "tmp_6_fu_5716_p2" won't be mapped to RAM because it is too sparse
INFO: [Synth 8-5545] ROM "tmp_49_fu_8535_p2" won't be mapped to RAM because address size (32) is larger than maximum supported(25)
INFO: [Synth 8-5546] ROM "out_word_last_V_fu_11582_p2" won't be mapped to RAM because it is too sparse
INFO: [Synth 8-5546] ROM "tmp_28_fu_8437_p2" won't be mapped to RAM because it is too sparse
INFO: [Synth 8-5546] ROM "notrhs_fu_8612_p2" won't be mapped to RAM because it is too sparse
INFO: [Synth 8-5546] ROM "notrhs4_fu_10202_p2" won't be mapped to RAM because it is too sparse
INFO: [Synth 8-5546] ROM "exitcond4_fu_8472_p2" won't be mapped to RAM because it is too sparse
INFO: [Synth 8-5545] ROM "tmp_57_fu_8572_p2" won't be mapped to RAM because address size (32) is larger than maximum supported(25)
INFO: [Synth 8-5545] ROM "tmp_81_1_fu_8638_p2" won't be mapped to RAM because address size (32) is larger than maximum supported(25)
INFO: [Synth 8-5545] ROM "tmp_81_2_fu_8704_p2" won't be mapped to RAM because address size (32) is larger than maximum supported(25)
INFO: [Synth 8-5545] ROM "tmp_81_3_fu_8770_p2" won't be mapped to RAM because address size (32) is larger than maximum supported(25)
INFO: [Synth 8-5546] ROM "exitcond6_fu_8836_p2" won't be mapped to RAM because it is too sparse
INFO: [Synth 8-5546] ROM "exitcond_fu_10237_p2" won't be mapped to RAM because it is too sparse
INFO: [Synth 8-5546] ROM "tmp_3_3_fu_7667_p2" won't be mapped to RAM because it is too sparse
INFO: [Synth 8-5546] ROM "tmp_3_2_fu_7421_p2" won't be mapped to RAM because it is too sparse
INFO: [Synth 8-5546] ROM "tmp_3_1_fu_7256_p2" won't be mapped to RAM because it is too sparse
INFO: [Synth 8-5546] ROM "tmp_6_3_fu_7687_p2" won't be mapped to RAM because it is too sparse
INFO: [Synth 8-5546] ROM "tmp_6_2_fu_7440_p2" won't be mapped to RAM because it is too sparse
INFO: [Synth 8-5546] ROM "tmp_6_1_fu_7273_p2" won't be mapped to RAM because it is too sparse
INFO: [Synth 8-5546] ROM "tmp_3_fu_5511_p2" won't be mapped to RAM because it is too sparse
INFO: [Synth 8-5544] ROM "sel_tmp_fu_5778_p2" won't be mapped to Block RAM because address size (2) smaller than threshold (5)
INFO: [Synth 8-5544] ROM "sel_tmp1_fu_5791_p2" won't be mapped to Block RAM because address size (2) smaller than threshold (5)
INFO: [Synth 8-5544] ROM "sel_tmp3_fu_5812_p2" won't be mapped to Block RAM because address size (2) smaller than threshold (5)
INFO: [Synth 8-5546] ROM "tmp_6_fu_5716_p2" won't be mapped to RAM because it is too sparse
INFO: [Synth 8-5545] ROM "tmp_49_fu_8535_p2" won't be mapped to RAM because address size (32) is larger than maximum supported(25)
INFO: [Synth 8-5546] ROM "out_word_last_V_fu_11582_p2" won't be mapped to RAM because it is too sparse
INFO: [Synth 8-5546] ROM "tmp_28_fu_8437_p2" won't be mapped to RAM because it is too sparse
INFO: [Synth 8-5546] ROM "notrhs_fu_8612_p2" won't be mapped to RAM because it is too sparse
INFO: [Synth 8-5546] ROM "notrhs4_fu_10202_p2" won't be mapped to RAM because it is too sparse
INFO: [Synth 8-5544] ROM "hist_0_V_address1" won't be mapped to Block RAM because address size (1) smaller than threshold (5)
INFO: [Synth 8-5544] ROM "ap_NS_fsm" won't be mapped to Block RAM because address size (1) smaller than threshold (5)
INFO: [Synth 8-5544] ROM "ap_NS_fsm" won't be mapped to Block RAM because address size (1) smaller than threshold (5)
INFO: [Synth 8-5544] ROM "ap_NS_fsm" won't be mapped to Block RAM because address size (1) smaller than threshold (5)
INFO: [Synth 8-5544] ROM "ap_NS_fsm" won't be mapped to Block RAM because address size (1) smaller than threshold (5)
INFO: [Synth 8-5544] ROM "ap_NS_fsm" won't be mapped to Block RAM because address size (1) smaller than threshold (5)
INFO: [Synth 8-5544] ROM "ap_NS_fsm" won't be mapped to Block RAM because address size (1) smaller than threshold (5)
INFO: [Synth 8-5544] ROM "ap_NS_fsm" won't be mapped to Block RAM because address size (1) smaller than threshold (5)
INFO: [Synth 8-5544] ROM "ap_NS_fsm" won't be mapped to Block RAM because address size (1) smaller than threshold (5)
INFO: [Synth 8-5544] ROM "ap_NS_fsm" won't be mapped to Block RAM because address size (1) smaller than threshold (5)
INFO: [Synth 8-5544] ROM "ap_NS_fsm" won't be mapped to Block RAM because address size (1) smaller than threshold (5)
INFO: [Synth 8-5544] ROM "ap_NS_fsm" won't be mapped to Block RAM because address size (1) smaller than threshold (5)
INFO: [Synth 8-5544] ROM "in_stream_V_data_V_0_state" won't be mapped to Block RAM because address size (1) smaller than threshold (5)
INFO: [Synth 8-5544] ROM "in_stream_V_data_V_0_state" won't be mapped to Block RAM because address size (1) smaller than threshold (5)
INFO: [Synth 8-5544] ROM "in_stream_V_last_V_0_state" won't be mapped to Block RAM because address size (1) smaller than threshold (5)
INFO: [Synth 8-5544] ROM "in_stream_V_last_V_0_state" won't be mapped to Block RAM because address size (1) smaller than threshold (5)
INFO: [Synth 8-5544] ROM "out_stream_V_data_V_1_state" won't be mapped to Block RAM because address size (1) smaller than threshold (5)
INFO: [Synth 8-5544] ROM "out_stream_V_data_V_1_state" won't be mapped to Block RAM because address size (1) smaller than threshold (5)
INFO: [Synth 8-5544] ROM "out_stream_V_keep_V_1_state" won't be mapped to Block RAM because address size (1) smaller than threshold (5)
INFO: [Synth 8-5544] ROM "out_stream_V_keep_V_1_state" won't be mapped to Block RAM because address size (1) smaller than threshold (5)
INFO: [Synth 8-5544] ROM "out_stream_V_last_V_1_state" won't be mapped to Block RAM because address size (1) smaller than threshold (5)
INFO: [Synth 8-5544] ROM "out_stream_V_last_V_1_state" won't be mapped to Block RAM because address size (1) smaller than threshold (5)
INFO: [Synth 8-5544] ROM "out_stream_V_strb_V_1_state" won't be mapped to Block RAM because address size (1) smaller than threshold (5)
INFO: [Synth 8-5544] ROM "out_stream_V_strb_V_1_state" won't be mapped to Block RAM because address size (1) smaller than threshold (5)
INFO: [Synth 8-5544] ROM "grp_fu_5310_opcode" won't be mapped to Block RAM because address size (1) smaller than threshold (5)
INFO: [Synth 8-4490] FSM extraction disabled for register 'ap_CS_fsm_reg' through user attribute
---------------------------------------------------------------------------------------------------
                   State |                     New Encoding |                Previous Encoding 
---------------------------------------------------------------------------------------------------
                  iSTATE |                             0001 |                               11
*
                  WRIDLE |                             0010 |                               00
                  WRDATA |                             0100 |                               01
                  WRRESP |                             1000 |                               10
---------------------------------------------------------------------------------------------------
INFO: [Synth 8-3354] encoded FSM with state register 'wstate_reg' using encoding 'one-hot' in module 'byte_statistics_engine_CTRL_s_axi'
---------------------------------------------------------------------------------------------------
                   State |                     New Encoding |                Previous Encoding 
---------------------------------------------------------------------------------------------------
                  iSTATE |                              001 |                               10
*
                  RDIDLE |                              010 |                               00
                  RDDATA |                              100 |                               01
---------------------------------------------------------------------------------------------------
INFO: [Synth 8-3354] encoded FSM with state register 'rstate_reg' using encoding 'one-hot' in module 'byte_statistics_engine_CTRL_s_axi'
INFO: [Synth 8-3971] The signal ram_reg was recognized as a true dual port RAM template.
---------------------------------------------------------------------------------
Finished RTL Optimization Phase 2 : Time (s): cpu = 00:01:53 ; elapsed = 00:02:00 . Memory (MB): peak = 1814.633 ; gain = 1529.188
---------------------------------------------------------------------------------
INFO: [Synth 8-223] decloning instance 'inst/byte_statistics_ejbC_U1/byte_statistics_engine_ap_faddfsub_2_full_dsp_32_u/U0/i_synth/DELAY_DIVIDE_BY_ZERO' (delay__parameterized0) to 'inst/byte_statistics_ejbC_U1/byte_statistics_engine_ap_faddfsub_2_full_dsp_32_u/U0/i_synth/DELAY_ACCUM_OVERFLOW'
INFO: [Synth 8-223] decloning instance 'inst/byte_statistics_ejbC_U1/byte_statistics_engine_ap_faddfsub_2_full_dsp_32_u/U0/i_synth/DELAY_DIVIDE_BY_ZERO' (delay__parameterized0) to 'inst/byte_statistics_ejbC_U1/byte_statistics_engine_ap_faddfsub_2_full_dsp_32_u/U0/i_synth/DELAY_ACCUM_INPUT_OVERFLOW'
INFO: [Synth 8-223] decloning instance 'inst/byte_statistics_ejbC_U1/byte_statistics_engine_ap_faddfsub_2_full_dsp_32_u/U0/i_synth/ADDSUB_OP.ADDSUB/SPEED_OP.DSP.OP/DSP48E1_BODY.ALIGN_ADD/SUB_DELAY' (delay__parameterized0) to 'inst/byte_statistics_ejbC_U1/byte_statistics_engine_ap_faddfsub_2_full_dsp_32_u/U0/i_synth/ADDSUB_OP.ADDSUB/SPEED_OP.DSP.OP/DSP48E1_BODY.ALIGN_ADD/SUB_ADD_IP_DELAY'
INFO: [Synth 8-223] decloning instance 'inst/byte_statistics_ekbM_U2/byte_statistics_engine_ap_fsub_2_no_dsp_32_u/U0/i_synth/DELAY_DIVIDE_BY_ZERO' (delay__parameterized0) to 'inst/byte_statistics_ekbM_U2/byte_statistics_engine_ap_fsub_2_no_dsp_32_u/U0/i_synth/DELAY_ACCUM_OVERFLOW'
INFO: [Synth 8-223] decloning instance 'inst/byte_statistics_ekbM_U2/byte_statistics_engine_ap_fsub_2_no_dsp_32_u/U0/i_synth/DELAY_DIVIDE_BY_ZERO' (delay__parameterized0) to 'inst/byte_statistics_ekbM_U2/byte_statistics_engine_ap_fsub_2_no_dsp_32_u/U0/i_synth/DELAY_ACCUM_INPUT_OVERFLOW'
INFO: [Synth 8-223] decloning instance 'inst/byte_statistics_ekbM_U2/byte_statistics_engine_ap_fsub_2_no_dsp_32_u/U0/i_synth/ADDSUB_OP.ADDSUB/SPEED_OP.LOGIC.OP/ALIGN_BLK/SUB_DELAY' (delay__parameterized0) to 'inst/byte_statistics_ekbM_U2/byte_statistics_engine_ap_fsub_2_no_dsp_32_u/U0/i_synth/ADDSUB_OP.ADDSUB/SPEED_OP.LOGIC.OP/ALIGN_BLK/SUBTRACT_PREADD_DEL'
INFO: [Synth 8-223] decloning instance 'inst/byte_statistics_ekbM_U2/byte_statistics_engine_ap_fsub_2_no_dsp_32_u/U0/i_synth/ADDSUB_OP.ADDSUB/SPEED_OP.LOGIC.OP/NORM/ROUND/EXTRA_LSB_BIT_DEL' (delay__parameterized0) to 'inst/byte_statistics_ekbM_U2/byte_statistics_engine_ap_fsub_2_no_dsp_32_u/U0/i_synth/ADDSUB_OP.ADDSUB/SPEED_OP.LOGIC.OP/NORM/ROUND/EXTRA_LSB_RND1_DEL'
INFO: [Synth 8-223] decloning instance 'inst/byte_statistics_ekbM_U2/byte_statistics_engine_ap_fsub_2_no_dsp_32_u/U0/i_synth/ADDSUB_OP.ADDSUB/SPEED_OP.LOGIC.OP/NORM/ROUND/EXP_INC_DELAY' (delay__parameterized0) to 'inst/byte_statistics_ekbM_U2/byte_statistics_engine_ap_fsub_2_no_dsp_32_u/U0/i_synth/ADDSUB_OP.ADDSUB/SPEED_OP.LOGIC.OP/NORM/ROUND/EXP_INC_RND1_DELAY'
INFO: [Synth 8-223] decloning instance 'inst/byte_statistics_elbW_U3/byte_statistics_engine_ap_fmul_0_max_dsp_32_u/U0/i_synth/DELAY_DIVIDE_BY_ZERO' (delay__parameterized0) to 'inst/byte_statistics_elbW_U3/byte_statistics_engine_ap_fmul_0_max_dsp_32_u/U0/i_synth/DELAY_ACCUM_OVERFLOW'
INFO: [Synth 8-223] decloning instance 'inst/byte_statistics_elbW_U3/byte_statistics_engine_ap_fmul_0_max_dsp_32_u/U0/i_synth/DELAY_DIVIDE_BY_ZERO' (delay__parameterized0) to 'inst/byte_statistics_elbW_U3/byte_statistics_engine_ap_fmul_0_max_dsp_32_u/U0/i_synth/DELAY_ACCUM_INPUT_OVERFLOW'
INFO: [Synth 8-223] decloning instance 'byte_statistics_emb6:/byte_statistics_engine_ap_fdiv_6_no_dsp_32_u/U0/i_synth/DELAY_ACCUM_OVERFLOW' (delay__parameterized0) to 'byte_statistics_emb6:/byte_statistics_engine_ap_fdiv_6_no_dsp_32_u/U0/i_synth/DELAY_ACCUM_INPUT_OVERFLOW'
INFO: [Synth 8-223] decloning instance 'byte_statistics_emb6:/byte_statistics_engine_ap_fdiv_6_no_dsp_32_u/U0/i_synth/DIV_OP.SPD.OP/ROUND/EXTRA_LSB_BIT_DEL' (delay__parameterized0) to 'byte_statistics_emb6:/byte_statistics_engine_ap_fdiv_6_no_dsp_32_u/U0/i_synth/DIV_OP.SPD.OP/ROUND/EXTRA_LSB_RND1_DEL'
INFO: [Synth 8-223] decloning instance 'byte_statistics_emb6:/byte_statistics_engine_ap_fdiv_6_no_dsp_32_u/U0/i_synth/DIV_OP.SPD.OP/ROUND/EXP_INC_DELAY' (delay__parameterized0) to 'byte_statistics_emb6:/byte_statistics_engine_ap_fdiv_6_no_dsp_32_u/U0/i_synth/DIV_OP.SPD.OP/ROUND/EXP_INC_RND1_DELAY'
INFO: [Synth 8-223] decloning instance 'byte_statistics_emb6:/byte_statistics_engine_ap_fdiv_6_no_dsp_32_u/U0/i_synth/DIV_OP.SPD.OP/ROUND/EXP_IN_DELAY.EXP_IN_DEL' (delay__parameterized28) to 'byte_statistics_emb6:/byte_statistics_engine_ap_fdiv_6_no_dsp_32_u/U0/i_synth/DIV_OP.SPD.OP/ROUND/EXP_RND2_DELAY.EXP_RND_DEL'
INFO: [Synth 8-223] decloning instance 'byte_statistics_emb6:/byte_statistics_engine_ap_fdiv_6_no_dsp_32_u/U0/i_synth/DIV_OP.SPD.OP/ROUND/EXP_IN_DELAY.EXP_OFF_OP_DEL' (delay__parameterized28) to 'byte_statistics_emb6:/byte_statistics_engine_ap_fdiv_6_no_dsp_32_u/U0/i_synth/DIV_OP.SPD.OP/ROUND/EXP_RND2_DELAY.EXP_OFF_RND_DEL'
INFO: [Synth 8-223] decloning instance 'byte_statistics_encg:/byte_statistics_engine_ap_uitofp_1_no_dsp_32_u/U0/i_synth/DELAY_INVALID_OP' (delay__parameterized0) to 'byte_statistics_encg:/byte_statistics_engine_ap_uitofp_1_no_dsp_32_u/U0/i_synth/DELAY_DIVIDE_BY_ZERO'
INFO: [Synth 8-223] decloning instance 'byte_statistics_encg:/byte_statistics_engine_ap_uitofp_1_no_dsp_32_u/U0/i_synth/DELAY_INVALID_OP' (delay__parameterized0) to 'byte_statistics_encg:/byte_statistics_engine_ap_uitofp_1_no_dsp_32_u/U0/i_synth/DELAY_OVERFLOW'
INFO: [Synth 8-223] decloning instance 'byte_statistics_encg:/byte_statistics_engine_ap_uitofp_1_no_dsp_32_u/U0/i_synth/DELAY_INVALID_OP' (delay__parameterized0) to 'byte_statistics_encg:/byte_statistics_engine_ap_uitofp_1_no_dsp_32_u/U0/i_synth/DELAY_UNDERFLOW'
INFO: [Synth 8-223] decloning instance 'byte_statistics_encg:/byte_statistics_engine_ap_uitofp_1_no_dsp_32_u/U0/i_synth/DELAY_INVALID_OP' (delay__parameterized0) to 'byte_statistics_encg:/byte_statistics_engine_ap_uitofp_1_no_dsp_32_u/U0/i_synth/DELAY_ACCUM_OVERFLOW'
INFO: [Synth 8-223] decloning instance 'byte_statistics_encg:/byte_statistics_engine_ap_uitofp_1_no_dsp_32_u/U0/i_synth/DELAY_INVALID_OP' (delay__parameterized0) to 'byte_statistics_encg:/byte_statistics_engine_ap_uitofp_1_no_dsp_32_u/U0/i_synth/DELAY_ACCUM_INPUT_OVERFLOW'
INFO: [Synth 8-223] decloning instance 'byte_statistics_encg:/byte_statistics_engine_ap_uitofp_1_no_dsp_32_u/U0/i_synth/FIX_TO_FLT_OP.SPD.OP/ROUND/EXTRA_LSB_BIT_DEL' (delay__parameterized0) to 'byte_statistics_encg:/byte_statistics_engine_ap_uitofp_1_no_dsp_32_u/U0/i_synth/FIX_TO_FLT_OP.SPD.OP/ROUND/EXTRA_LSB_RND1_DEL'
INFO: [Synth 8-223] decloning instance 'byte_statistics_encg:/byte_statistics_engine_ap_uitofp_1_no_dsp_32_u/U0/i_synth/FIX_TO_FLT_OP.SPD.OP/ROUND/EXP_INC_DELAY' (delay__parameterized0) to 'byte_statistics_encg:/byte_statistics_engine_ap_uitofp_1_no_dsp_32_u/U0/i_synth/FIX_TO_FLT_OP.SPD.OP/ROUND/EXP_INC_RND1_DELAY'
INFO: [Synth 8-223] decloning instance 'byte_statistics_encg:/byte_statistics_engine_ap_uitofp_1_no_dsp_32_u/U0/i_synth/FIX_TO_FLT_OP.SPD.OP/ROUND/EXP_IN_DELAY.EXP_IN_DEL' (delay__parameterized28) to 'byte_statistics_encg:/byte_statistics_engine_ap_uitofp_1_no_dsp_32_u/U0/i_synth/FIX_TO_FLT_OP.SPD.OP/ROUND/EXP_RND2_DELAY.EXP_RND_DEL'
INFO: [Synth 8-223] decloning instance 'byte_statistics_encg:/byte_statistics_engine_ap_uitofp_1_no_dsp_32_u/U0/i_synth/FIX_TO_FLT_OP.SPD.OP/ROUND/EXP_IN_DELAY.EXP_OFF_OP_DEL' (delay__parameterized28) to 'byte_statistics_encg:/byte_statistics_engine_ap_uitofp_1_no_dsp_32_u/U0/i_synth/FIX_TO_FLT_OP.SPD.OP/ROUND/EXP_RND2_DELAY.EXP_OFF_RND_DEL'
INFO: [Synth 8-223] decloning instance 'inst/byte_statistics_eocq_U9/byte_statistics_engine_ap_fcmp_0_no_dsp_32_u/U0/i_synth/DELAY_DIVIDE_BY_ZERO' (delay__parameterized0) to 'inst/byte_statistics_eocq_U9/byte_statistics_engine_ap_fcmp_0_no_dsp_32_u/U0/i_synth/DELAY_OVERFLOW'
INFO: [Synth 8-223] decloning instance 'inst/byte_statistics_eocq_U9/byte_statistics_engine_ap_fcmp_0_no_dsp_32_u/U0/i_synth/DELAY_DIVIDE_BY_ZERO' (delay__parameterized0) to 'inst/byte_statistics_eocq_U9/byte_statistics_engine_ap_fcmp_0_no_dsp_32_u/U0/i_synth/DELAY_UNDERFLOW'
INFO: [Synth 8-223] decloning instance 'inst/byte_statistics_eocq_U9/byte_statistics_engine_ap_fcmp_0_no_dsp_32_u/U0/i_synth/DELAY_DIVIDE_BY_ZERO' (delay__parameterized0) to 'inst/byte_statistics_eocq_U9/byte_statistics_engine_ap_fcmp_0_no_dsp_32_u/U0/i_synth/DELAY_ACCUM_OVERFLOW'
INFO: [Synth 8-223] decloning instance 'inst/byte_statistics_eocq_U9/byte_statistics_engine_ap_fcmp_0_no_dsp_32_u/U0/i_synth/DELAY_DIVIDE_BY_ZERO' (delay__parameterized0) to 'inst/byte_statistics_eocq_U9/byte_statistics_engine_ap_fcmp_0_no_dsp_32_u/U0/i_synth/DELAY_ACCUM_INPUT_OVERFLOW'
INFO: [Synth 8-223] decloning instance 'inst/byte_statistics_epcA_U10/byte_statistics_engine_ap_fsqrt_5_no_dsp_32_u/U0/i_synth/DELAY_DIVIDE_BY_ZERO' (delay__parameterized0) to 'inst/byte_statistics_epcA_U10/byte_statistics_engine_ap_fsqrt_5_no_dsp_32_u/U0/i_synth/DELAY_OVERFLOW'
INFO: [Synth 8-223] decloning instance 'inst/byte_statistics_epcA_U10/byte_statistics_engine_ap_fsqrt_5_no_dsp_32_u/U0/i_synth/DELAY_DIVIDE_BY_ZERO' (delay__parameterized0) to 'inst/byte_statistics_epcA_U10/byte_statistics_engine_ap_fsqrt_5_no_dsp_32_u/U0/i_synth/DELAY_UNDERFLOW'
INFO: [Synth 8-223] decloning instance 'inst/byte_statistics_epcA_U10/byte_statistics_engine_ap_fsqrt_5_no_dsp_32_u/U0/i_synth/DELAY_DIVIDE_BY_ZERO' (delay__parameterized0) to 'inst/byte_statistics_epcA_U10/byte_statistics_engine_ap_fsqrt_5_no_dsp_32_u/U0/i_synth/DELAY_ACCUM_OVERFLOW'
INFO: [Synth 8-223] decloning instance 'inst/byte_statistics_epcA_U10/byte_statistics_engine_ap_fsqrt_5_no_dsp_32_u/U0/i_synth/DELAY_DIVIDE_BY_ZERO' (delay__parameterized0) to 'inst/byte_statistics_epcA_U10/byte_statistics_engine_ap_fsqrt_5_no_dsp_32_u/U0/i_synth/DELAY_ACCUM_INPUT_OVERFLOW'
INFO: [Synth 8-223] decloning instance 'inst/byte_statistics_epcA_U10/byte_statistics_engine_ap_fsqrt_5_no_dsp_32_u/U0/i_synth/SQRT_OP.SPD.OP/i_mant_calc.ROUND/EXTRA_LSB_BIT_DEL' (delay__parameterized0) to 'inst/byte_statistics_epcA_U10/byte_statistics_engine_ap_fsqrt_5_no_dsp_32_u/U0/i_synth/SQRT_OP.SPD.OP/i_mant_calc.ROUND/EXTRA_LSB_RND1_DEL'
INFO: [Synth 8-223] decloning instance 'inst/byte_statistics_epcA_U10/byte_statistics_engine_ap_fsqrt_5_no_dsp_32_u/U0/i_synth/SQRT_OP.SPD.OP/i_mant_calc.ROUND/EXP_INC_DELAY' (delay__parameterized0) to 'inst/byte_statistics_epcA_U10/byte_statistics_engine_ap_fsqrt_5_no_dsp_32_u/U0/i_synth/SQRT_OP.SPD.OP/i_mant_calc.ROUND/EXP_INC_RND1_DELAY'
INFO: [Synth 8-223] decloning instance 'inst/byte_statistics_epcA_U10/byte_statistics_engine_ap_fsqrt_5_no_dsp_32_u/U0/i_synth/SQRT_OP.SPD.OP/i_mant_calc.ROUND/EXP_IN_DELAY.EXP_IN_DEL' (delay__parameterized28) to 'inst/byte_statistics_epcA_U10/byte_statistics_engine_ap_fsqrt_5_no_dsp_32_u/U0/i_synth/SQRT_OP.SPD.OP/i_mant_calc.ROUND/EXP_RND2_DELAY.EXP_RND_DEL'
INFO: [Synth 8-223] decloning instance 'inst/byte_statistics_epcA_U10/byte_statistics_engine_ap_fsqrt_5_no_dsp_32_u/U0/i_synth/SQRT_OP.SPD.OP/i_mant_calc.ROUND/EXP_IN_DELAY.EXP_OFF_OP_DEL' (delay__parameterized28) to 'inst/byte_statistics_epcA_U10/byte_statistics_engine_ap_fsqrt_5_no_dsp_32_u/U0/i_synth/SQRT_OP.SPD.OP/i_mant_calc.ROUND/EXP_RND2_DELAY.EXP_OFF_RND_DEL'
INFO: [Synth 8-223] decloning instance 'inst/byte_statistics_eqcK_U11/byte_statistics_engine_ap_flog_4_full_dsp_32_u/U0/i_synth/DELAY_OVERFLOW' (delay__parameterized0) to 'inst/byte_statistics_eqcK_U11/byte_statistics_engine_ap_flog_4_full_dsp_32_u/U0/i_synth/DELAY_UNDERFLOW'
INFO: [Synth 8-223] decloning instance 'inst/byte_statistics_eqcK_U11/byte_statistics_engine_ap_flog_4_full_dsp_32_u/U0/i_synth/DELAY_OVERFLOW' (delay__parameterized0) to 'inst/byte_statistics_eqcK_U11/byte_statistics_engine_ap_flog_4_full_dsp_32_u/U0/i_synth/DELAY_ACCUM_OVERFLOW'
INFO: [Synth 8-223] decloning instance 'inst/byte_statistics_eqcK_U11/byte_statistics_engine_ap_flog_4_full_dsp_32_u/U0/i_synth/DELAY_OVERFLOW' (delay__parameterized0) to 'inst/byte_statistics_eqcK_U11/byte_statistics_engine_ap_flog_4_full_dsp_32_u/U0/i_synth/DELAY_ACCUM_INPUT_OVERFLOW'
INFO: [Synth 8-223] decloning instance 'inst/byte_statistics_eqcK_U11/byte_statistics_engine_ap_flog_4_full_dsp_32_u/U0/i_synth/LOG_OP.OP/input_processing/trailing_bits_lzc_delay' (delay__parameterized33) to 'inst/byte_statistics_eqcK_U11/byte_statistics_engine_ap_flog_4_full_dsp_32_u/U0/i_synth/LOG_OP.OP/input_processing/trailing_bits_delay'
INFO: [Synth 8-223] decloning instance 'inst/byte_statistics_eqcK_U11/byte_statistics_engine_ap_flog_4_full_dsp_32_u/U0/i_synth/LOG_OP.OP/taylor/use_hp_path_to_mux_3_delay' (delay__parameterized52) to 'inst/byte_statistics_eqcK_U11/byte_statistics_engine_ap_flog_4_full_dsp_32_u/U0/i_synth/LOG_OP.OP/taylor/use_hp_path_mux2_delay'

Report RTL Partitions: 
+------+----------------------------+------------+----------+
|      |RTL Partition               |Replication |Instances |
+------+----------------------------+------------+----------+
|1     |byte_statistics_engine__GB0 |           1|     28163|
|2     |byte_statistics_engine__GB1 |           1|      7741|
|3     |byte_statistics_engine__GB2 |           1|      9213|
|4     |byte_statistics_engine__GB3 |           1|     24863|
|5     |byte_statistics_engine__GB4 |           1|      6466|
+------+----------------------------+------------+----------+
---------------------------------------------------------------------------------
Start RTL Component Statistics 
---------------------------------------------------------------------------------
---------------------------------------------------------------------------------
Finished RTL Component Statistics 
---------------------------------------------------------------------------------
---------------------------------------------------------------------------------
Start RTL Hierarchical Component Statistics 
---------------------------------------------------------------------------------
---------------------------------------------------------------------------------
Finished RTL Hierarchical Component Statistics
---------------------------------------------------------------------------------
---------------------------------------------------------------------------------
Start Part Resource Summary
---------------------------------------------------------------------------------
Part Resources:
DSPs: 1728 (col length:144)
BRAMs: 624 (col length: RAMB18 144 RAMB36 72)
---------------------------------------------------------------------------------
Finished Part Resource Summary
---------------------------------------------------------------------------------
---------------------------------------------------------------------------------
Start Cross Boundary and Area Optimization
---------------------------------------------------------------------------------
Warning: Parallel synthesis criteria is not met 
INFO: [Synth 8-5544] ROM "sel_tmp_fu_5778_p2" won't be mapped to Block RAM because address size (2) smaller than threshold (5)
INFO: [Synth 8-5544] ROM "sel_tmp1_fu_5791_p2" won't be mapped to Block RAM because address size (2) smaller than threshold (5)
INFO: [Synth 8-5544] ROM "sel_tmp3_fu_5812_p2" won't be mapped to Block RAM because address size (2) smaller than threshold (5)
INFO: [Synth 8-5545] ROM "tmp_49_fu_8535_p2" won't be mapped to RAM because address size (32) is larger than maximum supported(25)
INFO: [Synth 8-5546] ROM "tmp_28_fu_8437_p2" won't be mapped to RAM because it is too sparse
INFO: [Synth 8-5545] ROM "tmp_81_3_fu_8770_p2" won't be mapped to RAM because address size (32) is larger than maximum supported(25)
INFO: [Synth 8-5545] ROM "tmp_81_2_fu_8704_p2" won't be mapped to RAM because address size (32) is larger than maximum supported(25)
INFO: [Synth 8-5545] ROM "tmp_81_1_fu_8638_p2" won't be mapped to RAM because address size (32) is larger than maximum supported(25)
INFO: [Synth 8-5545] ROM "tmp_57_fu_8572_p2" won't be mapped to RAM because address size (32) is larger than maximum supported(25)
INFO: [Synth 8-5546] ROM "ADDSUB_OP.ADDSUB/SPEED_OP.LOGIC.OP/EXP/COND_DET_A/exp_all_one_ip" won't be mapped to RAM because it is too sparse
INFO: [Synth 8-5546] ROM "ADDSUB_OP.ADDSUB/SPEED_OP.LOGIC.OP/EXP/COND_DET_A/exp_all_zero_ip" won't be mapped to RAM because it is too sparse
INFO: [Synth 8-5546] ROM "ADDSUB_OP.ADDSUB/SPEED_OP.LOGIC.OP/EXP/COND_DET_B/exp_all_one_ip" won't be mapped to RAM because it is too sparse
INFO: [Synth 8-5546] ROM "ADDSUB_OP.ADDSUB/SPEED_OP.LOGIC.OP/EXP/COND_DET_B/exp_all_zero_ip" won't be mapped to RAM because it is too sparse
INFO: [Synth 8-5546] ROM "ADDSUB_OP.ADDSUB/SPEED_OP.LOGIC.OP/EXP/lrg_almost_over" won't be mapped to RAM because it is too sparse
INFO: [Synth 8-5546] ROM "MULT.OP/EXP/COND_DET_A/exp_all_one_ip" won't be mapped to RAM because it is too sparse
INFO: [Synth 8-5546] ROM "MULT.OP/EXP/COND_DET_A/exp_all_zero_ip" won't be mapped to RAM because it is too sparse
INFO: [Synth 8-5546] ROM "MULT.OP/EXP/COND_DET_B/exp_all_one_ip" won't be mapped to RAM because it is too sparse
INFO: [Synth 8-5546] ROM "MULT.OP/EXP/COND_DET_B/exp_all_zero_ip" won't be mapped to RAM because it is too sparse
INFO: [Synth 8-5546] ROM "MULT.OP/EXP/exp_just_over_sig" won't be mapped to RAM because it is too sparse
INFO: [Synth 8-5546] ROM "MULT.OP/EXP/flow_sig" won't be mapped to RAM because it is too sparse
INFO: [Synth 8-5546] ROM "MULT.OP/EXP/flow_sig" won't be mapped to RAM because it is too sparse
INFO: [Synth 8-5546] ROM "SQRT_OP.SPD.OP/i_mant_calc.EXP/COND_DET_A/exp_all_one_ip" won't be mapped to RAM because it is too sparse
INFO: [Synth 8-5546] ROM "SQRT_OP.SPD.OP/i_mant_calc.EXP/COND_DET_A/exp_all_zero_ip" won't be mapped to RAM because it is too sparse
INFO: [Synth 8-5546] ROM "notrhs4_fu_10202_p2" won't be mapped to RAM because it is too sparse
INFO: [Synth 8-5546] ROM "notrhs_fu_8612_p2" won't be mapped to RAM because it is too sparse
INFO: [Synth 8-5542] Attribute ram_style/rom_style = distributed specified for ROM  "p_0_out". This will be implemented in logic
INFO: [Synth 8-5542] Attribute ram_style/rom_style = distributed specified for ROM  "p_0_out". This will be implemented in logic
INFO: [Synth 8-5544] ROM "LOG_OP.OP/input_processing/leading_zero_count/enc_chunk" won't be mapped to Block RAM because address size (4) smaller than threshold (5)
INFO: [Synth 8-5544] ROM "LOG_OP.OP/input_processing/leading_zero_count/enc_chunk" won't be mapped to Block RAM because address size (4) smaller than threshold (5)
INFO: [Synth 8-5544] ROM "LOG_OP.OP/input_processing/leading_zero_count/enc_chunk" won't be mapped to Block RAM because address size (4) smaller than threshold (5)
INFO: [Synth 8-5544] ROM "LOG_OP.OP/input_processing/leading_zero_count/enc_chunk" won't be mapped to Block RAM because address size (4) smaller than threshold (5)
INFO: [Synth 8-5544] ROM "LOG_OP.OP/normaliser/normalize_1/LZE/enc_chunk" won't be mapped to Block RAM because address size (4) smaller than threshold (5)
INFO: [Synth 8-5544] ROM "LOG_OP.OP/normaliser/normalize_1/LZE/enc_chunk" won't be mapped to Block RAM because address size (4) smaller than threshold (5)
INFO: [Synth 8-5544] ROM "LOG_OP.OP/normaliser/normalize_1/LZE/enc_chunk" won't be mapped to Block RAM because address size (4) smaller than threshold (5)
INFO: [Synth 8-5544] ROM "LOG_OP.OP/normaliser/normalize_1/LZE/enc_chunk" won't be mapped to Block RAM because address size (4) smaller than threshold (5)
INFO: [Synth 8-5544] ROM "LOG_OP.OP/normaliser/normalize_1/LZE/enc_chunk" won't be mapped to Block RAM because address size (4) smaller than threshold (5)
INFO: [Synth 8-5544] ROM "LOG_OP.OP/normaliser/normalize_1/LZE/enc_chunk" won't be mapped to Block RAM because address size (4) smaller than threshold (5)
INFO: [Synth 8-5544] ROM "LOG_OP.OP/normaliser/normalize_1/LZE/enc_chunk" won't be mapped to Block RAM because address size (4) smaller than threshold (5)
INFO: [Synth 8-5544] ROM "LOG_OP.OP/normaliser/normalize_1/LZE/enc_chunk" won't be mapped to Block RAM because address size (4) smaller than threshold (5)
INFO: [Synth 8-5544] ROM "LOG_OP.OP/normaliser/normalize_1/LZE/enc_chunk" won't be mapped to Block RAM because address size (4) smaller than threshold (5)
INFO: [Synth 8-5544] ROM "LOG_OP.OP/normaliser/normalize_1/LZE/enc_chunk" won't be mapped to Block RAM because address size (4) smaller than threshold (5)
INFO: [Synth 8-5544] ROM "LOG_OP.OP/normaliser/normalize_1/LZE/enc_chunk" won't be mapped to Block RAM because address size (4) smaller than threshold (5)
INFO: [Synth 8-5544] ROM "LOG_OP.OP/normaliser/normalize_1/LZE/enc_chunk" won't be mapped to Block RAM because address size (4) smaller than threshold (5)
INFO: [Synth 8-5544] ROM "LOG_OP.OP/normaliser/normalize_1/LZE/enc_chunk" won't be mapped to Block RAM because address size (4) smaller than threshold (5)
INFO: [Synth 8-5544] ROM "LOG_OP.OP/normaliser/normalize_1/LZE/enc_chunk" won't be mapped to Block RAM because address size (4) smaller than threshold (5)
INFO: [Synth 8-5544] ROM "LOG_OP.OP/normaliser/normalize_1/LZE/enc_chunk" won't be mapped to Block RAM because address size (4) smaller than threshold (5)
INFO: [Synth 8-5544] ROM "LOG_OP.OP/normaliser/normalize_1/LZE/enc_chunk" won't be mapped to Block RAM because address size (4) smaller than threshold (5)
INFO: [Synth 8-5546] ROM "LOG_OP.OP/special_detect/detector/exp_all_one_ip" won't be mapped to RAM because it is too sparse
INFO: [Synth 8-5546] ROM "LOG_OP.OP/special_detect/detector/exp_all_zero_ip" won't be mapped to RAM because it is too sparse
INFO: [Synth 8-5544] ROM "FIX_TO_FLT_OP.SPD.OP/LZE/enc_chunk" won't be mapped to Block RAM because address size (4) smaller than threshold (5)
INFO: [Common 17-14] Message 'Synth 8-5544' appears 100 times and further instances of the messages will be disabled. Use the Tcl command set_msg_config to change the current settings.
INFO: [Synth 8-5546] ROM "ADDSUB_OP.ADDSUB/SPEED_OP.DSP.OP/DSP48E1_BODY.EXP/COND_DET_A/exp_all_one_ip" won't be mapped to RAM because it is too sparse
INFO: [Synth 8-5546] ROM "ADDSUB_OP.ADDSUB/SPEED_OP.DSP.OP/DSP48E1_BODY.EXP/COND_DET_A/exp_all_zero_ip" won't be mapped to RAM because it is too sparse
INFO: [Synth 8-5546] ROM "ADDSUB_OP.ADDSUB/SPEED_OP.DSP.OP/DSP48E1_BODY.EXP/COND_DET_B/exp_all_one_ip" won't be mapped to RAM because it is too sparse
INFO: [Synth 8-5546] ROM "ADDSUB_OP.ADDSUB/SPEED_OP.DSP.OP/DSP48E1_BODY.EXP/COND_DET_B/exp_all_zero_ip" won't be mapped to RAM because it is too sparse
INFO: [Synth 8-5546] ROM "ADDSUB_OP.ADDSUB/SPEED_OP.DSP.OP/DSP48E1_BODY.EXP/exp_over_int" won't be mapped to RAM because it is too sparse
INFO: [Synth 8-5546] ROM "ADDSUB_OP.ADDSUB/SPEED_OP.DSP.OP/DSP48E1_BODY.EXP/ip_sig" won't be mapped to RAM because it is too sparse
INFO: [Synth 8-4471] merging register 'byte_statistics_encg_U8/ce_r_reg' into 'byte_statistics_eqcK_U11/ce_r_reg' [c:/Users/mcrye/Downloads/bladei_bse_zcu104/bladei_bse_zcu104.srcs/sources_1/bd/bse/ipshared/de07/hdl/verilog/byte_statistics_encg.v:46]
INFO: [Synth 8-4471] merging register 'byte_statistics_ejbC_U1/ce_r_reg' into 'byte_statistics_eqcK_U11/ce_r_reg' [c:/Users/mcrye/Downloads/bladei_bse_zcu104/bladei_bse_zcu104.srcs/sources_1/bd/bse/ipshared/de07/hdl/verilog/byte_statistics_ejbC.v:59]
INFO: [Synth 8-5546] ROM "exitcond6_fu_8836_p2" won't be mapped to RAM because it is too sparse
INFO: [Synth 8-5546] ROM "exitcond4_fu_8472_p2" won't be mapped to RAM because it is too sparse
INFO: [Synth 8-5546] ROM "out_word_last_V_fu_11582_p2" won't be mapped to RAM because it is too sparse
INFO: [Synth 8-5546] ROM "exitcond_fu_10237_p2" won't be mapped to RAM because it is too sparse
INFO: [Synth 8-5546] ROM "COND_DET_A/exp_all_one_ip" won't be mapped to RAM because it is too sparse
INFO: [Synth 8-5546] ROM "COND_DET_A/exp_all_zero_ip" won't be mapped to RAM because it is too sparse
INFO: [Synth 8-5546] ROM "COND_DET_B/exp_all_one_ip" won't be mapped to RAM because it is too sparse
INFO: [Synth 8-5546] ROM "COND_DET_B/exp_all_zero_ip" won't be mapped to RAM because it is too sparse
INFO: [Synth 8-5546] ROM "flow_sig" won't be mapped to RAM because it is too sparse
INFO: [Synth 8-5546] ROM "flow_sig" won't be mapped to RAM because it is too sparse
INFO: [Synth 8-5546] ROM "COND_DET_A/exp_all_one_ip" won't be mapped to RAM because it is too sparse
INFO: [Synth 8-5546] ROM "COND_DET_A/exp_all_zero_ip" won't be mapped to RAM because it is too sparse
INFO: [Synth 8-5546] ROM "COND_DET_B/exp_all_one_ip" won't be mapped to RAM because it is too sparse
INFO: [Synth 8-5546] ROM "COND_DET_B/exp_all_zero_ip" won't be mapped to RAM because it is too sparse
INFO: [Synth 8-5546] ROM "flow_sig" won't be mapped to RAM because it is too sparse
INFO: [Synth 8-5546] ROM "flow_sig" won't be mapped to RAM because it is too sparse
INFO: [Synth 8-4471] merging register 'byte_statistics_emb6_U4/ce_r_reg' into 'byte_statistics_emb6_U5/ce_r_reg' [c:/Users/mcrye/Downloads/bladei_bse_zcu104/bladei_bse_zcu104.srcs/sources_1/bd/bse/ipshared/de07/hdl/verilog/byte_statistics_emb6.v:53]
INFO: [Synth 8-5545] ROM "tmp_49_fu_8535_p2" won't be mapped to RAM because address size (32) is larger than maximum supported(25)
INFO: [Synth 8-5546] ROM "tmp_28_fu_8437_p2" won't be mapped to RAM because it is too sparse
INFO: [Synth 8-5545] ROM "tmp_81_3_fu_8770_p2" won't be mapped to RAM because address size (32) is larger than maximum supported(25)
INFO: [Synth 8-5545] ROM "tmp_81_2_fu_8704_p2" won't be mapped to RAM because address size (32) is larger than maximum supported(25)
INFO: [Synth 8-5545] ROM "tmp_81_1_fu_8638_p2" won't be mapped to RAM because address size (32) is larger than maximum supported(25)
INFO: [Synth 8-5545] ROM "tmp_57_fu_8572_p2" won't be mapped to RAM because address size (32) is larger than maximum supported(25)
INFO: [Synth 8-4471] merging register 'byte_statistics_encg_U7/ce_r_reg' into 'byte_statistics_encg_U6/ce_r_reg' [c:/Users/mcrye/Downloads/bladei_bse_zcu104/bladei_bse_zcu104.srcs/sources_1/bd/bse/ipshared/de07/hdl/verilog/byte_statistics_encg.v:46]
INFO: [Synth 8-5546] ROM "tmp_6_fu_5716_p2" won't be mapped to RAM because it is too sparse
INFO: [Synth 8-5546] ROM "tmp_6_3_fu_7687_p2" won't be mapped to RAM because it is too sparse
INFO: [Common 17-14] Message 'Synth 8-5546' appears 100 times and further instances of the messages will be disabled. Use the Tcl command set_msg_config to change the current settings.
INFO: [Synth 8-3971] The signal hist_0_V_U/byte_statistics_ebkb_ram_U/ram_reg was recognized as a true dual port RAM template.
INFO: [Synth 8-3971] The signal hist_1_V_U/byte_statistics_ebkb_ram_U/ram_reg was recognized as a true dual port RAM template.
INFO: [Synth 8-3971] The signal hist_2_V_U/byte_statistics_ebkb_ram_U/ram_reg was recognized as a true dual port RAM template.
INFO: [Synth 8-3971] The signal hist_3_V_U/byte_statistics_ebkb_ram_U/ram_reg was recognized as a true dual port RAM template.
INFO: [Synth 8-3971] The signal hist_4_V_U/byte_statistics_ebkb_ram_U/ram_reg was recognized as a true dual port RAM template.
INFO: [Synth 8-3971] The signal hist_5_V_U/byte_statistics_ebkb_ram_U/ram_reg was recognized as a true dual port RAM template.
INFO: [Synth 8-3971] The signal hist_6_V_U/byte_statistics_ebkb_ram_U/ram_reg was recognized as a true dual port RAM template.
INFO: [Synth 8-3971] The signal hist_7_V_U/byte_statistics_ebkb_ram_U/ram_reg was recognized as a true dual port RAM template.
INFO: [Synth 8-3886] merging instance 'inst/i_4_0/ap_phi_reg_pp2_iter1_feats_0_reg_5287_reg[0]' (FDRE) to 'inst/i_4_0/ap_phi_reg_pp2_iter1_feats_0_reg_5287_reg[31]'
INFO: [Synth 8-3886] merging instance 'inst/i_4_0/ap_phi_reg_pp2_iter1_feats_0_reg_5287_reg[1]' (FDRE) to 'inst/i_4_0/ap_phi_reg_pp2_iter1_feats_0_reg_5287_reg[31]'
INFO: [Synth 8-3886] merging instance 'inst/i_4_0/ap_phi_reg_pp2_iter1_feats_0_reg_5287_reg[2]' (FDRE) to 'inst/i_4_0/ap_phi_reg_pp2_iter1_feats_0_reg_5287_reg[31]'
INFO: [Synth 8-3886] merging instance 'inst/i_4_0/ap_phi_reg_pp2_iter1_feats_0_reg_5287_reg[3]' (FDRE) to 'inst/i_4_0/ap_phi_reg_pp2_iter1_feats_0_reg_5287_reg[31]'
INFO: [Synth 8-3886] merging instance 'inst/i_4_0/ap_phi_reg_pp2_iter1_feats_0_reg_5287_reg[4]' (FDRE) to 'inst/i_4_0/ap_phi_reg_pp2_iter1_feats_0_reg_5287_reg[31]'
INFO: [Synth 8-3886] merging instance 'inst/i_4_0/ap_phi_reg_pp2_iter1_feats_0_reg_5287_reg[5]' (FDRE) to 'inst/i_4_0/ap_phi_reg_pp2_iter1_feats_0_reg_5287_reg[31]'
INFO: [Synth 8-3886] merging instance 'inst/i_4_0/ap_phi_reg_pp2_iter1_feats_0_reg_5287_reg[6]' (FDRE) to 'inst/i_4_0/ap_phi_reg_pp2_iter1_feats_0_reg_5287_reg[31]'
INFO: [Synth 8-3886] merging instance 'inst/i_4_0/ap_phi_reg_pp2_iter1_feats_0_reg_5287_reg[7]' (FDRE) to 'inst/i_4_0/ap_phi_reg_pp2_iter1_feats_0_reg_5287_reg[31]'
INFO: [Synth 8-3886] merging instance 'inst/i_4_0/ap_phi_reg_pp2_iter1_feats_0_reg_5287_reg[8]' (FDRE) to 'inst/i_4_0/ap_phi_reg_pp2_iter1_feats_0_reg_5287_reg[31]'
INFO: [Synth 8-3886] merging instance 'inst/i_4_0/ap_phi_reg_pp2_iter1_feats_0_reg_5287_reg[9]' (FDRE) to 'inst/i_4_0/ap_phi_reg_pp2_iter1_feats_0_reg_5287_reg[31]'
INFO: [Synth 8-3886] merging instance 'inst/i_4_0/ap_phi_reg_pp2_iter1_feats_0_reg_5287_reg[10]' (FDRE) to 'inst/i_4_0/ap_phi_reg_pp2_iter1_feats_0_reg_5287_reg[31]'
INFO: [Synth 8-3886] merging instance 'inst/i_4_0/ap_phi_reg_pp2_iter1_feats_0_reg_5287_reg[11]' (FDRE) to 'inst/i_4_0/ap_phi_reg_pp2_iter1_feats_0_reg_5287_reg[31]'
INFO: [Synth 8-3886] merging instance 'inst/i_4_0/ap_phi_reg_pp2_iter1_feats_0_reg_5287_reg[12]' (FDRE) to 'inst/i_4_0/ap_phi_reg_pp2_iter1_feats_0_reg_5287_reg[31]'
INFO: [Synth 8-3886] merging instance 'inst/i_4_0/ap_phi_reg_pp2_iter1_feats_0_reg_5287_reg[13]' (FDRE) to 'inst/i_4_0/ap_phi_reg_pp2_iter1_feats_0_reg_5287_reg[31]'
INFO: [Synth 8-3886] merging instance 'inst/i_4_0/ap_phi_reg_pp2_iter1_feats_0_reg_5287_reg[14]' (FDRE) to 'inst/i_4_0/ap_phi_reg_pp2_iter1_feats_0_reg_5287_reg[31]'
INFO: [Synth 8-3886] merging instance 'inst/i_4_0/ap_phi_reg_pp2_iter1_feats_0_reg_5287_reg[15]' (FDRE) to 'inst/i_4_0/ap_phi_reg_pp2_iter1_feats_0_reg_5287_reg[31]'
INFO: [Synth 8-3886] merging instance 'inst/i_4_0/ap_phi_reg_pp2_iter1_feats_0_reg_5287_reg[16]' (FDRE) to 'inst/i_4_0/ap_phi_reg_pp2_iter1_feats_0_reg_5287_reg[31]'
INFO: [Synth 8-3886] merging instance 'inst/i_4_0/ap_phi_reg_pp2_iter1_feats_0_reg_5287_reg[17]' (FDRE) to 'inst/i_4_0/ap_phi_reg_pp2_iter1_feats_0_reg_5287_reg[31]'
INFO: [Synth 8-3886] merging instance 'inst/i_4_0/ap_phi_reg_pp2_iter1_feats_0_reg_5287_reg[18]' (FDRE) to 'inst/i_4_0/ap_phi_reg_pp2_iter1_feats_0_reg_5287_reg[31]'
INFO: [Synth 8-3886] merging instance 'inst/i_4_0/ap_phi_reg_pp2_iter1_feats_0_reg_5287_reg[19]' (FDRE) to 'inst/i_4_0/ap_phi_reg_pp2_iter1_feats_0_reg_5287_reg[31]'
INFO: [Synth 8-3886] merging instance 'inst/i_4_0/ap_phi_reg_pp2_iter1_feats_0_reg_5287_reg[20]' (FDRE) to 'inst/i_4_0/ap_phi_reg_pp2_iter1_feats_0_reg_5287_reg[31]'
INFO: [Synth 8-3886] merging instance 'inst/i_4_0/ap_phi_reg_pp2_iter1_feats_0_reg_5287_reg[21]' (FDRE) to 'inst/i_4_0/ap_phi_reg_pp2_iter1_feats_0_reg_5287_reg[31]'
INFO: [Synth 8-3886] merging instance 'inst/i_4_0/ap_phi_reg_pp2_iter1_feats_0_reg_5287_reg[22]' (FDRE) to 'inst/i_4_0/ap_phi_reg_pp2_iter1_feats_0_reg_5287_reg[31]'
INFO: [Synth 8-3886] merging instance 'inst/i_4_0/ap_phi_reg_pp2_iter1_feats_0_reg_5287_reg[23]' (FDRE) to 'inst/i_4_0/ap_phi_reg_pp2_iter1_feats_0_reg_5287_reg[31]'
INFO: [Synth 8-3886] merging instance 'inst/i_4_0/ap_phi_reg_pp2_iter1_feats_0_reg_5287_reg[24]' (FDRE) to 'inst/i_4_0/ap_phi_reg_pp2_iter1_feats_0_reg_5287_reg[31]'
INFO: [Synth 8-3886] merging instance 'inst/i_4_0/ap_phi_reg_pp2_iter1_feats_0_reg_5287_reg[25]' (FDRE) to 'inst/i_4_0/ap_phi_reg_pp2_iter1_feats_0_reg_5287_reg[31]'
INFO: [Synth 8-3886] merging instance 'inst/i_4_0/ap_phi_reg_pp2_iter1_feats_0_reg_5287_reg[26]' (FDRE) to 'inst/i_4_0/ap_phi_reg_pp2_iter1_feats_0_reg_5287_reg[31]'
INFO: [Synth 8-3886] merging instance 'inst/i_4_0/ap_phi_reg_pp2_iter1_feats_0_reg_5287_reg[27]' (FDRE) to 'inst/i_4_0/ap_phi_reg_pp2_iter1_feats_0_reg_5287_reg[31]'
INFO: [Synth 8-3886] merging instance 'inst/i_4_0/ap_phi_reg_pp2_iter1_feats_0_reg_5287_reg[28]' (FDRE) to 'inst/i_4_0/ap_phi_reg_pp2_iter1_feats_0_reg_5287_reg[31]'
INFO: [Synth 8-3886] merging instance 'inst/i_4_0/ap_phi_reg_pp2_iter1_feats_0_reg_5287_reg[29]' (FDRE) to 'inst/i_4_0/ap_phi_reg_pp2_iter1_feats_0_reg_5287_reg[31]'
INFO: [Synth 8-3886] merging instance 'inst/i_4_0/ap_phi_reg_pp2_iter1_feats_0_reg_5287_reg[30]' (FDRE) to 'inst/i_4_0/ap_phi_reg_pp2_iter1_feats_0_reg_5287_reg[31]'
INFO: [Synth 8-3333] propagating constant 0 across sequential element (inst/i_4_0/\ap_phi_reg_pp2_iter1_feats_0_reg_5287_reg[31] )
INFO: [Synth 8-3886] merging instance 'inst/i_4_0/ap_phi_reg_pp2_iter2_feats_0_reg_5287_reg[0]' (FDE) to 'inst/i_4_0/ap_phi_reg_pp2_iter2_feats_0_reg_5287_reg[31]'
INFO: [Synth 8-3886] merging instance 'inst/i_4_0/ap_phi_reg_pp2_iter2_feats_0_reg_5287_reg[1]' (FDE) to 'inst/i_4_0/ap_phi_reg_pp2_iter2_feats_0_reg_5287_reg[31]'
INFO: [Synth 8-3886] merging instance 'inst/i_4_0/ap_phi_reg_pp2_iter2_feats_0_reg_5287_reg[2]' (FDE) to 'inst/i_4_0/ap_phi_reg_pp2_iter2_feats_0_reg_5287_reg[31]'
INFO: [Synth 8-3886] merging instance 'inst/i_4_0/ap_phi_reg_pp2_iter2_feats_0_reg_5287_reg[3]' (FDE) to 'inst/i_4_0/ap_phi_reg_pp2_iter2_feats_0_reg_5287_reg[31]'
INFO: [Synth 8-3886] merging instance 'inst/i_4_0/ap_phi_reg_pp2_iter2_feats_0_reg_5287_reg[4]' (FDE) to 'inst/i_4_0/ap_phi_reg_pp2_iter2_feats_0_reg_5287_reg[31]'
INFO: [Synth 8-3886] merging instance 'inst/i_4_0/ap_phi_reg_pp2_iter2_feats_0_reg_5287_reg[5]' (FDE) to 'inst/i_4_0/ap_phi_reg_pp2_iter2_feats_0_reg_5287_reg[31]'
INFO: [Synth 8-3886] merging instance 'inst/i_4_0/ap_phi_reg_pp2_iter2_feats_0_reg_5287_reg[6]' (FDE) to 'inst/i_4_0/ap_phi_reg_pp2_iter2_feats_0_reg_5287_reg[31]'
INFO: [Synth 8-3886] merging instance 'inst/i_4_0/ap_phi_reg_pp2_iter2_feats_0_reg_5287_reg[7]' (FDE) to 'inst/i_4_0/ap_phi_reg_pp2_iter2_feats_0_reg_5287_reg[31]'
INFO: [Synth 8-3886] merging instance 'inst/i_4_0/ap_phi_reg_pp2_iter2_feats_0_reg_5287_reg[8]' (FDE) to 'inst/i_4_0/ap_phi_reg_pp2_iter2_feats_0_reg_5287_reg[31]'
INFO: [Synth 8-3886] merging instance 'inst/i_4_0/ap_phi_reg_pp2_iter2_feats_0_reg_5287_reg[9]' (FDE) to 'inst/i_4_0/ap_phi_reg_pp2_iter2_feats_0_reg_5287_reg[31]'
INFO: [Synth 8-3886] merging instance 'inst/i_4_0/ap_phi_reg_pp2_iter2_feats_0_reg_5287_reg[10]' (FDE) to 'inst/i_4_0/ap_phi_reg_pp2_iter2_feats_0_reg_5287_reg[31]'
INFO: [Synth 8-3886] merging instance 'inst/i_4_0/ap_phi_reg_pp2_iter2_feats_0_reg_5287_reg[11]' (FDE) to 'inst/i_4_0/ap_phi_reg_pp2_iter2_feats_0_reg_5287_reg[31]'
INFO: [Synth 8-3886] merging instance 'inst/i_4_0/ap_phi_reg_pp2_iter2_feats_0_reg_5287_reg[12]' (FDE) to 'inst/i_4_0/ap_phi_reg_pp2_iter2_feats_0_reg_5287_reg[31]'
INFO: [Synth 8-3886] merging instance 'inst/i_4_0/ap_phi_reg_pp2_iter2_feats_0_reg_5287_reg[13]' (FDE) to 'inst/i_4_0/ap_phi_reg_pp2_iter2_feats_0_reg_5287_reg[31]'
INFO: [Synth 8-3886] merging instance 'inst/i_4_0/ap_phi_reg_pp2_iter2_feats_0_reg_5287_reg[14]' (FDE) to 'inst/i_4_0/ap_phi_reg_pp2_iter2_feats_0_reg_5287_reg[31]'
INFO: [Synth 8-3886] merging instance 'inst/i_4_0/ap_phi_reg_pp2_iter2_feats_0_reg_5287_reg[15]' (FDE) to 'inst/i_4_0/ap_phi_reg_pp2_iter2_feats_0_reg_5287_reg[31]'
INFO: [Synth 8-3886] merging instance 'inst/i_4_0/ap_phi_reg_pp2_iter2_feats_0_reg_5287_reg[16]' (FDE) to 'inst/i_4_0/ap_phi_reg_pp2_iter2_feats_0_reg_5287_reg[31]'
INFO: [Synth 8-3886] merging instance 'inst/i_4_0/ap_phi_reg_pp2_iter2_feats_0_reg_5287_reg[17]' (FDE) to 'inst/i_4_0/ap_phi_reg_pp2_iter2_feats_0_reg_5287_reg[31]'
INFO: [Synth 8-3886] merging instance 'inst/i_4_0/ap_phi_reg_pp2_iter2_feats_0_reg_5287_reg[18]' (FDE) to 'inst/i_4_0/ap_phi_reg_pp2_iter2_feats_0_reg_5287_reg[31]'
INFO: [Synth 8-3886] merging instance 'inst/i_4_0/ap_phi_reg_pp2_iter2_feats_0_reg_5287_reg[19]' (FDE) to 'inst/i_4_0/ap_phi_reg_pp2_iter2_feats_0_reg_5287_reg[31]'
INFO: [Synth 8-3886] merging instance 'inst/i_4_0/ap_phi_reg_pp2_iter2_feats_0_reg_5287_reg[20]' (FDE) to 'inst/i_4_0/ap_phi_reg_pp2_iter2_feats_0_reg_5287_reg[31]'
INFO: [Synth 8-3886] merging instance 'inst/i_4_0/ap_phi_reg_pp2_iter2_feats_0_reg_5287_reg[21]' (FDE) to 'inst/i_4_0/ap_phi_reg_pp2_iter2_feats_0_reg_5287_reg[31]'
INFO: [Synth 8-3886] merging instance 'inst/i_4_0/ap_phi_reg_pp2_iter2_feats_0_reg_5287_reg[22]' (FDE) to 'inst/i_4_0/ap_phi_reg_pp2_iter2_feats_0_reg_5287_reg[31]'
INFO: [Synth 8-3886] merging instance 'inst/i_4_0/ap_phi_reg_pp2_iter2_feats_0_reg_5287_reg[23]' (FDE) to 'inst/i_4_0/ap_phi_reg_pp2_iter2_feats_0_reg_5287_reg[31]'
INFO: [Synth 8-3886] merging instance 'inst/i_4_0/ap_phi_reg_pp2_iter2_feats_0_reg_5287_reg[24]' (FDE) to 'inst/i_4_0/ap_phi_reg_pp2_iter2_feats_0_reg_5287_reg[31]'
INFO: [Synth 8-3886] merging instance 'inst/i_4_0/ap_phi_reg_pp2_iter2_feats_0_reg_5287_reg[25]' (FDE) to 'inst/i_4_0/ap_phi_reg_pp2_iter2_feats_0_reg_5287_reg[31]'
INFO: [Synth 8-3886] merging instance 'inst/i_4_0/ap_phi_reg_pp2_iter2_feats_0_reg_5287_reg[26]' (FDE) to 'inst/i_4_0/ap_phi_reg_pp2_iter2_feats_0_reg_5287_reg[31]'
INFO: [Synth 8-3886] merging instance 'inst/i_4_0/ap_phi_reg_pp2_iter2_feats_0_reg_5287_reg[27]' (FDE) to 'inst/i_4_0/ap_phi_reg_pp2_iter2_feats_0_reg_5287_reg[31]'
INFO: [Synth 8-3886] merging instance 'inst/i_4_0/ap_phi_reg_pp2_iter2_feats_0_reg_5287_reg[28]' (FDE) to 'inst/i_4_0/ap_phi_reg_pp2_iter2_feats_0_reg_5287_reg[31]'
INFO: [Synth 8-3886] merging instance 'inst/i_4_0/ap_phi_reg_pp2_iter2_feats_0_reg_5287_reg[29]' (FDE) to 'inst/i_4_0/ap_phi_reg_pp2_iter2_feats_0_reg_5287_reg[31]'
INFO: [Synth 8-3886] merging instance 'inst/i_4_0/ap_phi_reg_pp2_iter2_feats_0_reg_5287_reg[30]' (FDE) to 'inst/i_4_0/ap_phi_reg_pp2_iter2_feats_0_reg_5287_reg[31]'
INFO: [Synth 8-3886] merging instance 'inst/i_4_0/ap_phi_reg_pp2_iter3_feats_0_reg_5287_reg[0]' (FDE) to 'inst/i_4_0/ap_phi_reg_pp2_iter3_feats_0_reg_5287_reg[31]'
INFO: [Synth 8-3886] merging instance 'inst/i_4_0/ap_phi_reg_pp2_iter3_feats_0_reg_5287_reg[1]' (FDE) to 'inst/i_4_0/ap_phi_reg_pp2_iter3_feats_0_reg_5287_reg[31]'
INFO: [Synth 8-3886] merging instance 'inst/i_4_0/ap_phi_reg_pp2_iter3_feats_0_reg_5287_reg[2]' (FDE) to 'inst/i_4_0/ap_phi_reg_pp2_iter3_feats_0_reg_5287_reg[31]'
INFO: [Synth 8-3886] merging instance 'inst/i_4_0/ap_phi_reg_pp2_iter3_feats_0_reg_5287_reg[3]' (FDE) to 'inst/i_4_0/ap_phi_reg_pp2_iter3_feats_0_reg_5287_reg[31]'
INFO: [Synth 8-3886] merging instance 'inst/i_4_0/ap_phi_reg_pp2_iter3_feats_0_reg_5287_reg[4]' (FDE) to 'inst/i_4_0/ap_phi_reg_pp2_iter3_feats_0_reg_5287_reg[31]'
INFO: [Synth 8-3886] merging instance 'inst/i_4_0/ap_phi_reg_pp2_iter3_feats_0_reg_5287_reg[5]' (FDE) to 'inst/i_4_0/ap_phi_reg_pp2_iter3_feats_0_reg_5287_reg[31]'
INFO: [Synth 8-3886] merging instance 'inst/i_4_0/ap_phi_reg_pp2_iter3_feats_0_reg_5287_reg[6]' (FDE) to 'inst/i_4_0/ap_phi_reg_pp2_iter3_feats_0_reg_5287_reg[31]'
INFO: [Synth 8-3886] merging instance 'inst/i_4_0/ap_phi_reg_pp2_iter3_feats_0_reg_5287_reg[7]' (FDE) to 'inst/i_4_0/ap_phi_reg_pp2_iter3_feats_0_reg_5287_reg[31]'
INFO: [Synth 8-3886] merging instance 'inst/i_4_0/ap_phi_reg_pp2_iter3_feats_0_reg_5287_reg[8]' (FDE) to 'inst/i_4_0/ap_phi_reg_pp2_iter3_feats_0_reg_5287_reg[31]'
INFO: [Synth 8-3886] merging instance 'inst/i_4_0/ap_phi_reg_pp2_iter3_feats_0_reg_5287_reg[9]' (FDE) to 'inst/i_4_0/ap_phi_reg_pp2_iter3_feats_0_reg_5287_reg[31]'
INFO: [Synth 8-3886] merging instance 'inst/i_4_0/ap_phi_reg_pp2_iter3_feats_0_reg_5287_reg[10]' (FDE) to 'inst/i_4_0/ap_phi_reg_pp2_iter3_feats_0_reg_5287_reg[31]'
INFO: [Synth 8-3886] merging instance 'inst/i_4_0/ap_phi_reg_pp2_iter3_feats_0_reg_5287_reg[11]' (FDE) to 'inst/i_4_0/ap_phi_reg_pp2_iter3_feats_0_reg_5287_reg[31]'
INFO: [Synth 8-3886] merging instance 'inst/i_4_0/ap_phi_reg_pp2_iter3_feats_0_reg_5287_reg[12]' (FDE) to 'inst/i_4_0/ap_phi_reg_pp2_iter3_feats_0_reg_5287_reg[31]'
INFO: [Synth 8-3886] merging instance 'inst/i_4_0/ap_phi_reg_pp2_iter3_feats_0_reg_5287_reg[13]' (FDE) to 'inst/i_4_0/ap_phi_reg_pp2_iter3_feats_0_reg_5287_reg[31]'
INFO: [Synth 8-3886] merging instance 'inst/i_4_0/ap_phi_reg_pp2_iter3_feats_0_reg_5287_reg[14]' (FDE) to 'inst/i_4_0/ap_phi_reg_pp2_iter3_feats_0_reg_5287_reg[31]'
INFO: [Synth 8-3886] merging instance 'inst/i_4_0/ap_phi_reg_pp2_iter3_feats_0_reg_5287_reg[15]' (FDE) to 'inst/i_4_0/ap_phi_reg_pp2_iter3_feats_0_reg_5287_reg[31]'
INFO: [Synth 8-3886] merging instance 'inst/i_4_0/ap_phi_reg_pp2_iter3_feats_0_reg_5287_reg[16]' (FDE) to 'inst/i_4_0/ap_phi_reg_pp2_iter3_feats_0_reg_5287_reg[31]'
INFO: [Synth 8-3886] merging instance 'inst/i_4_0/ap_phi_reg_pp2_iter3_feats_0_reg_5287_reg[17]' (FDE) to 'inst/i_4_0/ap_phi_reg_pp2_iter3_feats_0_reg_5287_reg[31]'
INFO: [Synth 8-3886] merging instance 'inst/i_4_0/ap_phi_reg_pp2_iter3_feats_0_reg_5287_reg[18]' (FDE) to 'inst/i_4_0/ap_phi_reg_pp2_iter3_feats_0_reg_5287_reg[31]'
INFO: [Synth 8-3886] merging instance 'inst/i_4_0/ap_phi_reg_pp2_iter3_feats_0_reg_5287_reg[19]' (FDE) to 'inst/i_4_0/ap_phi_reg_pp2_iter3_feats_0_reg_5287_reg[31]'
INFO: [Synth 8-3886] merging instance 'inst/i_4_0/ap_phi_reg_pp2_iter3_feats_0_reg_5287_reg[20]' (FDE) to 'inst/i_4_0/ap_phi_reg_pp2_iter3_feats_0_reg_5287_reg[31]'
INFO: [Synth 8-3886] merging instance 'inst/i_4_0/ap_phi_reg_pp2_iter3_feats_0_reg_5287_reg[21]' (FDE) to 'inst/i_4_0/ap_phi_reg_pp2_iter3_feats_0_reg_5287_reg[31]'
INFO: [Synth 8-3886] merging instance 'inst/i_4_0/ap_phi_reg_pp2_iter3_feats_0_reg_5287_reg[22]' (FDE) to 'inst/i_4_0/ap_phi_reg_pp2_iter3_feats_0_reg_5287_reg[31]'
INFO: [Synth 8-3886] merging instance 'inst/i_4_0/ap_phi_reg_pp2_iter3_feats_0_reg_5287_reg[23]' (FDE) to 'inst/i_4_0/ap_phi_reg_pp2_iter3_feats_0_reg_5287_reg[31]'
INFO: [Synth 8-3886] merging instance 'inst/i_4_0/ap_phi_reg_pp2_iter3_feats_0_reg_5287_reg[24]' (FDE) to 'inst/i_4_0/ap_phi_reg_pp2_iter3_feats_0_reg_5287_reg[31]'
INFO: [Synth 8-3886] merging instance 'inst/i_4_0/ap_phi_reg_pp2_iter3_feats_0_reg_5287_reg[25]' (FDE) to 'inst/i_4_0/ap_phi_reg_pp2_iter3_feats_0_reg_5287_reg[31]'
INFO: [Synth 8-3886] merging instance 'inst/i_4_0/ap_phi_reg_pp2_iter3_feats_0_reg_5287_reg[26]' (FDE) to 'inst/i_4_0/ap_phi_reg_pp2_iter3_feats_0_reg_5287_reg[31]'
INFO: [Synth 8-3886] merging instance 'inst/i_4_0/ap_phi_reg_pp2_iter3_feats_0_reg_5287_reg[27]' (FDE) to 'inst/i_4_0/ap_phi_reg_pp2_iter3_feats_0_reg_5287_reg[31]'
INFO: [Synth 8-3886] merging instance 'inst/i_4_0/ap_phi_reg_pp2_iter3_feats_0_reg_5287_reg[28]' (FDE) to 'inst/i_4_0/ap_phi_reg_pp2_iter3_feats_0_reg_5287_reg[31]'
INFO: [Synth 8-3886] merging instance 'inst/i_4_0/ap_phi_reg_pp2_iter3_feats_0_reg_5287_reg[29]' (FDE) to 'inst/i_4_0/ap_phi_reg_pp2_iter3_feats_0_reg_5287_reg[31]'
INFO: [Synth 8-3886] merging instance 'inst/i_4_0/ap_phi_reg_pp2_iter3_feats_0_reg_5287_reg[30]' (FDE) to 'inst/i_4_0/ap_phi_reg_pp2_iter3_feats_0_reg_5287_reg[31]'
INFO: [Synth 8-3886] merging instance 'inst/i_4_0/ap_phi_reg_pp2_iter4_feats_0_reg_5287_reg[0]' (FDE) to 'inst/i_4_0/ap_phi_reg_pp2_iter4_feats_0_reg_5287_reg[1]'
INFO: [Synth 8-3886] merging instance 'inst/i_4_0/ap_phi_reg_pp2_iter4_feats_0_reg_5287_reg[1]' (FDE) to 'inst/i_4_0/ap_phi_reg_pp2_iter4_feats_0_reg_5287_reg[2]'
INFO: [Synth 8-3886] merging instance 'inst/i_4_0/ap_phi_reg_pp2_iter4_feats_0_reg_5287_reg[2]' (FDE) to 'inst/i_4_0/ap_phi_reg_pp2_iter4_feats_0_reg_5287_reg[3]'
INFO: [Synth 8-3886] merging instance 'inst/i_4_0/ap_phi_reg_pp2_iter4_feats_0_reg_5287_reg[3]' (FDE) to 'inst/i_4_0/ap_phi_reg_pp2_iter4_feats_0_reg_5287_reg[4]'
INFO: [Synth 8-3886] merging instance 'inst/i_4_0/ap_phi_reg_pp2_iter4_feats_0_reg_5287_reg[4]' (FDE) to 'inst/i_4_0/ap_phi_reg_pp2_iter4_feats_0_reg_5287_reg[5]'
INFO: [Synth 8-3886] merging instance 'inst/i_4_0/ap_phi_reg_pp2_iter4_feats_0_reg_5287_reg[5]' (FDE) to 'inst/i_4_0/ap_phi_reg_pp2_iter4_feats_0_reg_5287_reg[6]'
INFO: [Synth 8-3886] merging instance 'inst/i_4_0/ap_phi_reg_pp2_iter4_feats_0_reg_5287_reg[6]' (FDE) to 'inst/i_4_0/ap_phi_reg_pp2_iter4_feats_0_reg_5287_reg[7]'
INFO: [Common 17-14] Message 'Synth 8-3886' appears 100 times and further instances of the messages will be disabled. Use the Tcl command set_msg_config to change the current settings.
INFO: [Synth 8-3333] propagating constant 0 across sequential element (inst/i_4_0/\byte_statistics_epcA_U10/byte_statistics_engine_ap_fsqrt_5_no_dsp_32_u/U0 /i_synth/\SQRT_OP.SPD.OP/i_mant_calc.MANT_SQRT/RT[6].Q_DEL/i_pipe/opt_has_pipe.first_q_reg[7] )
INFO: [Synth 8-3333] propagating constant 1 across sequential element (inst/i_4_0/\byte_statistics_elbW_U3/ce_r_reg )
INFO: [Synth 8-3333] propagating constant 1 across sequential element (inst/i_4_0/\byte_statistics_epcA_U10/ce_r_reg )
INFO: [Synth 8-3333] propagating constant 1 across sequential element (inst/i_4_0/\byte_statistics_ekbM_U2/ce_r_reg )
INFO: [Synth 8-3333] propagating constant 0 across sequential element (inst/i_4_0/\ap_phi_reg_pp2_iter2_feats_0_reg_5287_reg[31] )
INFO: [Synth 8-3333] propagating constant 0 across sequential element (inst/i_4_0/\byte_statistics_epcA_U10/byte_statistics_engine_ap_fsqrt_5_no_dsp_32_u/U0 /i_synth/\SQRT_OP.SPD.OP/i_mant_calc.MANT_SQRT/RT[6].Q_DEL/i_pipe/opt_has_pipe.first_q_reg[7] )
INFO: [Synth 8-3333] propagating constant 0 across sequential element (inst/i_4_0/\ap_phi_reg_pp2_iter3_feats_0_reg_5287_reg[31] )
INFO: [Synth 8-3333] propagating constant 0 across sequential element (inst/i_4_0/\byte_statistics_epcA_U10/byte_statistics_engine_ap_fsqrt_5_no_dsp_32_u/U0 /i_synth/\SQRT_OP.SPD.OP/i_mant_calc.MANT_SQRT/RT[6].Q_DEL/i_pipe/opt_has_pipe.first_q_reg[7] )
INFO: [Synth 8-3333] propagating constant 0 across sequential element (inst/i_4_0/\ap_phi_reg_pp2_iter4_feats_0_reg_5287_reg[31] )
INFO: [Synth 8-3333] propagating constant 0 across sequential element (inst/i_4_0/\ap_phi_reg_pp2_iter5_feats_0_reg_5287_reg[31] )
INFO: [Synth 8-3333] propagating constant 0 across sequential element (inst/i_4_0/\ap_phi_reg_pp2_iter6_feats_0_reg_5287_reg[31] )
INFO: [Synth 8-3333] propagating constant 0 across sequential element (inst/i_4_0/\ap_phi_reg_pp2_iter7_feats_0_reg_5287_reg[31] )
INFO: [Synth 8-3333] propagating constant 0 across sequential element (inst/i_4_0/\ap_phi_reg_pp2_iter8_feats_0_reg_5287_reg[31] )
INFO: [Synth 8-3333] propagating constant 0 across sequential element (inst/i_4_0/\ap_phi_reg_pp2_iter9_feats_0_reg_5287_reg[31] )
INFO: [Synth 8-3333] propagating constant 0 across sequential element (inst/i_4_0/\ap_phi_reg_pp2_iter10_feats_0_reg_5287_reg[31] )
INFO: [Synth 8-3333] propagating constant 0 across sequential element (inst/i_4_0/\ap_phi_reg_pp2_iter11_feats_0_reg_5287_reg[31] )
INFO: [Synth 8-3333] propagating constant 0 across sequential element (inst/i_4_0/\ap_phi_reg_pp2_iter12_feats_0_reg_5287_reg[31] )
INFO: [Synth 8-3333] propagating constant 0 across sequential element (inst/i_4_0/\ap_phi_reg_pp2_iter13_feats_0_reg_5287_reg[31] )
INFO: [Synth 8-3333] propagating constant 0 across sequential element (inst/i_4_1/\byte_statistics_eqcK_U11/byte_statistics_engine_ap_flog_4_full_dsp_32_u/U0 /i_synth/\LOG_OP.OP/rr/mul/gen_iter[1].rr_mult/ez_iteration_1.ez_delay/i_pipe/opt_has_pipe.first_q_reg[27] )
INFO: [Synth 8-3333] propagating constant 0 across sequential element (inst/i_4_1/\byte_statistics_encg_U8/byte_statistics_engine_ap_uitofp_1_no_dsp_32_u/U0 /i_synth/\FIX_TO_FLT_OP.SPD.OP/OP/RESULT_REG.NORMAL.sign_op_reg )
INFO: [Synth 8-3333] propagating constant 1 across sequential element (inst/i_4_1/\byte_statistics_eqcK_U11/ce_r_reg )
INFO: [Synth 8-3333] propagating constant 0 across sequential element (inst/i_4_1/\byte_statistics_encg_U8/dout_r_reg[31] )
INFO: [Synth 8-3332] Sequential element (ADDSUB_OP.ADDSUB/SPEED_OP.DSP.OP/DSP48E1_BODY.NORM_RND/FULL_USAGE_DSP.LOD/dist_norm_reg[1]) is unused and will be removed from module floating_point_v7_1_7_viv.
INFO: [Synth 8-3332] Sequential element (ADDSUB_OP.ADDSUB/SPEED_OP.DSP.OP/DSP48E1_BODY.NORM_RND/FULL_USAGE_DSP.LOD/dist_norm_reg[0]) is unused and will be removed from module floating_point_v7_1_7_viv.
INFO: [Synth 8-3333] propagating constant 1 across sequential element (inst/i_4_2/\byte_statistics_emb6_U5/ce_r_reg )
WARNING: [Synth 8-3332] Sequential element (FSM_onehot_wstate_reg[0]) is unused and will be removed from module byte_statistics_engine_CTRL_s_axi.
WARNING: [Synth 8-3332] Sequential element (FSM_onehot_rstate_reg[0]) is unused and will be removed from module byte_statistics_engine_CTRL_s_axi.
INFO: [Synth 8-3333] propagating constant 0 across sequential element (inst/i_4_4/\byte_statistics_encg_U7/byte_statistics_engine_ap_uitofp_1_no_dsp_32_u/U0 /i_synth/\FIX_TO_FLT_OP.SPD.OP/OP/RESULT_REG.NORMAL.sign_op_reg )
INFO: [Synth 8-3333] propagating constant 0 across sequential element (inst/i_4_4/\byte_statistics_encg_U6/byte_statistics_engine_ap_uitofp_1_no_dsp_32_u/U0 /i_synth/\FIX_TO_FLT_OP.SPD.OP/OP/RESULT_REG.NORMAL.sign_op_reg )
INFO: [Synth 8-3333] propagating constant 1 across sequential element (inst/i_4_4/\byte_statistics_encg_U6/ce_r_reg )
INFO: [Synth 8-3333] propagating constant 0 across sequential element (inst/i_4_4/\byte_statistics_encg_U7/dout_r_reg[31] )
INFO: [Synth 8-3333] propagating constant 0 across sequential element (inst/i_4_4/\byte_statistics_encg_U6/dout_r_reg[31] )
INFO: [Synth 8-3333] propagating constant 0 across sequential element (inst/i_4_2/\reg_5382_reg[31] )
INFO: [Synth 8-3333] propagating constant 0 across sequential element (inst/i_4_2/\reg_5367_reg[31] )
INFO: [Synth 8-3333] propagating constant 0 across sequential element (inst/i_4_2/\reg_5375_reg[31] )
INFO: [Synth 8-3333] propagating constant 0 across sequential element (inst/i_4_2/\N_reg_12406_reg[31] )
INFO: [Synth 8-3333] propagating constant 0 across sequential element (inst/i_4_2/\byte_statistics_emb6_U4/din0_buf1_reg[31] )
INFO: [Synth 8-3333] propagating constant 0 across sequential element (inst/i_4_2/\byte_statistics_emb6_U5/din1_buf1_reg[31] )
INFO: [Synth 8-3333] propagating constant 0 across sequential element (inst/i_4_0/\reg_5434_reg[31] )
INFO: [Synth 8-3333] propagating constant 0 across sequential element (inst/i_4_2/\byte_statistics_emb6_U5/din0_buf1_reg[31] )
---------------------------------------------------------------------------------
Finished Cross Boundary and Area Optimization : Time (s): cpu = 00:03:30 ; elapsed = 00:03:39 . Memory (MB): peak = 1814.633 ; gain = 1529.188
---------------------------------------------------------------------------------
INFO: [Synth 8-6837] The timing for the instance inst/i_4_3/hist_0_V_U/byte_statistics_ebkb_ram_U/i_/hist_0_V_U/byte_statistics_ebkb_ram_U/ram_reg_bram_0 (implemented as a Block RAM) might be sub-optimal as no optional output register could be merged into the block ram. Providing additional output register may help in improving timing.
INFO: [Synth 8-6837] The timing for the instance inst/i_4_3/hist_0_V_U/byte_statistics_ebkb_ram_U/i_/hist_0_V_U/byte_statistics_ebkb_ram_U/ram_reg_bram_0 (implemented as a Block RAM) might be sub-optimal as no optional output register could be merged into the block ram. Providing additional output register may help in improving timing.
INFO: [Synth 8-6837] The timing for the instance inst/i_4_3/hist_1_V_U/byte_statistics_ebkb_ram_U/i_/hist_1_V_U/byte_statistics_ebkb_ram_U/ram_reg_bram_0 (implemented as a Block RAM) might be sub-optimal as no optional output register could be merged into the block ram. Providing additional output register may help in improving timing.
INFO: [Synth 8-6837] The timing for the instance inst/i_4_3/hist_1_V_U/byte_statistics_ebkb_ram_U/i_/hist_1_V_U/byte_statistics_ebkb_ram_U/ram_reg_bram_0 (implemented as a Block RAM) might be sub-optimal as no optional output register could be merged into the block ram. Providing additional output register may help in improving timing.
INFO: [Synth 8-6837] The timing for the instance inst/i_4_3/hist_2_V_U/byte_statistics_ebkb_ram_U/i_/hist_2_V_U/byte_statistics_ebkb_ram_U/ram_reg_bram_0 (implemented as a Block RAM) might be sub-optimal as no optional output register could be merged into the block ram. Providing additional output register may help in improving timing.
INFO: [Synth 8-6837] The timing for the instance inst/i_4_3/hist_2_V_U/byte_statistics_ebkb_ram_U/i_/hist_2_V_U/byte_statistics_ebkb_ram_U/ram_reg_bram_0 (implemented as a Block RAM) might be sub-optimal as no optional output register could be merged into the block ram. Providing additional output register may help in improving timing.
INFO: [Synth 8-6837] The timing for the instance inst/i_4_3/hist_3_V_U/byte_statistics_ebkb_ram_U/i_/hist_3_V_U/byte_statistics_ebkb_ram_U/ram_reg_bram_0 (implemented as a Block RAM) might be sub-optimal as no optional output register could be merged into the block ram. Providing additional output register may help in improving timing.
INFO: [Synth 8-6837] The timing for the instance inst/i_4_3/hist_3_V_U/byte_statistics_ebkb_ram_U/i_/hist_3_V_U/byte_statistics_ebkb_ram_U/ram_reg_bram_0 (implemented as a Block RAM) might be sub-optimal as no optional output register could be merged into the block ram. Providing additional output register may help in improving timing.
INFO: [Synth 8-6837] The timing for the instance inst/i_4_3/hist_4_V_U/byte_statistics_ebkb_ram_U/i_/hist_4_V_U/byte_statistics_ebkb_ram_U/ram_reg_bram_0 (implemented as a Block RAM) might be sub-optimal as no optional output register could be merged into the block ram. Providing additional output register may help in improving timing.
INFO: [Synth 8-6837] The timing for the instance inst/i_4_3/hist_4_V_U/byte_statistics_ebkb_ram_U/i_/hist_4_V_U/byte_statistics_ebkb_ram_U/ram_reg_bram_0 (implemented as a Block RAM) might be sub-optimal as no optional output register could be merged into the block ram. Providing additional output register may help in improving timing.
INFO: [Synth 8-6837] The timing for the instance inst/i_4_3/hist_5_V_U/byte_statistics_ebkb_ram_U/i_/hist_5_V_U/byte_statistics_ebkb_ram_U/ram_reg_bram_0 (implemented as a Block RAM) might be sub-optimal as no optional output register could be merged into the block ram. Providing additional output register may help in improving timing.
INFO: [Synth 8-6837] The timing for the instance inst/i_4_3/hist_5_V_U/byte_statistics_ebkb_ram_U/i_/hist_5_V_U/byte_statistics_ebkb_ram_U/ram_reg_bram_0 (implemented as a Block RAM) might be sub-optimal as no optional output register could be merged into the block ram. Providing additional output register may help in improving timing.
INFO: [Synth 8-6837] The timing for the instance inst/i_4_3/hist_6_V_U/byte_statistics_ebkb_ram_U/i_/hist_6_V_U/byte_statistics_ebkb_ram_U/ram_reg_bram_0 (implemented as a Block RAM) might be sub-optimal as no optional output register could be merged into the block ram. Providing additional output register may help in improving timing.
INFO: [Synth 8-6837] The timing for the instance inst/i_4_3/hist_6_V_U/byte_statistics_ebkb_ram_U/i_/hist_6_V_U/byte_statistics_ebkb_ram_U/ram_reg_bram_0 (implemented as a Block RAM) might be sub-optimal as no optional output register could be merged into the block ram. Providing additional output register may help in improving timing.
INFO: [Synth 8-6837] The timing for the instance inst/i_4_3/hist_7_V_U/byte_statistics_ebkb_ram_U/i_/hist_7_V_U/byte_statistics_ebkb_ram_U/ram_reg_bram_0 (implemented as a Block RAM) might be sub-optimal as no optional output register could be merged into the block ram. Providing additional output register may help in improving timing.
INFO: [Synth 8-6837] The timing for the instance inst/i_4_3/hist_7_V_U/byte_statistics_ebkb_ram_U/i_/hist_7_V_U/byte_statistics_ebkb_ram_U/ram_reg_bram_0 (implemented as a Block RAM) might be sub-optimal as no optional output register could be merged into the block ram. Providing additional output register may help in improving timing.

Report RTL Partitions: 
+------+----------------------------+------------+----------+
|      |RTL Partition               |Replication |Instances |
+------+----------------------------+------------+----------+
|1     |byte_statistics_engine__GB0 |           1|     24692|
|2     |byte_statistics_engine__GB1 |           1|      5375|
|3     |byte_statistics_engine__GB2 |           1|      7085|
|4     |byte_statistics_engine__GB3 |           1|     14513|
|5     |byte_statistics_engine__GB4 |           1|      4315|
+------+----------------------------+------------+----------+
---------------------------------------------------------------------------------
Start Applying XDC Timing Constraints
---------------------------------------------------------------------------------
---------------------------------------------------------------------------------
Finished Applying XDC Timing Constraints : Time (s): cpu = 00:03:47 ; elapsed = 00:04:01 . Memory (MB): peak = 2122.129 ; gain = 1836.684
---------------------------------------------------------------------------------
---------------------------------------------------------------------------------
Start Timing Optimization
---------------------------------------------------------------------------------
---------------------------------------------------------------------------------
Finished Timing Optimization : Time (s): cpu = 00:03:56 ; elapsed = 00:04:10 . Memory (MB): peak = 2161.770 ; gain = 1876.324
---------------------------------------------------------------------------------

Report RTL Partitions: 
+------+----------------------------+------------+----------+
|      |RTL Partition               |Replication |Instances |
+------+----------------------------+------------+----------+
|1     |byte_statistics_engine__GB0 |           1|     24692|
|2     |byte_statistics_engine__GB1 |           1|      5389|
|3     |byte_statistics_engine__GB2 |           1|      7085|
|4     |byte_statistics_engine__GB3 |           1|     14513|
|5     |byte_statistics_engine__GB4 |           1|      4343|
+------+----------------------------+------------+----------+
---------------------------------------------------------------------------------
Start Technology Mapping
---------------------------------------------------------------------------------
INFO: [Synth 8-3333] propagating constant 0 across sequential element (inst/\p_0412_2_reg_4991_reg[0] )
INFO: [Synth 8-6837] The timing for the instance inst/hist_0_V_U/byte_statistics_ebkb_ram_U/ram_reg_bram_0 (implemented as a Block RAM) might be sub-optimal as no optional output register could be merged into the block ram. Providing additional output register may help in improving timing.
INFO: [Synth 8-6837] The timing for the instance inst/hist_0_V_U/byte_statistics_ebkb_ram_U/ram_reg_bram_0 (implemented as a Block RAM) might be sub-optimal as no optional output register could be merged into the block ram. Providing additional output register may help in improving timing.
INFO: [Synth 8-6837] The timing for the instance inst/hist_1_V_U/byte_statistics_ebkb_ram_U/ram_reg_bram_0 (implemented as a Block RAM) might be sub-optimal as no optional output register could be merged into the block ram. Providing additional output register may help in improving timing.
INFO: [Synth 8-6837] The timing for the instance inst/hist_1_V_U/byte_statistics_ebkb_ram_U/ram_reg_bram_0 (implemented as a Block RAM) might be sub-optimal as no optional output register could be merged into the block ram. Providing additional output register may help in improving timing.
INFO: [Synth 8-6837] The timing for the instance inst/hist_2_V_U/byte_statistics_ebkb_ram_U/ram_reg_bram_0 (implemented as a Block RAM) might be sub-optimal as no optional output register could be merged into the block ram. Providing additional output register may help in improving timing.
INFO: [Synth 8-6837] The timing for the instance inst/hist_2_V_U/byte_statistics_ebkb_ram_U/ram_reg_bram_0 (implemented as a Block RAM) might be sub-optimal as no optional output register could be merged into the block ram. Providing additional output register may help in improving timing.
INFO: [Synth 8-6837] The timing for the instance inst/hist_3_V_U/byte_statistics_ebkb_ram_U/ram_reg_bram_0 (implemented as a Block RAM) might be sub-optimal as no optional output register could be merged into the block ram. Providing additional output register may help in improving timing.
INFO: [Synth 8-6837] The timing for the instance inst/hist_3_V_U/byte_statistics_ebkb_ram_U/ram_reg_bram_0 (implemented as a Block RAM) might be sub-optimal as no optional output register could be merged into the block ram. Providing additional output register may help in improving timing.
INFO: [Synth 8-6837] The timing for the instance inst/hist_4_V_U/byte_statistics_ebkb_ram_U/ram_reg_bram_0 (implemented as a Block RAM) might be sub-optimal as no optional output register could be merged into the block ram. Providing additional output register may help in improving timing.
INFO: [Synth 8-6837] The timing for the instance inst/hist_4_V_U/byte_statistics_ebkb_ram_U/ram_reg_bram_0 (implemented as a Block RAM) might be sub-optimal as no optional output register could be merged into the block ram. Providing additional output register may help in improving timing.
INFO: [Synth 8-6837] The timing for the instance inst/hist_5_V_U/byte_statistics_ebkb_ram_U/ram_reg_bram_0 (implemented as a Block RAM) might be sub-optimal as no optional output register could be merged into the block ram. Providing additional output register may help in improving timing.
INFO: [Synth 8-6837] The timing for the instance inst/hist_5_V_U/byte_statistics_ebkb_ram_U/ram_reg_bram_0 (implemented as a Block RAM) might be sub-optimal as no optional output register could be merged into the block ram. Providing additional output register may help in improving timing.
INFO: [Synth 8-6837] The timing for the instance inst/hist_6_V_U/byte_statistics_ebkb_ram_U/ram_reg_bram_0 (implemented as a Block RAM) might be sub-optimal as no optional output register could be merged into the block ram. Providing additional output register may help in improving timing.
INFO: [Synth 8-6837] The timing for the instance inst/hist_6_V_U/byte_statistics_ebkb_ram_U/ram_reg_bram_0 (implemented as a Block RAM) might be sub-optimal as no optional output register could be merged into the block ram. Providing additional output register may help in improving timing.
INFO: [Synth 8-6837] The timing for the instance inst/hist_7_V_U/byte_statistics_ebkb_ram_U/ram_reg_bram_0 (implemented as a Block RAM) might be sub-optimal as no optional output register could be merged into the block ram. Providing additional output register may help in improving timing.
INFO: [Synth 8-6837] The timing for the instance inst/hist_7_V_U/byte_statistics_ebkb_ram_U/ram_reg_bram_0 (implemented as a Block RAM) might be sub-optimal as no optional output register could be merged into the block ram. Providing additional output register may help in improving timing.
---------------------------------------------------------------------------------
Finished Technology Mapping : Time (s): cpu = 00:04:20 ; elapsed = 00:04:35 . Memory (MB): peak = 2214.836 ; gain = 1929.391
---------------------------------------------------------------------------------

Report RTL Partitions: 
+-+--------------+------------+----------+
| |RTL Partition |Replication |Instances |
+-+--------------+------------+----------+
+-+--------------+------------+----------+
---------------------------------------------------------------------------------
Start IO Insertion
---------------------------------------------------------------------------------
---------------------------------------------------------------------------------
Start Flattening Before IO Insertion
---------------------------------------------------------------------------------
---------------------------------------------------------------------------------
Finished Flattening Before IO Insertion
---------------------------------------------------------------------------------
---------------------------------------------------------------------------------
Start Final Netlist Cleanup
---------------------------------------------------------------------------------
---------------------------------------------------------------------------------
Finished Final Netlist Cleanup
---------------------------------------------------------------------------------
---------------------------------------------------------------------------------
Finished IO Insertion : Time (s): cpu = 00:04:26 ; elapsed = 00:04:41 . Memory (MB): peak = 2214.836 ; gain = 1929.391
---------------------------------------------------------------------------------

Report Check Netlist: 
+------+------------------+-------+---------+-------+------------------+
|      |Item              |Errors |Warnings |Status |Description       |
+------+------------------+-------+---------+-------+------------------+
|1     |multi_driven_nets |      0|        0|Passed |Multi driven nets |
+------+------------------+-------+---------+-------+------------------+
---------------------------------------------------------------------------------
Start Renaming Generated Instances
---------------------------------------------------------------------------------
---------------------------------------------------------------------------------
Finished Renaming Generated Instances : Time (s): cpu = 00:04:27 ; elapsed = 00:04:41 . Memory (MB): peak = 2214.836 ; gain = 1929.391
---------------------------------------------------------------------------------

Report RTL Partitions: 
+-+--------------+------------+----------+
| |RTL Partition |Replication |Instances |
+-+--------------+------------+----------+
+-+--------------+------------+----------+
---------------------------------------------------------------------------------
Start Rebuilding User Hierarchy
---------------------------------------------------------------------------------
---------------------------------------------------------------------------------
Finished Rebuilding User Hierarchy : Time (s): cpu = 00:04:32 ; elapsed = 00:04:47 . Memory (MB): peak = 2214.836 ; gain = 1929.391
---------------------------------------------------------------------------------
---------------------------------------------------------------------------------
Start Renaming Generated Ports
---------------------------------------------------------------------------------
---------------------------------------------------------------------------------
Finished Renaming Generated Ports : Time (s): cpu = 00:04:32 ; elapsed = 00:04:47 . Memory (MB): peak = 2214.836 ; gain = 1929.391
---------------------------------------------------------------------------------
---------------------------------------------------------------------------------
Start Handling Custom Attributes
---------------------------------------------------------------------------------
---------------------------------------------------------------------------------
Finished Handling Custom Attributes : Time (s): cpu = 00:04:34 ; elapsed = 00:04:49 . Memory (MB): peak = 2214.836 ; gain = 1929.391
---------------------------------------------------------------------------------
---------------------------------------------------------------------------------
Start Renaming Generated Nets
---------------------------------------------------------------------------------
---------------------------------------------------------------------------------
Finished Renaming Generated Nets : Time (s): cpu = 00:04:34 ; elapsed = 00:04:49 . Memory (MB): peak = 2214.836 ; gain = 1929.391
---------------------------------------------------------------------------------
---------------------------------------------------------------------------------
Start Writing Synthesis Report
---------------------------------------------------------------------------------

Report BlackBoxes: 
+-+--------------+----------+
| |BlackBox name |Instances |
+-+--------------+----------+
+-+--------------+----------+

Report Cell Usage: 
+------+----------------+------+
|      |Cell            |Count |
+------+----------------+------+
|1     |CARRY8          |   157|
|2     |DSP48E1         |    16|
|3     |DSP_ALU_1       |     6|
|4     |DSP_A_B_DATA    |     3|
|5     |DSP_A_B_DATA_1  |     3|
|6     |DSP_C_DATA      |     3|
|7     |DSP_C_DATA_1    |     3|
|8     |DSP_MULTIPLIER  |     6|
|9     |DSP_M_DATA_1    |     6|
|10    |DSP_OUTPUT      |     3|
|11    |DSP_OUTPUT_1    |     3|
|12    |DSP_PREADD      |     6|
|13    |DSP_PREADD_DATA |     6|
|14    |LUT1            |   186|
|15    |LUT2            |   671|
|16    |LUT3            |  2636|
|17    |LUT4            |  2242|
|18    |LUT5            |  1628|
|19    |LUT6            |  5506|
|20    |MUXCY           |  2491|
|21    |MUXF7           |  1203|
|22    |MUXF8           |   514|
|23    |RAMB36E2        |     8|
|24    |SRL16E          |    82|
|25    |XORCY           |  2071|
|26    |FDE             |    12|
|27    |FDRE            | 15722|
|28    |FDSE            |    31|
+------+----------------+------+
---------------------------------------------------------------------------------
Finished Writing Synthesis Report : Time (s): cpu = 00:04:34 ; elapsed = 00:04:49 . Memory (MB): peak = 2214.836 ; gain = 1929.391
---------------------------------------------------------------------------------
Synthesis finished with 0 errors, 0 critical warnings and 19 warnings.
Synthesis Optimization Runtime : Time (s): cpu = 00:03:00 ; elapsed = 00:04:16 . Memory (MB): peak = 2214.836 ; gain = 934.133
Synthesis Optimization Complete : Time (s): cpu = 00:04:34 ; elapsed = 00:04:49 . Memory (MB): peak = 2214.836 ; gain = 1929.391
INFO: [Project 1-571] Translating synthesized netlist
INFO: [Netlist 29-17] Analyzing 6470 Unisim elements for replacement
WARNING: [Netlist 29-100] The DSP48E2 multiplier has increased from 25x18 to 27x18, so automatic retargeting of DSP48E1 primitives when USE_MULT=MULTIPLY requires sign-extension of A[24] to A[25] and A[26]. Net 'Q[24]' has been sign-extended to pin(s) 'A[25]', 'A[26]' of instance 'inst/byte_statistics_eqcK_U11/byte_statistics_engine_ap_flog_4_full_dsp_32_u/U0/i_synth/LOG_OP.OP/rr/mul/dsp_mult.z1_mult/use_prim.appDSP48[0].bppDSP48[0].use_dsp.use_dsp48e1.iDSP48E1'
INFO: [Netlist 29-28] Unisim Transformation completed in 1 CPU seconds
INFO: [Project 1-570] Preparing netlist for logic optimization
INFO: [Opt 31-138] Pushed 0 inverter(s) to 0 load pin(s).
Netlist sorting complete. Time (s): cpu = 00:00:00 ; elapsed = 00:00:00.026 . Memory (MB): peak = 2255.031 ; gain = 0.000
INFO: [Project 1-111] Unisim Transformation Summary:
  A total of 429 instances were transformed.
  (CARRY4) => CARRY8: 395 instances
  DSP48E1 => DSP48E2 (DSP_ALU, DSP_A_B_DATA, DSP_C_DATA, DSP_MULTIPLIER, DSP_M_DATA, DSP_OUTPUT, DSP_PREADD_DATA, DSP_PREADD): 16 instances
  DSP48E2 => DSP48E2 (DSP_ALU, DSP_A_B_DATA, DSP_C_DATA, DSP_MULTIPLIER, DSP_M_DATA, DSP_OUTPUT, DSP_PREADD_DATA, DSP_PREADD): 6 instances
  FDE => FDRE: 12 instances

INFO: [Common 17-83] Releasing license: Synthesis
574 Infos, 217 Warnings, 0 Critical Warnings and 0 Errors encountered.
synth_design completed successfully
synth_design: Time (s): cpu = 00:04:55 ; elapsed = 00:05:11 . Memory (MB): peak = 2255.031 ; gain = 1969.586
Netlist sorting complete. Time (s): cpu = 00:00:00 ; elapsed = 00:00:00.016 . Memory (MB): peak = 2255.031 ; gain = 0.000
WARNING: [Constraints 18-5210] No constraints selected for write.
Resolution: This message can indicate that there are no constraints for the design, or it can indicate that the used_in flags are set such that the constraints are ignored. This later case is used when running synth_design to not write synthesis constraints to the resulting checkpoint. Instead, project constraints are read when the synthesized design is opened.
INFO: [Common 17-1381] The checkpoint 'C:/Users/mcrye/Downloads/bladei_bse_zcu104/bladei_bse_zcu104.runs/bse_byte_statistics_engi_0_0_synth_1/bse_byte_statistics_engi_0_0.dcp' has been generated.
write_checkpoint: Time (s): cpu = 00:00:09 ; elapsed = 00:00:06 . Memory (MB): peak = 2255.031 ; gain = 0.000
write_vhdl: Time (s): cpu = 00:00:05 ; elapsed = 00:00:05 . Memory (MB): peak = 2255.031 ; gain = 0.000
INFO: [Coretcl 2-1648] Added synthesis output to IP cache for IP bse_byte_statistics_engi_0_0, cache-ID = a88278c95e4dfede
INFO: [Coretcl 2-1174] Renamed 658 cell refs.
Netlist sorting complete. Time (s): cpu = 00:00:00 ; elapsed = 00:00:00.026 . Memory (MB): peak = 2255.031 ; gain = 0.000
WARNING: [Constraints 18-5210] No constraints selected for write.
Resolution: This message can indicate that there are no constraints for the design, or it can indicate that the used_in flags are set such that the constraints are ignored. This later case is used when running synth_design to not write synthesis constraints to the resulting checkpoint. Instead, project constraints are read when the synthesized design is opened.
INFO: [Common 17-1381] The checkpoint 'C:/Users/mcrye/Downloads/bladei_bse_zcu104/bladei_bse_zcu104.runs/bse_byte_statistics_engi_0_0_synth_1/bse_byte_statistics_engi_0_0.dcp' has been generated.
write_checkpoint: Time (s): cpu = 00:00:10 ; elapsed = 00:00:06 . Memory (MB): peak = 2255.031 ; gain = 0.000
INFO: [runtcl-4] Executing : report_utilization -file bse_byte_statistics_engi_0_0_utilization_synth.rpt -pb bse_byte_statistics_engi_0_0_utilization_synth.pb
write_vhdl: Time (s): cpu = 00:00:06 ; elapsed = 00:00:05 . Memory (MB): peak = 2255.031 ; gain = 0.000
INFO: [Common 17-206] Exiting Vivado at Sat Jun 27 09:12:40 2026...
